object,load_case,method,src,rel_vm_p99_err,rel_energy_crit_err,n_cells
00400070,compression,grefem_max,extra,0.3006604469671867,0.6648683834048671,88638.0
00400070,compression,grefem_mid,extra,0.3739765113149305,0.7614399104525704,88564.0
00400070,compression,grefem_none,extra,0.2589500130893951,0.5815336852121002,89918.0
00400070,compression,heuristic,extra,0.6829392261627413,0.8958848209542138,85585.0
00400070,compression,heuristic_sub,extra,0.6075506447888915,0.8481614660113381,84503.0
00400070,compression,zz_oracle,extra,0.4662945301652098,0.8327831543254638,80937.0
00490074,compression,grefem_max,extra,0.8483180223642772,0.9636320629424672,6041.0
00490074,compression,grefem_mid,extra,0.9108362856938034,0.9774841962459968,6419.0
00490074,compression,grefem_none,extra,0.890424068200336,0.9765002828770826,6939.0
00490074,compression,heuristic,extra,0.8483180223642772,0.9636320629424672,6041.0
00490074,compression,heuristic_sub,extra,0.8483180223642772,0.9636320629424672,6041.0
00490074,compression,zz_oracle,extra,0.8483180223642772,0.9636320629424672,6041.0
00880050,compression,grefem_max,extra,0.6639742583752102,0.955568488794763,22919.0
00880050,compression,grefem_mid,extra,0.7350694843466136,0.980784582152605,53605.0
00880050,compression,grefem_none,extra,0.8092531050257379,0.9834542518769922,94386.0
00880050,compression,heuristic,extra,0.5611702841529101,0.9156589472958906,22096.0
00880050,compression,heuristic_sub,extra,0.5611702841529101,0.9156589472958906,22096.0
00880050,compression,zz_oracle,extra,0.5912259768301438,0.919738996728272,24101.0
00280029,compression,grefem_max,extra,0.7175442989229729,0.9191580580539414,78564.0
00280029,compression,grefem_mid,extra,0.5819881958194869,0.7167106942996168,66524.0
00280029,compression,grefem_none,extra,0.7788575944522821,0.9589570682049586,79321.0
00280029,compression,heuristic,extra,0.7381506609515343,0.9466772740167478,78684.0
00280029,compression,heuristic_sub,extra,0.7381506609515343,0.9466772740167478,78684.0
00280029,compression,zz_oracle,extra,0.3990612878476166,0.6684357553280097,72052.0
00650012,compression,grefem_max,extra,0.7365316554214479,0.972203289963804,29903.0
00650012,compression,grefem_mid,extra,0.853536288744149,0.9842448681099824,33784.0
00650012,compression,grefem_none,extra,0.6884905082461316,0.9267378435666502,39094.0
00650012,compression,heuristic,extra,0.8210216842588045,0.9732570293043896,25768.0
00650012,compression,heuristic_sub,extra,0.8734698457331111,0.9877686759717086,26367.0
00650012,compression,zz_oracle,extra,0.7527133188489054,0.9650718164064646,28338.0
00270002,compression,grefem_max,extra,0.8088388699268011,0.9709211152892786,83475.0
00270002,compression,grefem_mid,extra,0.5495335619949451,0.8504435808120603,74021.0
00270002,compression,grefem_none,extra,0.5112418277277982,0.7576772912177885,108518.0
00270002,compression,heuristic,extra,0.542307559705021,0.7783727155840308,81874.0
00270002,compression,heuristic_sub,extra,0.5423075597050202,0.778372715584028,81874.0
00270002,compression,zz_oracle,extra,0.4007496763873436,0.7596686509911313,77432.0
00080038,compression,grefem_max,extra,0.6877950474407493,0.9740364715991002,40787.0
00080038,compression,grefem_mid,extra,0.6877950474407493,0.9740364715991002,40787.0
00080038,compression,grefem_none,extra,0.694433684335875,0.9656278180217748,66692.0
00080038,compression,heuristic,extra,0.6831379052682043,0.9682200935231118,39210.0
00080038,compression,heuristic_sub,extra,0.6831379052682043,0.9682200935231118,39210.0
00080038,compression,zz_oracle,extra,0.9295455880619532,0.9981155500784163,37294.0
00840075,compression,grefem_max,extra,0.8904827728789027,0.9954301387246984,77378.0
00840075,compression,grefem_mid,extra,0.7977850413707096,0.9889358321005398,105131.0
00840075,compression,grefem_none,extra,0.7932219554901393,0.9871516599826214,108480.0
00840075,compression,heuristic,extra,0.8341168838741249,0.9906178694428446,78592.0
00840075,compression,heuristic_sub,extra,0.8384910567828551,0.9901258434087558,78552.0
00840075,compression,zz_oracle,extra,0.9206477312733208,0.9965324349217108,80687.0
00620093,compression,grefem_max,extra,0.7227265352850163,0.9592239957623138,9487.0
00620093,compression,grefem_mid,extra,0.7823602514179882,0.8921904243403556,13335.0
00620093,compression,grefem_none,extra,0.8938597096246074,0.972410198133897,8541.0
00620093,compression,heuristic,extra,0.9970486751230164,0.9999794317754148,10253.0
00620093,compression,heuristic_sub,extra,0.8981978861517805,0.9791057951141976,9319.0
00620093,compression,zz_oracle,extra,0.9374379550126832,0.984837006977736,8570.0
00230075,compression,grefem_max,extra,0.991514253419667,0.9999482407082686,105029.0
00230075,compression,grefem_mid,extra,0.9999999977440734,1.0,108605.0
00230075,compression,grefem_none,extra,0.9999999417554748,0.9999999999999968,103528.0
00230075,compression,heuristic,extra,0.9998583877822582,0.9999999010836318,113801.0
00230075,compression,heuristic_sub,extra,0.9999998830450176,0.9999999999999742,111358.0
00230075,compression,zz_oracle,extra,0.9999999934116058,1.0,70376.0
00250069,compression,grefem_max,extra,0.589218999364305,0.6912003607713234,82515.0
00250069,compression,grefem_mid,extra,0.7077873512065486,0.9522509797879356,92486.0
00250069,compression,grefem_none,extra,0.792246119398698,0.9739408559983924,66912.0
00250069,compression,heuristic,extra,0.6118909340433344,0.8213414139959029,87732.0
00250069,compression,heuristic_sub,extra,0.6118909340433344,0.8213414139959029,87732.0
00250069,compression,zz_oracle,extra,0.698957249825152,0.9053864502088728,77082.0
00060002,compression,grefem_max,extra,0.8476604180803182,0.9719464542301888,10504.0
00060002,compression,grefem_mid,extra,0.8476604180803182,0.9719464542301888,10504.0
00060002,compression,grefem_none,extra,0.8476604180803182,0.9719464542301888,10504.0
00060002,compression,heuristic,extra,0.8476604180803182,0.9719464542301888,10504.0
00060002,compression,heuristic_sub,extra,0.8476604180803182,0.9719464542301888,10504.0
00060002,compression,zz_oracle,extra,0.8476604180803182,0.9719464542301888,10504.0
00410072,compression,grefem_max,extra,0.9029646340232876,0.9972588969401652,79434.0
00410072,compression,grefem_mid,extra,0.8834302170191963,0.9954097186946984,80535.0
00410072,compression,grefem_none,extra,0.874762337941091,0.9944553189204706,93052.0
00410072,compression,heuristic,extra,0.8982800987289964,0.9965960598271298,84139.0
00410072,compression,heuristic_sub,extra,0.8855016532166526,0.9956075086105572,83828.0
00410072,compression,zz_oracle,extra,0.8910993008085014,0.9955216083122196,77611.0
00250013,compression,grefem_max,extra,0.8464886105554696,0.985819313089098,92084.0
00250013,compression,grefem_mid,extra,0.5045795619854828,0.7760887712545288,87758.0
00250013,compression,grefem_none,extra,0.5915447237843149,0.8315282239730951,97400.0
00250013,compression,heuristic,extra,0.5068377841573378,0.7338324816029086,91306.0
00250013,compression,heuristic_sub,extra,0.5335469938186732,0.8883189202424875,91441.0
00250013,compression,zz_oracle,extra,0.2705437812566211,0.8553134447109614,76544.0
00640087,compression,grefem_max,extra,0.5880984190349571,0.8765871340730352,21580.0
00640087,compression,grefem_mid,extra,0.5880984190349571,0.8765871340730352,21580.0
00640087,compression,grefem_none,extra,0.5880984190349571,0.8765871340730352,21580.0
00640087,compression,heuristic,extra,0.5880984190349571,0.8765871340730352,21580.0
00640087,compression,heuristic_sub,extra,0.5880984190349571,0.8765871340730352,21580.0
00640087,compression,zz_oracle,extra,0.5880984190349571,0.8765871340730352,21580.0
00550073,compression,grefem_max,extra,0.529543043783349,0.7557052220383121,56175.0
00550073,compression,grefem_mid,extra,0.5856250933097424,0.7883908880354252,56762.0
00550073,compression,grefem_none,extra,0.7923712393492165,0.952527893724454,56271.0
00550073,compression,heuristic,extra,0.6561686650145261,0.906498296628786,54805.0
00550073,compression,heuristic_sub,extra,0.6561686650145261,0.906498296628786,54805.0
00550073,compression,zz_oracle,extra,0.2162248723924482,0.5280639245366466,51525.0
00860099,compression,grefem_max,extra,0.8923383545254956,0.993005534786912,34529.0
00860099,compression,grefem_mid,extra,0.7968238741583211,0.9651144501517164,37970.0
00860099,compression,grefem_none,extra,0.7836871594447247,0.9629192111903604,45261.0
00860099,compression,heuristic,extra,0.822124165356607,0.979167243210963,35242.0
00860099,compression,heuristic_sub,extra,0.7303496064825846,0.9520635116483706,35229.0
00860099,compression,zz_oracle,extra,0.857884791912303,0.9922269768725712,37265.0
00400070,compression,coarse,extra,0.7169125189800356,0.8916200485539361,3711.0
00490074,compression,coarse,extra,0.7410793697851814,0.8651905073868793,3489.0
00380054,compression,coarse,extra,0.9420756489258428,0.9950509944825632,2762.0
00380054,compression,grefem_max,extra,0.7475283334714882,0.9589996417601432,35865.0
00380054,compression,grefem_mid,extra,0.7811422646140949,0.9757444102234932,35942.0
00380054,compression,grefem_none,extra,0.5428511118805621,0.7307770860502676,42296.0
00380054,compression,heuristic,extra,0.480306890279301,0.7066018010183341,36420.0
00380054,compression,heuristic_sub,extra,0.6331347022626568,0.9150771319759392,36618.0
00380054,compression,zz_oracle,extra,0.4629178888821498,0.8486646746312262,34295.0
00840052,compression,coarse,extra,0.8939298242735212,0.991986603585986,12582.0
00840052,compression,grefem_max,extra,0.8494783424354229,0.974863248980364,14859.0
00840052,compression,grefem_mid,extra,0.8494783424354229,0.974863248980364,14859.0
00840052,compression,grefem_none,extra,0.8494783424354229,0.974863248980364,14859.0
00840052,compression,heuristic,extra,0.920136547716608,0.9954329299037172,16282.0
00840052,compression,heuristic_sub,extra,0.7875450378433475,0.9401618169990792,14700.0
00840052,compression,zz_oracle,extra,0.9299133405772364,0.9968434110694488,16044.0
00930001,compression,coarse,extra,0.3530057567458686,0.9851203696901576,21221.0
00930001,compression,grefem_max,extra,0.7451410637526357,0.9876546609798282,262305.0
00930001,compression,grefem_mid,extra,0.4539948835124212,0.8808765296370749,266355.0
00930001,compression,grefem_none,extra,0.5673006230068467,0.9521809612113856,266417.0
00930001,compression,heuristic,extra,0.298641973393344,0.7987148127633479,282658.0
00930001,compression,heuristic_sub,extra,0.9095087664949518,0.9973000199577252,272579.0
00930001,compression,zz_oracle,extra,0.9120424241740316,0.99703419514299,265638.0
00260088,compression,coarse,extra,0.9419479369372528,0.9874828968505274,13108.0
00260088,compression,grefem_max,extra,0.8730697479319085,0.9337941681191402,51767.0
00260088,compression,grefem_mid,extra,0.8822370046052891,0.9293701124676133,51767.0
00260088,compression,grefem_none,extra,0.7048533686456545,0.787812935258729,111677.0
00260088,compression,heuristic,extra,0.8975461604551476,0.9722675986593622,48454.0
00260088,compression,heuristic_sub,extra,0.896086691755063,0.9716942705416568,48454.0
00260088,compression,zz_oracle,extra,0.4936507712024346,0.7803584403639945,49029.0
00640066,compression,grefem_max,extra,0.4041096353688385,0.6039038513342697,43640.0
00640066,compression,grefem_mid,extra,0.5405800376348147,0.8677567033608689,33952.0
00640066,compression,grefem_none,extra,0.5667321046914963,0.8187521459351641,55621.0
00640066,compression,heuristic,extra,0.8263367521650193,0.9804530325313484,42807.0
00640066,compression,heuristic_sub,extra,0.8245548116012594,0.9738289722156572,43335.0
00640066,compression,zz_oracle,extra,0.6295815422645287,0.8661776661359009,41018.0
00530022,compression,grefem_max,extra,0.5141439693794085,0.7606046105786245,41040.0
00530022,compression,grefem_mid,extra,0.6186712883784512,0.8795689426502923,34905.0
00530022,compression,grefem_none,extra,0.4568043952049103,0.7854116800641265,37107.0
00530022,compression,heuristic,extra,0.4505141831044163,0.6551754723858076,37972.0
00530022,compression,heuristic_sub,extra,0.4505141831044163,0.6551754723858076,37972.0
00530022,compression,zz_oracle,extra,0.6681166417948597,0.8908781343127555,38982.0
00290076,compression,grefem_max,extra,0.694079404302402,0.8236344034088007,120282.0
00290076,compression,grefem_mid,extra,0.6793650799384704,0.7797408637825805,122479.0
00290076,compression,grefem_none,extra,0.7531290255898091,0.9526115771420832,125687.0
00290076,compression,heuristic,extra,0.8034552627401794,0.9691902871740464,125986.0
00290076,compression,heuristic_sub,extra,0.8034552627401794,0.9691902871740464,125986.0
00290076,compression,zz_oracle,extra,0.2333700017491261,0.5079672688917737,97896.0
00580068,compression,grefem_max,extra,0.8098857826698422,0.9719028564033292,50107.0
00580068,compression,grefem_mid,extra,0.7133165771253904,0.8910319395726577,10056.0
00580068,compression,grefem_none,extra,0.7878147190450272,0.9288025943176608,54788.0
00580068,compression,heuristic,extra,0.3990441480991235,0.7640660076286435,47881.0
00580068,compression,heuristic_sub,extra,0.3990441480991235,0.7640660076286435,47881.0
00580068,compression,zz_oracle,extra,0.3155298430025378,0.7596192936129436,38549.0
00620020,compression,grefem_max,extra,0.8176030272681807,0.983266150677252,53545.0
00620020,compression,grefem_mid,extra,0.6927525096616511,0.924809391259302,72340.0
00620020,compression,grefem_none,extra,0.5529544208132596,0.6797098642620072,102250.0
00620020,compression,heuristic,extra,0.8573772353626304,0.9718427809495184,52225.0
00620020,compression,heuristic_sub,extra,0.8573772353626304,0.9718427809495184,52225.0
00620020,compression,zz_oracle,extra,0.5928642669827647,0.897595298804099,51647.0
00530025,compression,grefem_max,extra,0.596908843171873,0.918458454194748,72778.0
00530025,compression,grefem_mid,extra,0.7971369344307443,0.9676304740725228,78084.0
00530025,compression,grefem_none,extra,0.8558639012680683,0.9729868128956126,4016.0
00530025,compression,heuristic,extra,0.6379016777033296,0.9478319471666916,69941.0
00530025,compression,heuristic_sub,extra,0.6379016777033296,0.9478319471666916,69941.0
00530025,compression,zz_oracle,extra,0.376719924445275,0.861084093902495,71116.0
00060017,compression,grefem_max,extra,0.5377430861735711,0.7614539206862707,229912.0
00060017,compression,grefem_mid,extra,0.3878713503957766,0.0639843988145589,229951.0
00060017,compression,grefem_none,extra,0.7158181218733033,0.8548440836026828,229097.0
00060017,compression,heuristic,extra,0.6325839846829392,0.8306976883535274,229245.0
00060017,compression,heuristic_sub,extra,0.6325839846829392,0.8306976883535274,229245.0
00060017,compression,zz_oracle,extra,0.3088096441468641,0.2789913663795175,229716.0
00400083,compression,grefem_max,extra,0.6801734707630488,0.9116798468147382,86664.0
00400083,compression,grefem_mid,extra,0.6889374020692867,0.9272860820150486,103224.0
00400083,compression,grefem_none,extra,0.7274596912052477,0.941586791105647,109339.0
00400083,compression,heuristic,extra,0.805339315616444,0.9867972596073766,85165.0
00400083,compression,heuristic_sub,extra,0.805339315616444,0.9867972596073766,85165.0
00400083,compression,zz_oracle,extra,0.2213997351833021,0.8569595696301034,64316.0
00700085,compression,grefem_max,extra,0.4131927367064768,0.906972953104655,23591.0
00700085,compression,grefem_mid,extra,0.4131927367064768,0.906972953104655,23591.0
00700085,compression,grefem_none,extra,0.6428061911527101,0.9300289217770816,10531.0
00700085,compression,heuristic,extra,0.5364874934925851,0.8708746850872133,21455.0
00700085,compression,heuristic_sub,extra,0.5364874934925851,0.8708746850872133,21455.0
00700085,compression,zz_oracle,extra,0.0686363295374841,0.8166069387512448,8553.0
00660055,compression,grefem_max,extra,0.3339202292545814,0.5716100210093069,99305.0
00660055,compression,grefem_mid,extra,0.9735044925585852,0.9682825690015592,100058.0
00660055,compression,grefem_none,extra,3.328192471302504,20.92610508661032,184736.0
00660055,compression,heuristic,extra,0.686663332408357,0.8940967636129361,96710.0
00660055,compression,heuristic_sub,extra,3.0738363910355804,34.401101898023484,98805.0
00660055,compression,zz_oracle,extra,0.2496819789711366,0.7935907807840061,97433.0
00720006,compression,grefem_max,extra,0.6558252841546566,0.8654844624232203,99687.0
00720006,compression,grefem_mid,extra,0.4061941104538256,0.2844440560463318,106545.0
00720006,compression,grefem_none,extra,0.5825496542778992,0.9638240562533738,49484.0
00720006,compression,heuristic,extra,0.7093702233161119,0.8571775230625089,97524.0
00720006,compression,heuristic_sub,extra,0.7093702233161119,0.8571775230625089,97524.0
00720006,compression,zz_oracle,extra,0.3205104433398716,0.2272995318925593,98401.0
00470072,compression,grefem_max,extra,0.7581329663499032,0.9788064731027284,38017.0
00470072,compression,grefem_mid,extra,0.7581329663499032,0.9788064731027284,38017.0
00470072,compression,grefem_none,extra,0.7314391615886991,0.9826215740227604,50495.0
00470072,compression,heuristic,extra,0.660802684956277,0.9732543243339978,35721.0
00470072,compression,heuristic_sub,extra,0.660802684956277,0.9732543243339978,35721.0
00470072,compression,zz_oracle,extra,0.8711826647559879,0.9921255549348612,38303.0
00360058,compression,grefem_max,extra,0.923362227693326,0.9908874059723204,3415.0
00360058,compression,grefem_mid,extra,0.923362227693326,0.9908874059723204,3415.0
00360058,compression,grefem_none,extra,0.7902457775400432,0.9850697895742796,7834.0
00360058,compression,heuristic,extra,0.923362227693326,0.9908874059723204,3415.0
00360058,compression,heuristic_sub,extra,0.923362227693326,0.9908874059723204,3415.0
00360058,compression,zz_oracle,extra,0.923362227693326,0.9908874059723204,3415.0
00760084,compression,grefem_max,extra,0.862189055040114,0.9867186145808158,86765.0
00760084,compression,grefem_mid,extra,0.4166462020644866,0.6442201884566211,83512.0
00760084,compression,grefem_none,extra,0.4549200986801461,0.7221927402560453,94577.0
00760084,compression,heuristic,extra,0.6277497236898637,0.9100136383045716,90493.0
00760084,compression,heuristic_sub,extra,0.60145238958528,0.9069983732220912,90573.0
00760084,compression,zz_oracle,extra,0.1490034379316162,0.7639313066530538,73618.0
00410074,compression,grefem_max,extra,0.5612995218205536,0.7968674491970051,26498.0
00410074,compression,grefem_mid,extra,0.6177726760340704,0.853770359304795,25619.0
00410074,compression,grefem_none,extra,0.8125712305326668,0.980324427834954,37901.0
00410074,compression,heuristic,extra,0.320048140407881,0.7014775401860784,23886.0
00410074,compression,heuristic_sub,extra,0.320048140407881,0.7014775401860784,23886.0
00410074,compression,zz_oracle,extra,0.1103229077313445,0.848108754416497,21275.0
00810023,compression,grefem_max,extra,0.4242460955610035,0.2782732931385465,95123.0
00810023,compression,grefem_mid,extra,0.4664754076905542,0.3173863269344134,87660.0
00810023,compression,grefem_none,extra,0.4755829656345063,0.4961308628077999,72532.0
00810023,compression,heuristic,extra,0.3002248167915034,0.1270681007745478,93371.0
00810023,compression,heuristic_sub,extra,0.3002248167915034,0.1270681007745478,93371.0
00810023,compression,zz_oracle,extra,0.5876424664895605,0.8982245413067652,49868.0
00640066,compression,coarse,extra,0.915007792559408,0.9867711196476756,5005.0
00970002,compression,coarse,extra,5.954363576923208,0.7798934398003823,7194.0
00970002,compression,grefem_max,extra,0.492729303951373,0.9076981085105168,69051.0
00970002,compression,grefem_mid,extra,0.8722298561619585,0.9841098721321596,78975.0
00970002,compression,grefem_none,extra,0.4195202563025517,0.833055260175755,116929.0
00970002,compression,heuristic,extra,0.3633455401790043,0.7172910813293414,72706.0
00970002,compression,heuristic_sub,extra,0.3632242842984838,0.7172837156880333,72706.0
00970002,compression,zz_oracle,extra,0.6428846110855502,0.92602386410364,70845.0
00860044,compression,coarse,extra,0.9509282269758902,0.993265098000071,2197.0
00860044,compression,grefem_max,extra,0.6185688424491192,0.9083726289587944,73820.0
00860044,compression,grefem_mid,extra,0.6185688424491192,0.9083726289587944,73820.0
00860044,compression,grefem_none,extra,0.526157044107168,0.6935534756820749,99255.0
00860044,compression,heuristic,extra,0.1567121746072682,0.4197516969381115,73022.0
00860044,compression,heuristic_sub,extra,0.1567121746072682,0.4197516969381115,73022.0
00860044,compression,zz_oracle,extra,0.8538635245080072,0.9566095712009838,77072.0
00450041,compression,coarse,extra,0.9014827323900452,0.9517923239056356,1679.0
00450041,compression,grefem_max,extra,0.797509538792764,0.9813144694072264,10517.0
00450041,compression,grefem_mid,extra,0.797509538792764,0.9813144694072264,10517.0
00450041,compression,grefem_none,extra,0.7900783828400546,0.9650471188159488,10833.0
00450041,compression,heuristic,extra,0.750224810033046,0.9637085666638324,10172.0
00450041,compression,heuristic_sub,extra,0.750224810033046,0.9637085666638324,10172.0
00450041,compression,zz_oracle,extra,0.8892312317600986,0.9511492779472605,2364.0
00380051,compression,coarse,extra,0.9307266663695274,0.99601676627247,2355.0
00380051,compression,grefem_max,extra,0.9411043345843402,0.9963675230471932,5566.0
00380051,compression,grefem_mid,extra,0.9411043345843402,0.9963675230471932,5566.0
00380051,compression,grefem_none,extra,0.9411043345843402,0.9963675230471932,5566.0
00380051,compression,heuristic,extra,0.7873935066882803,0.9603985206106068,5973.0
00380051,compression,heuristic_sub,extra,0.9296318490799772,0.9938594145477002,5948.0
00380051,compression,zz_oracle,extra,0.9411043345843402,0.9963675230471932,5566.0
00490002,compression,coarse,extra,0.9605004118860068,0.9993955343311682,4974.0
00490002,compression,grefem_max,extra,0.8649705186517898,0.9963053339609188,24176.0
00490002,compression,grefem_mid,extra,0.8886368589646846,0.9970719218653766,25226.0
00490002,compression,grefem_none,extra,0.8913781016447896,0.9967169626496172,28831.0
00490002,compression,heuristic,extra,0.841386648694278,0.9884864315600096,25922.0
00490002,compression,heuristic_sub,extra,0.8807613368820766,0.9963044512408616,25733.0
00490002,compression,zz_oracle,extra,0.8410321125448637,0.9952295144663112,13893.0
00360077,compression,coarse,extra,0.8760017201159762,0.9854122429000478,4479.0
00360077,compression,grefem_max,extra,0.7921744236208066,0.9661273126190733,90340.0
00360077,compression,grefem_mid,extra,0.6548518419582601,0.882726751469279,80480.0
00360077,compression,grefem_none,extra,0.6381702164134103,0.7623569187708726,173238.0
00360077,compression,heuristic,extra,0.683975441563544,0.920926967663016,82332.0
00360077,compression,heuristic_sub,extra,0.683975441563544,0.920926967663016,82332.0
00360077,compression,zz_oracle,extra,0.6323599737012421,0.9283074571844911,83234.0
00700085,torsion,coarse,extra,0.8301332051313562,0.9574863422062356,2821.0
00170059,torsion,coarse,extra,0.9268381351542332,0.9966581679041586,5850.0
00880096,torsion,coarse,extra,0.4860675683651301,0.8669728353835677,7232.0
00810023,bending_compression,coarse,extra,0.8328617273043353,0.920302357093033,3607.0
00640066,bending,grefem_max,extra,0.6360097044805992,0.87963424605379,43736.0
00640066,bending,grefem_mid,extra,0.6130948024238738,0.8879171433753815,33952.0
00640066,bending,grefem_none,extra,0.8434594586891311,0.9638781277867928,79149.0
00640066,bending,heuristic,extra,0.8677504535806758,0.9874580169502164,42760.0
00640066,bending,heuristic_sub,extra,0.7349053882351521,0.9461458791447374,44242.0
00640066,bending,zz_oracle,extra,0.7859116149793833,0.9517432190405462,47267.0
00530022,bending,grefem_max,extra,0.2628081354336285,0.599490147387175,37411.0
00530022,bending,grefem_mid,extra,0.1919796936509813,0.4703391467772386,40932.0
00530022,bending,grefem_none,extra,0.0096072998800045,0.6285384745513558,11485.0
00530022,bending,heuristic,extra,0.0080400164697205,0.1004816704551665,37972.0
00530022,bending,heuristic_sub,extra,0.0080400164697205,0.1004816704551665,37972.0
00530022,bending,zz_oracle,extra,0.55803268147627,0.3330659150646433,35217.0
00290076,bending,grefem_max,extra,0.5468836316621919,0.7555721526758924,69942.0
00290076,bending,grefem_mid,extra,0.5134559720730594,0.5358246272007353,119458.0
00290076,bending,grefem_none,extra,0.6851461011225172,0.8600723779674461,124944.0
00290076,bending,heuristic,extra,0.5338665034362137,0.538387476305052,73315.0
00290076,bending,heuristic_sub,extra,0.8573747048763037,0.9851799393439707,73102.0
00290076,bending,zz_oracle,extra,0.3603793445181423,0.3108902158604145,63741.0
00580068,bending,grefem_max,extra,0.5335141895085479,0.7710607837947369,13658.0
00580068,bending,grefem_mid,extra,0.5811704723205067,0.810954631276026,52828.0
00580068,bending,grefem_none,extra,0.816391497768153,0.9808339104696604,51749.0
00580068,bending,heuristic,extra,0.7911359459302441,0.96186829998059,14068.0
00580068,bending,heuristic_sub,extra,0.7911359459302441,0.96186829998059,14068.0
00580068,bending,zz_oracle,extra,0.7335407085343929,0.8466183294195269,5094.0
00620020,bending,grefem_max,extra,0.8322474080631411,0.9748744536988582,50100.0
00620020,bending,grefem_mid,extra,0.816173807985675,0.9732207355181832,80764.0
00620020,bending,grefem_none,extra,0.826876367603352,0.977925269367276,67495.0
00620020,bending,heuristic,extra,0.8966994686886611,0.982145975095202,48614.0
00620020,bending,heuristic_sub,extra,0.8966994686886611,0.982145975095202,48614.0
00620020,bending,zz_oracle,extra,0.5577237053080462,0.9166667003928348,46988.0
00530025,bending,grefem_max,extra,0.6502304010568436,0.924756408910288,78103.0
00530025,bending,grefem_mid,extra,0.6665887103094972,0.9422470038458708,78338.0
00530025,bending,grefem_none,extra,0.0385743666626099,0.8330603315858955,46145.0
00530025,bending,heuristic,extra,0.0640000934274526,0.7717844821545272,73891.0
00530025,bending,heuristic_sub,extra,0.0640000934274526,0.7717844821545272,73891.0
00530025,bending,zz_oracle,extra,0.4813464574382861,0.5014774563626992,54829.0
00060017,bending,grefem_max,extra,0.6332968444547855,0.8610514763347229,229644.0
00060017,bending,grefem_mid,extra,0.6681293593503023,0.9005076487882744,230938.0
00060017,bending,grefem_none,extra,0.6390053711853674,0.8360540733019223,230252.0
00060017,bending,heuristic,extra,0.6857054228686165,0.9054340042244092,229245.0
00060017,bending,heuristic_sub,extra,0.6856759543384647,0.9054164579576184,229245.0
00060017,bending,zz_oracle,extra,0.4629932043362576,0.6515745523196882,217030.0
00400083,bending,grefem_max,extra,0.671290954244177,0.9441836660062238,33468.0
00400083,bending,grefem_mid,extra,0.6822248535703715,0.9349555919573598,109134.0
00400083,bending,grefem_none,extra,0.7174491160371136,0.9387892955275396,105358.0
00400083,bending,heuristic,extra,0.8789321527442259,0.99353911514036,31786.0
00400083,bending,heuristic_sub,extra,0.8789321527442238,0.99353911514036,31786.0
00400083,bending,zz_oracle,extra,0.8133359349152735,0.9846290372841652,31649.0
00700085,bending,grefem_max,extra,0.8537067709553485,0.985051693603548,12717.0
00700085,bending,grefem_mid,extra,0.752571636086267,0.9590071367666542,13527.0
00700085,bending,grefem_none,extra,0.7451397875488905,0.8972074815833604,24111.0
00700085,bending,heuristic,extra,0.6128095134460436,0.9325728798507432,12855.0
00700085,bending,heuristic_sub,extra,0.659983148690613,0.8999030336312491,12448.0
00700085,bending,zz_oracle,extra,0.6603743831496401,0.9754628587115158,8347.0
00660055,bending,grefem_max,extra,0.7964065782496177,0.9779272908439935,100058.0
00660055,bending,grefem_mid,extra,0.9675767476949968,0.9988247340909316,100568.0
00660055,bending,grefem_none,extra,0.0135204002468542,0.0895876837899768,184736.0
00660055,bending,heuristic,extra,0.4518072685688362,0.6240874741301476,97116.0
00660055,bending,heuristic_sub,extra,0.1626552084695831,0.3275912896888015,98805.0
00660055,bending,zz_oracle,extra,0.8164170232980346,0.9824098275930356,104514.0
00720006,bending,grefem_max,extra,0.1923995120761277,0.2816459723060995,96230.0
00720006,bending,grefem_mid,extra,0.4293664427398657,0.6592546535316979,94886.0
00720006,bending,grefem_none,extra,0.0455923141520169,0.9056268243766836,70867.0
00720006,bending,heuristic,extra,0.7737209341981063,0.8731823990236666,94039.0
00720006,bending,heuristic_sub,extra,0.7737209341981063,0.8731823990236666,94039.0
00720006,bending,zz_oracle,extra,0.5966987385757839,0.9317475195166528,80102.0
00470072,bending,grefem_max,extra,0.8875686270433487,0.984546752698923,38017.0
00470072,bending,grefem_mid,extra,0.8875686270433487,0.984546752698923,38017.0
00470072,bending,grefem_none,extra,0.8432379093439288,0.9726848865001432,44237.0
00470072,bending,heuristic,extra,0.876395351721693,0.989775787089109,35721.0
00470072,bending,heuristic_sub,extra,0.876395351721693,0.989775787089109,35721.0
00470072,bending,zz_oracle,extra,0.7556139344014623,0.9779673966617622,39451.0
00360058,bending,grefem_max,extra,0.9380298973063046,0.9935023835971528,3415.0
00360058,bending,grefem_mid,extra,0.9380298973063046,0.9935023835971528,3415.0
00360058,bending,grefem_none,extra,0.5913734943148375,0.903472374422502,12301.0
00360058,bending,heuristic,extra,0.9380298973063046,0.9935023835971528,3415.0
00360058,bending,heuristic_sub,extra,0.9380298973063046,0.9935023835971528,3415.0
00360058,bending,zz_oracle,extra,0.9380298973063046,0.9935023835971528,3415.0
00760084,bending,grefem_max,extra,0.4211360125068555,0.7969773269361526,83199.0
00760084,bending,grefem_mid,extra,0.3024907345703356,0.4174759090564082,87901.0
00760084,bending,grefem_none,extra,0.5373599309163978,0.8941922258968529,69909.0
00760084,bending,heuristic,extra,0.574041704145175,0.8751351705605971,90493.0
00760084,bending,heuristic_sub,extra,0.5656361454464002,0.8614710174359468,90402.0
00760084,bending,zz_oracle,extra,0.2180530270915862,0.9010798646973418,68229.0
00410074,bending,grefem_max,extra,0.6059329648421413,0.8256795087354308,30870.0
00410074,bending,grefem_mid,extra,0.5628092130102135,0.8817681574750197,33085.0
00410074,bending,grefem_none,extra,0.2794021594593173,0.4031950404691545,29712.0
00410074,bending,heuristic,extra,0.281585988866786,0.6440752418788125,29531.0
00410074,bending,heuristic_sub,extra,0.281585988866786,0.6440752418788125,29531.0
00410074,bending,zz_oracle,extra,0.0411841423845667,0.6332273281838169,30046.0
00810023,bending,grefem_max,extra,0.5710322454586905,0.6403381176681141,74149.0
00810023,bending,grefem_mid,extra,0.65498442846977,0.9058667840535246,98394.0
00810023,bending,grefem_none,extra,0.5404671328346928,0.7798443171728201,84194.0
00810023,bending,heuristic,extra,0.5953655508498154,0.6413367367698745,73340.0
00810023,bending,heuristic_sub,extra,0.5953655508498154,0.6413367367698745,73340.0
00810023,bending,zz_oracle,extra,0.1731873719217515,0.6099567935158737,67304.0
00640066,bending,coarse,extra,0.9364371979968132,0.9924458514572396,5005.0
00970002,bending,coarse,extra,17.208651531095796,0.1399260720250263,7194.0
00970002,bending,grefem_max,extra,10.827453236448974,0.6573173535344718,83877.0
00970002,bending,grefem_mid,extra,0.5553628565260244,0.6803339409851641,135790.0
00970002,bending,grefem_none,extra,0.2468325151284186,0.5582727430551078,91192.0
00970002,bending,heuristic,extra,0.6741549630490653,0.8852225040917775,84633.0
00970002,bending,heuristic_sub,extra,0.5155237138126442,0.7183325685656256,84238.0
00970002,bending,zz_oracle,extra,0.499626898361339,0.697726558488916,76467.0
00450041,bending,coarse,extra,0.8837301527114996,0.9509583566362748,1679.0
00450041,bending,grefem_max,extra,0.7991137367385522,0.9828198614422878,10517.0
00450041,bending,grefem_mid,extra,0.7991137367385522,0.9828198614422878,10517.0
00450041,bending,grefem_none,extra,0.8526852776633412,0.9807414566735988,10846.0
00450041,bending,heuristic,extra,0.7062606679395382,0.9469602016848208,10172.0
00450041,bending,heuristic_sub,extra,0.7062606679395382,0.9469602016848208,10172.0
00450041,bending,zz_oracle,extra,0.8778668881481735,0.9380114420742802,2364.0
00380051,bending,coarse,extra,0.9174253349313408,0.9947172489486684,2355.0
00380051,bending,grefem_max,extra,0.9348709377073252,0.9973416327251076,7820.0
00380051,bending,grefem_mid,extra,0.9819516349029352,0.9990344830717558,5566.0
00380051,bending,grefem_none,extra,0.9819516349029352,0.9990344830717558,5566.0
00380051,bending,heuristic,extra,0.9515554517662554,0.9956699026693272,8539.0
00380051,bending,heuristic_sub,extra,0.7897999824697439,0.9867648948649744,8414.0
00380051,bending,zz_oracle,extra,0.8164322201580528,0.9958764171050662,7988.0
00490002,bending,coarse,extra,0.9734749249339342,0.9995917524747888,4974.0
00490002,bending,grefem_max,extra,0.8204045287571086,0.9939708073139324,24176.0
00490002,bending,grefem_mid,extra,0.8204045287571088,0.9939708073139324,24176.0
00490002,bending,grefem_none,extra,0.8591965697024998,0.9959341765642888,28831.0
00490002,bending,heuristic,extra,0.8418129797721594,0.9909689814096886,25922.0
00490002,bending,heuristic_sub,extra,0.8567269463133343,0.9923162648132546,26170.0
00490002,bending,zz_oracle,extra,0.7827980286802604,0.996657353892401,14010.0
00360077,bending,coarse,extra,0.6703891846822749,0.9683126766575156,4479.0
00360077,bending,grefem_max,extra,0.29693034536227,0.5039520794530008,64058.0
00360077,bending,grefem_mid,extra,0.1185359076504104,0.3194593824158518,78085.0
00360077,bending,grefem_none,extra,0.3519363542905944,0.4270487511416033,134902.0
00360077,bending,heuristic,extra,0.4645983121162975,0.7292647945010885,63704.0
00360077,bending,heuristic_sub,extra,0.4645983121162975,0.7292647945010885,63704.0
00360077,bending,zz_oracle,extra,0.7354337032389351,0.0193577584493135,48419.0
00840053,compression,grefem_max,extra,0.0204474461347383,0.8028093093676687,142788.0
00840053,compression,grefem_mid,extra,0.3508750463958497,0.1083883191722021,153605.0
00840053,compression,grefem_none,extra,0.3508750463960596,0.1083883191722587,153605.0
00840053,compression,heuristic,extra,1.330806774286497,5.260974452311374,143842.0
00840053,compression,heuristic_sub,extra,1.330806774286497,5.260974452311374,143842.0
00840053,compression,zz_oracle,extra,0.1735709309244928,0.5412021076570849,136188.0
00360016,compression,grefem_max,extra,0.7083304341427115,0.9779017422548978,7314.0
00360016,compression,grefem_mid,extra,0.5679328912556527,0.9267407991136734,27472.0
00360016,compression,grefem_none,extra,0.6394715552202069,0.9441493651699928,32495.0
00360016,compression,heuristic,extra,0.6220612873008624,0.8711854505683782,7647.0
00360016,compression,heuristic_sub,extra,0.6220612873008624,0.8711854505683782,7647.0
00360016,compression,zz_oracle,extra,0.8285409965491247,0.9821491343609544,6306.0
00450037,compression,grefem_max,extra,0.7013057697778388,0.7453837903423558,10626.0
00450037,compression,grefem_mid,extra,0.0329522901970317,2.4635453812231285,13227.0
00450037,compression,grefem_none,extra,0.0329522901970317,2.4635453812231285,13227.0
00450037,compression,heuristic,extra,0.6599746380787251,0.638123955733721,10255.0
00450037,compression,heuristic_sub,extra,0.6599746380787251,0.638123955733721,10255.0
00450037,compression,zz_oracle,extra,0.4265665068648526,0.1136217978437706,10718.0
00610003,compression,grefem_max,extra,0.9451452022695735,0.996436079757124,1679.0
00610003,compression,grefem_mid,extra,0.9451452022695735,0.996436079757124,1679.0
00610003,compression,grefem_none,extra,0.9017840126207322,0.9951696749895144,3714.0
00610003,compression,heuristic,extra,0.9451452022695735,0.996436079757124,1679.0
00610003,compression,heuristic_sub,extra,0.9451452022695735,0.996436079757124,1679.0
00610003,compression,zz_oracle,extra,0.9451452022695735,0.996436079757124,1679.0
00450004,compression,grefem_max,extra,0.8587601971884845,0.9435615903959724,40694.0
00450004,compression,grefem_mid,extra,0.8845796538620943,0.9596019532745664,44946.0
00450004,compression,grefem_none,extra,0.8178584592372062,0.9264897704795284,51930.0
00450004,compression,heuristic,extra,0.8557265822327143,0.9542812305688698,41669.0
00450004,compression,heuristic_sub,extra,0.8503180764527027,0.9513267840243808,41145.0
00450004,compression,zz_oracle,extra,0.7280704961569605,0.9103383095611722,38258.0
00010055,compression,grefem_max,extra,0.5640434431141514,0.6462429485849503,69708.0
00010055,compression,grefem_mid,extra,0.5640434431141514,0.6462429485849503,69708.0
00010055,compression,grefem_none,extra,0.674419694971104,0.8304725361756191,88100.0
00010055,compression,heuristic,extra,0.562549300480806,0.5902867236488049,69232.0
00010055,compression,heuristic_sub,extra,0.7797997517900885,0.9499441385926338,76171.0
00010055,compression,zz_oracle,extra,0.795343323151616,0.9594595923837818,63495.0
00720092,compression,grefem_max,extra,0.7321412595810024,0.951292931389654,5368.0
00720092,compression,grefem_mid,extra,0.7321412595810024,0.951292931389654,5368.0
00720092,compression,grefem_none,extra,0.7321412595810024,0.951292931389654,5368.0
00720092,compression,heuristic,extra,0.7321412595810024,0.951292931389654,5368.0
00720092,compression,heuristic_sub,extra,0.7321412595810024,0.951292931389654,5368.0
00720092,compression,zz_oracle,extra,0.7321412595810024,0.951292931389654,5368.0
00990038,compression,grefem_max,extra,0.5347886127691918,0.775008756846929,138241.0
00990038,compression,grefem_mid,extra,0.5347886127691918,0.775008756846929,138241.0
00990038,compression,grefem_none,extra,0.5347886127691918,0.775008756846929,138241.0
00990038,compression,heuristic,extra,0.5347886127691919,0.775008756846929,138241.0
00990038,compression,heuristic_sub,extra,0.5347886127691919,0.775008756846929,138241.0
00990038,compression,zz_oracle,extra,0.5347886127691917,0.775008756846929,138241.0
00800032,compression,grefem_max,extra,0.7270608235201095,0.717168738077208,27163.0
00800032,compression,grefem_mid,extra,0.8003215405397369,0.8923236027563941,24072.0
00800032,compression,grefem_none,extra,0.9203027210948828,0.9808519932122663,24498.0
00800032,compression,heuristic,extra,0.8193010649176966,0.8890356003758644,27557.0
00800032,compression,heuristic_sub,extra,0.8770495225240537,0.959800080080792,27783.0
00800032,compression,zz_oracle,extra,0.7856447292024041,0.9319625377372828,25727.0
00710073,compression,grefem_max,extra,0.618590481767963,0.8866049843720722,40338.0
00710073,compression,grefem_mid,extra,0.7177381679071213,0.9564833495657684,50292.0
00710073,compression,grefem_none,extra,0.2151176917522134,0.4386328926782524,97108.0
00710073,compression,heuristic,extra,0.6518779762430635,0.899427685480618,41466.0
00710073,compression,heuristic_sub,extra,0.5649384781959663,0.4895720386678979,40772.0
00710073,compression,zz_oracle,extra,0.4273736964338876,0.7962561059585778,37877.0
00990059,compression,grefem_max,extra,0.5654816101676574,0.8829211937865821,43670.0
00990059,compression,grefem_mid,extra,0.58764809992437,0.8683107428372501,31155.0
00990059,compression,grefem_none,extra,0.6219206781260064,0.9104945842238014,30403.0
00990059,compression,heuristic,extra,0.6121764929304833,0.7952056850505812,46299.0
00990059,compression,heuristic_sub,extra,0.663804450880996,0.8685190878414626,46137.0
00990059,compression,zz_oracle,extra,0.5640559113721391,0.9099648675853168,40908.0
00830028,compression,grefem_max,extra,0.8238182224851138,0.9537791233836692,32446.0
00830028,compression,grefem_mid,extra,0.6349253033692711,0.8049783998724547,36786.0
00830028,compression,grefem_none,extra,0.8353674881709057,0.9527445481613956,33143.0
00830028,compression,heuristic,extra,0.8597261224891803,0.9564585443012916,34475.0
00830028,compression,heuristic_sub,extra,0.6808922860220603,0.7312237497079551,35251.0
00830028,compression,zz_oracle,extra,0.7199995657149721,0.8350530769595794,34407.0
00640016,compression,grefem_max,extra,0.5946040876143949,0.8843656694957953,36835.0
00640016,compression,grefem_mid,extra,0.9011026748857284,0.9816042116773545,34937.0
00640016,compression,grefem_none,extra,0.4692970437037053,0.4330415187070265,98050.0
00640016,compression,heuristic,extra,0.5218531667386123,0.6377192519087805,39020.0
00640016,compression,heuristic_sub,extra,0.5218531667386123,0.6377192519087805,39020.0
00640016,compression,zz_oracle,extra,0.5711840671771015,0.8885710380070455,33782.0
00470075,compression,grefem_max,extra,0.8890397558331405,0.9834525837078384,47524.0
00470075,compression,grefem_mid,extra,0.8265883474053639,0.9869501669105716,56610.0
00470075,compression,grefem_none,extra,0.7686823528763149,0.9723073836292762,67717.0
00470075,compression,heuristic,extra,0.7832441600470648,0.9690227255103592,50869.0
00470075,compression,heuristic_sub,extra,0.7832441600470648,0.9690227255103592,50869.0
00470075,compression,zz_oracle,extra,0.7236036686653948,0.9682763945340904,47614.0
00890055,compression,grefem_max,extra,0.747556864185566,0.9650152151562436,110476.0
00890055,compression,grefem_mid,extra,0.8019739985487677,0.974666393717741,108052.0
00890055,compression,grefem_none,extra,0.7417002978544996,0.9597810444486968,112554.0
00890055,compression,heuristic,extra,0.7016169440007624,0.9442950440345502,103319.0
00890055,compression,heuristic_sub,extra,0.7016169440007624,0.9442950440345502,103319.0
00890055,compression,zz_oracle,extra,0.6029841545439968,0.9619623709185102,109140.0
00930069,compression,grefem_max,extra,0.7519884100617829,0.973134292093253,13838.0
00930069,compression,grefem_mid,extra,0.5807053869824903,0.8537259735799824,24789.0
00930069,compression,grefem_none,extra,0.5651764363269122,0.8540551381947434,24214.0
00930069,compression,heuristic,extra,0.6216647032232852,0.8643972499261392,14622.0
00930069,compression,heuristic_sub,extra,0.7082302827063337,0.9151621200203706,14703.0
00930069,compression,zz_oracle,extra,0.6007668187115022,0.8673293584812327,14780.0
00950068,compression,grefem_max,extra,0.7112665617006385,0.942534539631201,46510.0
00950068,compression,grefem_mid,extra,0.7112665617006385,0.942534539631201,46510.0
00950068,compression,grefem_none,extra,0.5218687037232078,0.8861443141444771,46939.0
00950068,compression,heuristic,extra,0.4209166168302009,0.7519527770633149,44412.0
00950068,compression,heuristic_sub,extra,0.4209166168302009,0.7519527770633149,44412.0
00950068,compression,zz_oracle,extra,0.4199382923316256,0.6539518456935229,41860.0
00840053,compression,coarse,extra,0.913327203808862,0.937024049567771,6893.0
00570051,compression,coarse,extra,0.8226482117618116,0.9840520244006083,3800.0
00570051,compression,grefem_max,extra,0.8161423979710094,0.9961750609760638,11784.0
00570051,compression,grefem_mid,extra,0.7682548063042332,0.9886752331137943,8161.0
00570051,compression,grefem_none,extra,0.8227500514040786,0.992900855830368,10097.0
00570051,compression,heuristic,extra,0.8703226871415136,0.9975535509500688,8710.0
00570051,compression,heuristic_sub,extra,0.8703226871415136,0.9975535509500688,8710.0
00570051,compression,zz_oracle,extra,0.8271483286284583,0.9954712422288812,7831.0
00580068,compression,coarse,extra,0.7811561811311621,0.8709145437704132,2957.0
00620020,compression,coarse,extra,0.9374213379231408,0.9927566354841456,3100.0
00530025,compression,coarse,extra,0.8837082768159727,0.9878896503176904,2944.0
00340068,compression,coarse,extra,0.7440375454244387,0.960419451154727,3029.0
00340068,compression,grefem_max,extra,0.5064440472552229,0.7596151835370053,72261.0
00340068,compression,grefem_mid,extra,0.236545888670096,0.5739373763851076,67615.0
00340068,compression,grefem_none,extra,0.2790027169491774,0.5997946269795954,67474.0
00340068,compression,heuristic,extra,0.3330158262153178,0.5796504777298372,69062.0
00340068,compression,heuristic_sub,extra,0.3330158262153178,0.5796504777298372,69062.0
00340068,compression,zz_oracle,extra,0.3266437842634249,0.6585055986689431,69454.0
00840075,compression,coarse,extra,0.9162165203231916,0.9990225259609842,5266.0
00620093,compression,coarse,extra,0.8584494808478246,0.960741357853088,3209.0
00720000,compression,coarse,extra,0.8997480682773547,0.9842471993825858,3728.0
00720000,compression,grefem_max,extra,0.8619938139801605,0.9835079928980832,6731.0
00720000,compression,grefem_mid,extra,0.8619938139801605,0.9835079928980832,6731.0
00720000,compression,grefem_none,extra,0.8619938139801605,0.9835079928980832,6731.0
00720000,compression,heuristic,extra,0.8619938139801605,0.9835079928980832,6731.0
00720000,compression,heuristic_sub,extra,0.8619938139801605,0.9835079928980832,6731.0
00720000,compression,zz_oracle,extra,0.8619938139801605,0.9835079928980832,6731.0
00650066,compression,coarse,extra,0.7475050978612996,0.9612356559722202,2869.0
00650066,compression,grefem_max,extra,0.6709365168545554,0.8404863833626368,53395.0
00650066,compression,grefem_mid,extra,0.8387820907737242,0.9726614616081926,60709.0
00650066,compression,grefem_none,extra,0.6864686948166637,0.8295193758957311,56028.0
00650066,compression,heuristic,extra,0.4740328150199713,0.5875447188241854,50829.0
00650066,compression,heuristic_sub,extra,0.4740328150199713,0.5875447188241854,50829.0
00650066,compression,zz_oracle,extra,0.333391883412638,0.7906810697497584,49114.0
00830032,compression,coarse,extra,0.0890166789222722,0.1673205217832478,6286.0
00830032,compression,grefem_max,extra,0.478989761087841,0.6997678061891274,39101.0
00830032,compression,grefem_mid,extra,0.4636139999297526,0.8173097795756474,40479.0
00830032,compression,grefem_none,extra,0.6640140146580418,0.9031976910437276,41113.0
00830032,compression,heuristic,extra,0.5692464072312265,0.8303312262669259,41348.0
00830032,compression,heuristic_sub,extra,0.6116467042934888,0.844395671230427,39813.0
00830032,compression,zz_oracle,extra,0.1517667710440354,0.5145023118217102,37271.0
00240025,compression,coarse,extra,0.9151740461349208,0.9872721869578108,2544.0
00240025,compression,grefem_max,extra,0.7875686354725867,0.976034876875481,9236.0
00240025,compression,grefem_mid,extra,0.7875686354725867,0.976034876875481,9236.0
00240025,compression,grefem_none,extra,0.7630707756511125,0.9659506704405072,16462.0
00240025,compression,heuristic,extra,0.8135051117204213,0.9334164486312572,9327.0
00240025,compression,heuristic_sub,extra,0.8395938960507908,0.9549026682363944,9364.0
00240025,compression,zz_oracle,extra,0.6046467228286702,0.7787063050407612,8364.0
00970056,compression,coarse,extra,0.9291316681057336,0.996069085502801,7921.0
00970056,compression,grefem_max,extra,0.8585941986872416,0.9814214942695352,127319.0
00970056,compression,grefem_mid,extra,0.8585941986872417,0.9814214942695352,127319.0
00970056,compression,grefem_none,extra,0.8357263488401564,0.9663911302289322,15269.0
00970056,compression,heuristic,extra,0.8706963622205497,0.9905591271263156,17955.0
00970056,compression,heuristic_sub,extra,0.8706963622205497,0.9905591271263156,17955.0
00970056,compression,zz_oracle,extra,0.7470968470230739,0.9609562185253278,131707.0
00380009,compression,coarse,extra,0.893251865087703,0.9665495385316925,2502.0
00380009,compression,grefem_max,extra,0.7281771048083566,0.9225757280572802,78650.0
00380009,compression,grefem_mid,extra,0.7904275808603507,0.9611505912512758,86768.0
00380009,compression,grefem_none,extra,0.7495387143105612,0.8881554732702113,83224.0
00380009,compression,heuristic,extra,0.5094272446395102,0.3180877853509405,81586.0
00380009,compression,heuristic_sub,extra,0.5094272446395102,0.3180877853509405,81586.0
00380009,compression,zz_oracle,extra,0.7007549116123774,0.9696586520182768,37411.0
00360058,bending_compression,coarse,extra,0.8758772036784295,0.962601704338782,2636.0
00840053,torsion,grefem_max,extra,0.5914394191235403,0.7362564240397835,142538.0
00840053,torsion,grefem_mid,extra,0.5914394191235403,0.7362564240397835,142538.0
00840053,torsion,grefem_none,extra,0.5812070275675465,0.6907779285329688,187307.0
00840053,torsion,heuristic,extra,0.5513616774363262,0.6758993873568151,143842.0
00840053,torsion,heuristic_sub,extra,0.5239133713408737,0.6429308837308535,142641.0
00840053,torsion,zz_oracle,extra,0.7469769544565087,0.9325926319943484,134358.0
00360016,torsion,grefem_max,extra,0.5363514896003542,0.9086500517341608,26136.0
00360016,torsion,grefem_mid,extra,0.6723061147512076,0.935394800259814,24479.0
00360016,torsion,grefem_none,extra,0.6948724889101203,0.9484599238315016,31487.0
00360016,torsion,heuristic,extra,0.7978724909173449,0.9576417326673312,27059.0
00360016,torsion,heuristic_sub,extra,0.7978724909173449,0.9576417326673308,27059.0
00360016,torsion,zz_oracle,extra,0.4764247104901731,0.8884701806127476,23617.0
00450037,torsion,grefem_max,extra,0.5349048741987836,3.619340674831708,13227.0
00450037,torsion,grefem_mid,extra,0.3923572626963065,0.8098196851776082,10626.0
00450037,torsion,grefem_none,extra,0.5349048741987836,3.619340674831708,13227.0
00450037,torsion,heuristic,extra,0.3411441965552891,0.6708230773993207,11944.0
00450037,torsion,heuristic_sub,extra,0.3411441965552891,0.6708230773993207,11944.0
00450037,torsion,zz_oracle,extra,0.2830449882614844,0.280670438808141,12126.0
00610003,torsion,grefem_max,extra,0.9156291938749176,0.9965814181623008,1679.0
00610003,torsion,grefem_mid,extra,0.8508047759333511,0.9951053486505392,19272.0
00610003,torsion,grefem_none,extra,0.8754966751029887,0.9941623732521108,3714.0
00610003,torsion,heuristic,extra,0.9156291938749176,0.9965814181623008,1679.0
00610003,torsion,heuristic_sub,extra,0.9156291938749176,0.9965814181623008,1679.0
00610003,torsion,zz_oracle,extra,0.9039257944118916,0.9931907858883016,1645.0
00450004,torsion,grefem_max,extra,0.3946349141011715,0.8214406640847147,44946.0
00450004,torsion,grefem_mid,extra,0.0610679580958287,0.2104167412243402,53581.0
00450004,torsion,grefem_none,extra,0.136955865900257,0.4286870935765852,51930.0
00450004,torsion,heuristic,extra,0.1322540430442623,0.3607028243329215,47150.0
00450004,torsion,heuristic_sub,extra,0.1583625255573263,0.3717401864315757,46921.0
00450004,torsion,zz_oracle,extra,0.3908007233949796,0.8520586417886903,23307.0
00010055,torsion,grefem_max,extra,0.729099179456724,0.9160372672260636,70484.0
00010055,torsion,grefem_mid,extra,0.5591312544559182,0.6601568200445161,69708.0
00010055,torsion,grefem_none,extra,0.6865356946127654,0.8525476302962881,88100.0
00010055,torsion,heuristic,extra,0.6785944082533624,0.888218624672211,77330.0
00010055,torsion,heuristic_sub,extra,0.6627247980965876,0.8768467306813158,77016.0
00010055,torsion,zz_oracle,extra,0.7540206293058765,0.9285900798609144,75417.0
00720092,torsion,grefem_max,extra,0.7920030529343048,0.948199580035001,5368.0
00720092,torsion,grefem_mid,extra,0.7920030529343048,0.948199580035001,5368.0
00720092,torsion,grefem_none,extra,0.7920030529343048,0.948199580035001,5368.0
00720092,torsion,heuristic,extra,0.7920030529343048,0.948199580035001,5368.0
00720092,torsion,heuristic_sub,extra,0.7920030529343048,0.948199580035001,5368.0
00720092,torsion,zz_oracle,extra,0.7920030529343048,0.948199580035001,5368.0
00990038,torsion,grefem_max,extra,0.6069805455588518,0.8646087486530817,138241.0
00990038,torsion,grefem_mid,extra,0.6069805455588517,0.8646087486530817,138241.0
00990038,torsion,grefem_none,extra,0.6069805455588517,0.8646087486530817,138241.0
00990038,torsion,heuristic,extra,0.6069805455588518,0.8646087486530817,138241.0
00990038,torsion,heuristic_sub,extra,0.6069805455588517,0.8646087486530817,138241.0
00990038,torsion,zz_oracle,extra,0.6069805455588517,0.8646087486530816,138241.0
00800032,torsion,grefem_max,extra,0.8330458399084082,0.9438627637286188,29362.0
00800032,torsion,grefem_mid,extra,0.7345452360986555,0.8768369900649374,22120.0
00800032,torsion,grefem_none,extra,0.9292236215372606,0.9929930632181788,24241.0
00800032,torsion,heuristic,extra,0.6613923361544708,0.8638084322562827,30639.0
00800032,torsion,heuristic_sub,extra,0.6801048162274254,0.8015285886820248,30353.0
00800032,torsion,zz_oracle,extra,0.8448635844053153,0.9495522842394803,27363.0
00710073,torsion,grefem_max,extra,0.4608043181810844,0.3409323595245344,32234.0
00710073,torsion,grefem_mid,extra,0.6237719274534068,0.8712294345596464,40338.0
00710073,torsion,grefem_none,extra,0.5192259850073256,0.4736947930768966,115160.0
00710073,torsion,heuristic,extra,0.645944965676599,0.6736324922952086,32802.0
00710073,torsion,heuristic_sub,extra,0.6706172684431788,0.7365556179135907,32322.0
00710073,torsion,zz_oracle,extra,0.8115300652970981,0.9800281860139668,30100.0
00990059,torsion,grefem_max,extra,0.4613075607094048,0.7772101881254385,36446.0
00990059,torsion,grefem_mid,extra,0.4721498660667549,0.8015820211096478,36681.0
00990059,torsion,grefem_none,extra,0.4257041176598328,0.608838295616324,67500.0
00990059,torsion,heuristic,extra,0.611870717482581,0.804647890296719,38461.0
00990059,torsion,heuristic_sub,extra,0.611870717482581,0.804647890296719,38461.0
00990059,torsion,zz_oracle,extra,0.4226970990357181,0.7356827526990708,35854.0
00830028,torsion,grefem_max,extra,0.7466727006396972,0.929212980149096,46370.0
00830028,torsion,grefem_mid,extra,0.7159585409380785,0.942121752674058,48311.0
00830028,torsion,grefem_none,extra,0.7140831025657618,0.7521942455445938,77060.0
00830028,torsion,heuristic,extra,0.7766306061371272,0.9440879111658544,48672.0
00830028,torsion,heuristic_sub,extra,0.7766306061371272,0.9440879111658544,48672.0
00830028,torsion,zz_oracle,extra,0.7993165190719049,0.9710182281060756,41767.0
00640016,torsion,grefem_max,extra,0.7140419330513573,0.927588641520386,30084.0
00640016,torsion,grefem_mid,extra,0.5201684863207657,0.6497406433656375,48004.0
00640016,torsion,grefem_none,extra,0.91013628444171,0.9867839566537492,6409.0
00640016,torsion,heuristic,extra,0.6815503459521002,0.9242483151290312,36904.0
00640016,torsion,heuristic_sub,extra,0.6629626889773887,0.8842084406825051,32840.0
00640016,torsion,zz_oracle,extra,0.6054636927720035,0.858706308574113,27137.0
00470075,torsion,grefem_max,extra,0.846472700850969,0.9903044131876068,56462.0
00470075,torsion,grefem_mid,extra,0.7698523421095559,0.9771506613558684,68022.0
00470075,torsion,grefem_none,extra,0.7485966617396269,0.9564775915554036,59238.0
00470075,torsion,heuristic,extra,0.7994255425248761,0.9784009281127116,50869.0
00470075,torsion,heuristic_sub,extra,0.7994255425248761,0.9784009281127116,50869.0
00470075,torsion,zz_oracle,extra,0.788386953308413,0.9761740644038422,53104.0
00890055,torsion,grefem_max,extra,0.2741804033101389,0.6003756580959683,113798.0
00890055,torsion,grefem_mid,extra,0.2741804033101389,0.6003756580959683,113798.0
00890055,torsion,grefem_none,extra,0.5173892702849751,0.919791827963741,103177.0
00890055,torsion,heuristic,extra,0.3907316466265393,0.8635681062836242,103467.0
00890055,torsion,heuristic_sub,extra,0.3907316466265393,0.8635681062836242,103467.0
00890055,torsion,zz_oracle,extra,0.0484092843898153,0.8699814752563743,109218.0
00930069,torsion,grefem_max,extra,0.5711054428296322,0.8221529564243972,19841.0
00930069,torsion,grefem_mid,extra,0.8442362960111607,0.9556235359543676,22900.0
00930069,torsion,grefem_none,extra,0.593405863809261,0.8135549829631604,30955.0
00930069,torsion,heuristic,extra,0.800527568238506,0.9808472574030448,21610.0
00930069,torsion,heuristic_sub,extra,0.5481962503443406,0.6724919695239624,21192.0
00930069,torsion,zz_oracle,extra,0.7876277433831625,0.9655119680696972,18483.0
00950068,torsion,grefem_max,extra,0.783501633392158,0.9734126965823084,46510.0
00950068,torsion,grefem_mid,extra,0.783501633392158,0.9734126965823084,46510.0
00950068,torsion,grefem_none,extra,0.3976147298056481,0.7955673055208669,46939.0
00950068,torsion,heuristic,extra,0.5471535827201559,0.9128698704796406,44412.0
00950068,torsion,heuristic_sub,extra,0.5471535827201559,0.9128698704796406,44412.0
00950068,torsion,zz_oracle,extra,0.3337391704235302,0.7158106752284622,43604.0
00840053,torsion,coarse,extra,0.9348367796450724,0.9959717633426302,6893.0
00570051,torsion,coarse,extra,0.89264874906495,0.993654156209256,3800.0
00570051,torsion,grefem_max,extra,0.9081949373074842,0.9989997582729996,11301.0
00570051,torsion,grefem_mid,extra,0.810218708368011,0.9916106623597034,9730.0
00570051,torsion,grefem_none,extra,0.938507955609328,0.998632670913941,10097.0
00570051,torsion,heuristic,extra,0.9406595984587092,0.9995110996622102,8710.0
00570051,torsion,heuristic_sub,extra,0.9406595984587092,0.9995110996622102,8710.0
00570051,torsion,zz_oracle,extra,0.9098778435295476,0.9977105173422524,7831.0
00580068,torsion,coarse,extra,0.8159756505884206,0.8862381914281785,2957.0
00580068,torsion,grefem_max,extra,0.8602922400116596,0.9840316112311028,50107.0
00580068,torsion,grefem_mid,extra,0.6202322447300349,0.7175637279852202,52828.0
00580068,torsion,grefem_none,extra,0.8434993772991246,0.9818847558761544,51749.0
00580068,torsion,heuristic,extra,0.4460859618888515,0.7800590534808142,47881.0
00580068,torsion,heuristic_sub,extra,0.4460859618888515,0.7800590534808142,47881.0
00580068,torsion,zz_oracle,extra,0.6015042835690779,0.9337585291460426,41055.0
00620020,torsion,coarse,extra,0.9225526484137628,0.9862774654587648,3100.0
00620020,torsion,grefem_max,extra,0.6921876615636001,0.9363761617704318,80794.0
00620020,torsion,grefem_mid,extra,0.5605998485067043,0.7065166598500419,86387.0
00620020,torsion,grefem_none,extra,0.7563028231710617,0.9605052995053828,42686.0
00620020,torsion,heuristic,extra,0.7212058668526579,0.9195507925064615,80283.0
00620020,torsion,heuristic_sub,extra,0.7212058668526579,0.9195507925064615,80283.0
00620020,torsion,zz_oracle,extra,0.4910293234905831,0.8032447573941879,77328.0
00530025,torsion,coarse,extra,0.7869024811055801,0.9474530807807038,2944.0
00530025,torsion,grefem_max,extra,0.5759070404600392,0.8765633940772946,73707.0
00530025,torsion,grefem_mid,extra,0.5336530823237653,0.9691261669020282,46185.0
00530025,torsion,grefem_none,extra,0.5850591670686807,0.9252360344663124,82021.0
00530025,torsion,heuristic,extra,0.1637375554427624,0.852202611322065,70526.0
00530025,torsion,heuristic_sub,extra,0.1637375554427624,0.852202611322065,70526.0
00530025,torsion,zz_oracle,extra,0.1060138194428435,0.6332522545310562,69868.0
00340068,torsion,coarse,extra,0.7596249490069393,0.9542262416961208,3029.0
00340068,torsion,grefem_max,extra,0.1366172190249029,0.4796241939165197,72261.0
00340068,torsion,grefem_mid,extra,0.1366172190249044,0.4796241939165209,72261.0
00340068,torsion,grefem_none,extra,0.3253901726134218,1.3259787366432438,83386.0
00340068,torsion,heuristic,extra,0.0722265582682912,0.2918018594356464,69062.0
00340068,torsion,heuristic_sub,extra,0.0722265582682912,0.2918018594356464,69062.0
00340068,torsion,zz_oracle,extra,0.0798902737764088,0.3602331178114594,73952.0
00840075,torsion,coarse,extra,0.8482070970880308,0.9956618495334748,5266.0
00840075,torsion,grefem_max,extra,0.6876281348961272,0.9607947476261506,104806.0
00840075,torsion,grefem_mid,extra,0.7815312541112638,0.9808316685653756,103115.0
00840075,torsion,grefem_none,extra,0.7957268666619539,0.9898689801352752,82139.0
00840075,torsion,heuristic,extra,0.7380870581764837,0.9592616905702164,108036.0
00840075,torsion,heuristic_sub,extra,0.7291324040318067,0.9679633301319026,107830.0
00840075,torsion,zz_oracle,extra,0.578305619986769,0.8831755361913691,98704.0
00620093,torsion,coarse,extra,0.8388298382028915,0.9573974778095484,3209.0
00620093,torsion,grefem_max,extra,0.8306138721756375,0.9581629501231788,15054.0
00620093,torsion,grefem_mid,extra,0.8306138721756375,0.9581629501231788,15054.0
00620093,torsion,grefem_none,extra,0.7086081862300011,0.9089707325173998,20417.0
00620093,torsion,heuristic,extra,0.9180598859862896,0.993023190398648,13766.0
00620093,torsion,heuristic_sub,extra,0.7775685601160472,0.951006900738571,12262.0
00620093,torsion,zz_oracle,extra,0.9167280043957092,0.990982334878796,13568.0
00720000,torsion,coarse,extra,0.8969131985014518,0.9921764276983622,3728.0
00720000,torsion,grefem_max,extra,0.8522382466549965,0.9894524500383478,6731.0
00720000,torsion,grefem_mid,extra,0.8522382466549965,0.9894524500383478,6731.0
00720000,torsion,grefem_none,extra,0.8522382466549965,0.9894524500383478,6731.0
00720000,torsion,heuristic,extra,0.8522382466549965,0.9894524500383478,6731.0
00720000,torsion,heuristic_sub,extra,0.8522382466549965,0.9894524500383478,6731.0
00720000,torsion,zz_oracle,extra,0.8522382466549965,0.9894524500383478,6731.0
00650066,torsion,coarse,extra,0.8536050344103514,0.988250751624716,2869.0
00650066,torsion,grefem_max,extra,0.5476433193904758,0.8532384571678784,50951.0
00650066,torsion,grefem_mid,extra,0.4951339963205859,0.5305629160590706,52509.0
00650066,torsion,grefem_none,extra,0.4576860731284859,0.648838089232393,53843.0
00650066,torsion,heuristic,extra,0.4158309251703154,0.6762528926590512,48569.0
00650066,torsion,heuristic_sub,extra,0.4158309251703154,0.6762528926590512,48569.0
00650066,torsion,zz_oracle,extra,0.2121965878249241,0.846044846940577,37605.0
00830032,torsion,coarse,extra,0.394587825159529,0.637071009835308,6286.0
00830032,torsion,grefem_max,extra,0.8314012703156829,0.987122462590656,42210.0
00830032,torsion,grefem_mid,extra,0.3939142131448702,0.7501788961620717,39101.0
00830032,torsion,grefem_none,extra,0.40040668162087,0.787177768952573,37758.0
00830032,torsion,heuristic,extra,0.451309526282021,0.871049780844309,43982.0
00830032,torsion,heuristic_sub,extra,0.672158615572696,0.9206060916060248,45257.0
00830032,torsion,zz_oracle,extra,0.1151207079114947,0.7259408401561837,40344.0
00240025,torsion,coarse,extra,0.8765792019606319,0.9912314196561364,2544.0
00240025,torsion,grefem_max,extra,0.7937249973270181,0.981905195812074,9235.0
00240025,torsion,grefem_mid,extra,0.7937249973270181,0.981905195812074,9235.0
00240025,torsion,grefem_none,extra,0.7437645721650289,0.9346765193059092,11121.0
00240025,torsion,heuristic,extra,0.7089253607997758,0.8546747607308688,9442.0
00240025,torsion,heuristic_sub,extra,0.726494984677507,0.868473547779965,9836.0
00240025,torsion,zz_oracle,extra,0.7957827706831839,0.982724491790642,9250.0
00970056,torsion,coarse,extra,0.9549711523705398,0.9987353036170868,7921.0
00970056,torsion,grefem_max,extra,0.8498191703722529,0.9755056516360197,127494.0
00970056,torsion,grefem_mid,extra,0.8598200768340066,0.9829279519357108,126904.0
00970056,torsion,grefem_none,extra,0.828134919447058,0.9719674761297626,127631.0
00970056,torsion,heuristic,extra,0.8816283393067862,0.9931834825579298,17955.0
00970056,torsion,heuristic_sub,extra,0.8816283393067862,0.9931834825579298,17955.0
00970056,torsion,zz_oracle,extra,0.8168329990027438,0.9876587549815627,123472.0
00380009,torsion,coarse,extra,0.9340203135076112,0.9891015101499204,2502.0
00380009,torsion,grefem_max,extra,0.7150084723883212,0.9293160958309008,57205.0
00380009,torsion,grefem_mid,extra,0.8193227837858196,0.9141385466638904,85395.0
00380009,torsion,grefem_none,extra,0.8855590259078552,0.9650818899139388,86078.0
00380009,torsion,heuristic,extra,0.647102530065388,0.6991356682748646,58503.0
00380009,torsion,heuristic_sub,extra,0.647102530065388,0.6991356682748646,58503.0
00380009,torsion,zz_oracle,extra,0.2042435389581733,0.7216414437743861,43540.0
00710073,compression,coarse,extra,0.9739529944312731,0.9972235366264344,5417.0
00320057,compression,coarse,extra,0.5569396181814836,0.6643078680770995,50462.0
00810023,torsion_compression,coarse,extra,0.7796043772923072,0.9228410321561435,3607.0
00170038,compression,coarse,extra,0.7742420189388816,0.9703208534846586,5263.0
00170038,compression,grefem_max,extra,0.8214087721936825,0.9931716939122398,14400.0
00170038,compression,grefem_mid,extra,0.8317529273238821,0.9952375289453234,16161.0
00170038,compression,grefem_none,extra,0.7643707910372125,0.9751705307320888,53612.0
00170038,compression,heuristic,extra,0.87257744305754,0.996316118329434,14616.0
00170038,compression,heuristic_sub,extra,0.8787725789571967,0.99574166852772,14490.0
00170038,compression,zz_oracle,extra,0.8347153017177538,0.9832226873089228,18221.0
00840053,torsion_compression,grefem_max,extra,0.571803604402032,0.7910957621632025,153605.0
00840053,torsion_compression,grefem_mid,extra,0.4507162737681635,0.5628712429956152,142788.0
00840053,torsion_compression,grefem_none,extra,0.4482608570473276,0.2265716301249304,187106.0
00840053,torsion_compression,heuristic,extra,0.4607609227132556,0.5533636010576465,143842.0
00840053,torsion_compression,heuristic_sub,extra,0.460760922712545,0.5533636010566246,143842.0
00840053,torsion_compression,zz_oracle,extra,0.6224118819896676,0.8743542421519979,63326.0
00360016,torsion_compression,grefem_max,extra,0.8259508945821459,0.9748550925385602,25792.0
00360016,torsion_compression,grefem_mid,extra,0.6163616271364716,0.931705010033645,25783.0
00360016,torsion_compression,grefem_none,extra,0.8719942404067395,0.9847754514623916,20665.0
00360016,torsion_compression,heuristic,extra,0.7594974226613774,0.9678230236051906,26834.0
00360016,torsion_compression,heuristic_sub,extra,0.7594974226613774,0.9678230236051906,26834.0
00360016,torsion_compression,zz_oracle,extra,0.6071354166654365,0.920154538343087,24126.0
00450037,torsion_compression,grefem_max,extra,0.890942485213072,0.9795166920394752,10626.0
00450037,torsion_compression,grefem_mid,extra,0.8579072187743232,0.992986796990663,13227.0
00450037,torsion_compression,grefem_none,extra,0.8579072187743232,0.992986796990663,13227.0
00450037,torsion_compression,heuristic,extra,0.8579219003433834,0.97833444146446,10255.0
00450037,torsion_compression,heuristic_sub,extra,0.8579219003433834,0.97833444146446,10255.0
00450037,torsion_compression,zz_oracle,extra,0.675311933984918,0.976138082085722,10817.0
00610003,torsion_compression,grefem_max,extra,0.761195460686096,0.9827661518740326,19272.0
00610003,torsion_compression,grefem_mid,extra,0.9318279678803112,0.9965247539547362,1679.0
00610003,torsion_compression,grefem_none,extra,0.7762450217149957,0.9873097266628984,21917.0
00610003,torsion_compression,heuristic,extra,0.3019033391655626,0.9395780330981496,16491.0
00610003,torsion_compression,heuristic_sub,extra,0.3019033391655626,0.9395780330981496,16491.0
00610003,torsion_compression,zz_oracle,extra,0.0071324072331008,0.9538754990497698,5387.0
00450004,torsion_compression,grefem_max,extra,0.935221758871805,0.9931382893560848,46296.0
00450004,torsion_compression,grefem_mid,extra,0.8193923488742976,0.9575846406338312,47916.0
00450004,torsion_compression,grefem_none,extra,0.7506552828272129,0.956107497425362,55743.0
00450004,torsion_compression,heuristic,extra,0.801068879057085,0.9528259162949962,47456.0
00450004,torsion_compression,heuristic_sub,extra,0.8081953175776804,0.9512324843059156,47415.0
00450004,torsion_compression,zz_oracle,extra,0.7196871432485401,0.9894036308724388,36240.0
00010055,torsion_compression,grefem_max,extra,0.8505551090747931,0.975661939671517,69708.0
00010055,torsion_compression,grefem_mid,extra,0.8116648366809577,0.9649693071588714,72191.0
00010055,torsion_compression,grefem_none,extra,0.6406627890031905,0.9360740960174672,88100.0
00010055,torsion_compression,heuristic,extra,0.6585195566581593,0.912016195860115,69232.0
00010055,torsion_compression,heuristic_sub,extra,0.7590026446049938,0.9517973586958316,69615.0
00010055,torsion_compression,zz_oracle,extra,0.5967289186538196,0.9060572649640006,63671.0
00720092,torsion_compression,grefem_max,extra,0.95948091602739,0.9929019364457036,5368.0
00720092,torsion_compression,grefem_mid,extra,0.95948091602739,0.9929019364457036,5368.0
00720092,torsion_compression,grefem_none,extra,0.95948091602739,0.9929019364457036,5368.0
00720092,torsion_compression,heuristic,extra,0.95948091602739,0.9929019364457036,5368.0
00720092,torsion_compression,heuristic_sub,extra,0.95948091602739,0.9929019364457036,5368.0
00720092,torsion_compression,zz_oracle,extra,0.95948091602739,0.9929019364457036,5368.0
00990038,torsion_compression,grefem_max,extra,0.6993960280418932,0.9440028772922496,138241.0
00990038,torsion_compression,grefem_mid,extra,0.7083665200044607,0.94683364252552,138241.0
00990038,torsion_compression,grefem_none,extra,0.6809754864242861,0.9388200662914395,138241.0
00990038,torsion_compression,heuristic,extra,0.6915108844687264,0.9418845204943797,138241.0
00990038,torsion_compression,heuristic_sub,extra,0.7138450373293656,0.9482482251690172,138241.0
00990038,torsion_compression,zz_oracle,extra,0.6809754864242861,0.9388200662914395,138241.0
00800032,torsion_compression,grefem_max,extra,0.7045067145862892,0.8979683650755882,28656.0
00800032,torsion_compression,grefem_mid,extra,0.7937968813654521,0.9096927244841752,28560.0
00800032,torsion_compression,grefem_none,extra,0.7576776629964795,0.9381734320841474,24195.0
00800032,torsion_compression,heuristic,extra,0.6772883616365426,0.8452800685221716,30639.0
00800032,torsion_compression,heuristic_sub,extra,0.6772883616365426,0.8452800685221716,30639.0
00800032,torsion_compression,zz_oracle,extra,0.7731761220247154,0.9064938435091174,27794.0
00710073,torsion_compression,grefem_max,extra,0.6694863472077714,0.9658132792550372,50292.0
00710073,torsion_compression,grefem_mid,extra,0.3800609776845434,0.7189441276147697,32234.0
00710073,torsion_compression,grefem_none,extra,0.2002087299995719,0.4538651566466329,115160.0
00710073,torsion_compression,heuristic,extra,0.4822328208857724,0.9152703347598004,52642.0
00710073,torsion_compression,heuristic_sub,extra,0.3112508304596132,0.7063723484386716,52055.0
00710073,torsion_compression,zz_oracle,extra,0.3343861807857364,0.3735117678314613,48318.0
00990059,torsion_compression,grefem_max,extra,0.4110689708359799,0.7787439092804175,30018.0
00990059,torsion_compression,grefem_mid,extra,0.6950706873910242,0.9562814344984668,63978.0
00990059,torsion_compression,grefem_none,extra,0.321006793853438,0.5013953939316037,67404.0
00990059,torsion_compression,heuristic,extra,0.2593074756442645,0.2728677995176638,32615.0
00990059,torsion_compression,heuristic_sub,extra,0.2593074756442645,0.2728677995176638,32615.0
00990059,torsion_compression,zz_oracle,extra,0.2669772684333599,0.3064660272930884,31567.0
00830028,torsion_compression,grefem_max,extra,0.7461185580003035,0.9153678645232248,44248.0
00830028,torsion_compression,grefem_mid,extra,0.7173843230950829,0.8872001990113403,32446.0
00830028,torsion_compression,grefem_none,extra,0.6786516633962774,0.8285093508566502,77060.0
00830028,torsion_compression,heuristic,extra,0.6960896281406683,0.828975344663503,47623.0
00830028,torsion_compression,heuristic_sub,extra,0.6960896281406683,0.828975344663503,47623.0
00830028,torsion_compression,zz_oracle,extra,0.5281859425660432,0.5124651526881552,47372.0
00640016,torsion_compression,grefem_max,extra,0.7707151608228191,0.9628024626401204,47768.0
00640016,torsion_compression,grefem_mid,extra,0.8297153564767761,0.976041871663369,42619.0
00640016,torsion_compression,grefem_none,extra,0.5957718968937431,0.9108538766477068,109352.0
00640016,torsion_compression,heuristic,extra,0.7072525546995607,0.9592608648037512,45151.0
00640016,torsion_compression,heuristic_sub,extra,0.7072525546995607,0.9592608648037512,45151.0
00640016,torsion_compression,zz_oracle,extra,0.3560276902480064,0.8811550537929123,27106.0
00470075,torsion_compression,grefem_max,extra,0.6874002544771284,0.9544596150236648,67856.0
00470075,torsion_compression,grefem_mid,extra,0.6874002544771284,0.9544596150236648,67856.0
00470075,torsion_compression,grefem_none,extra,0.6840886788616019,0.9524061196854426,56608.0
00470075,torsion_compression,heuristic,extra,0.7865098151073765,0.972619309680286,65616.0
00470075,torsion_compression,heuristic_sub,extra,0.7865098151073765,0.972619309680286,65616.0
00470075,torsion_compression,zz_oracle,extra,0.3482991020151702,0.4228270312504898,20603.0
00890055,torsion_compression,grefem_max,extra,6.765393252958623,50.89994542520962,113798.0
00890055,torsion_compression,grefem_mid,extra,4.740516555286364,14.427398141581618,114145.0
00890055,torsion_compression,grefem_none,extra,4.9607075000422,26.892784039232662,121200.0
00890055,torsion_compression,heuristic,extra,5.74291992018989,27.744887049280155,103467.0
00890055,torsion_compression,heuristic_sub,extra,5.74291992018989,27.744887049280155,103467.0
00890055,torsion_compression,zz_oracle,extra,1.382143379570509,1.2690876602241234,30761.0
00930069,torsion_compression,grefem_max,extra,0.6889827246674716,0.888825702885238,21239.0
00930069,torsion_compression,grefem_mid,extra,0.8969345365394312,0.9831649694959792,18866.0
00930069,torsion_compression,grefem_none,extra,0.998366195087936,0.999985382740608,30586.0
00930069,torsion_compression,heuristic,extra,0.5308777801458245,0.5762785337984337,22540.0
00930069,torsion_compression,heuristic_sub,extra,0.7157972198350109,0.8691029395247137,22679.0
00930069,torsion_compression,zz_oracle,extra,0.9447273865837696,0.997427774964768,16422.0
00950068,torsion_compression,grefem_max,extra,0.8027285811199794,0.9799688194419568,46510.0
00950068,torsion_compression,grefem_mid,extra,0.8027285811199794,0.9799688194419568,46510.0
00950068,torsion_compression,grefem_none,extra,0.7953974397151713,0.9811582815471857,46939.0
00950068,torsion_compression,heuristic,extra,0.8500810502200546,0.979871330122806,44412.0
00950068,torsion_compression,heuristic_sub,extra,0.8500810502200546,0.979871330122806,44412.0
00950068,torsion_compression,zz_oracle,extra,0.1736410576512367,0.9278114043696184,31777.0
00840053,torsion_compression,coarse,extra,0.89564792201694,0.9912341411352734,6893.0
00570051,torsion_compression,coarse,extra,0.9332615385624736,0.9992538725790772,3800.0
00570051,torsion_compression,grefem_max,extra,0.9698444194600466,0.9996831384023784,11784.0
00570051,torsion_compression,grefem_mid,extra,0.9561997245445836,0.9989410257249488,9730.0
00570051,torsion_compression,grefem_none,extra,0.9731198755738598,0.9997923916671992,10097.0
00570051,torsion_compression,heuristic,extra,0.9780085189543402,0.9998898844517964,8710.0
00570051,torsion_compression,heuristic_sub,extra,0.9780085189543402,0.9998898844517964,8710.0
00570051,torsion_compression,zz_oracle,extra,0.9561130754046108,0.9992069845726812,7831.0
00580068,torsion_compression,coarse,extra,0.8328828422726257,0.940616514966348,2957.0
00580068,torsion_compression,grefem_max,extra,0.9237535035158227,0.9913925298565182,50107.0
00580068,torsion_compression,grefem_mid,extra,0.9237535035158227,0.9913925298565182,50107.0
00580068,torsion_compression,grefem_none,extra,0.8579701528283241,0.9843897056376528,51749.0
00580068,torsion_compression,heuristic,extra,0.5662207551313777,0.9797103838611446,47881.0
00580068,torsion_compression,heuristic_sub,extra,0.5662207551313777,0.9797103838611446,47881.0
00580068,torsion_compression,zz_oracle,extra,0.9072762236503458,0.987154952555907,48278.0
00620020,torsion_compression,coarse,extra,0.9406648065741068,0.9897077090245112,3100.0
00620020,torsion_compression,grefem_max,extra,0.7805233381479729,0.9448989040994502,80794.0
00620020,torsion_compression,grefem_mid,extra,0.7235336464899863,0.859450477776863,86226.0
00620020,torsion_compression,grefem_none,extra,0.7646785601951169,0.9307557841274928,85641.0
00620020,torsion_compression,heuristic,extra,0.7649423352059135,0.951650387215509,80283.0
00620020,torsion_compression,heuristic_sub,extra,0.7649423352059135,0.951650387215509,80283.0
00620020,torsion_compression,zz_oracle,extra,0.1713382633121955,0.5194206202849416,59601.0
00530025,torsion_compression,coarse,extra,0.8645460220164136,0.9701318920529934,2944.0
00530025,torsion_compression,grefem_max,extra,0.7243591129166123,0.963948308332016,75240.0
00530025,torsion_compression,grefem_mid,extra,0.9315765429331316,0.992057716273235,37294.0
00530025,torsion_compression,grefem_none,extra,0.7049536287678851,0.95311657489852,82567.0
00530025,torsion_compression,heuristic,extra,0.5965616849005173,0.9707586633046354,71931.0
00530025,torsion_compression,heuristic_sub,extra,0.5965617690896335,0.9707586599018692,71931.0
00530025,torsion_compression,zz_oracle,extra,0.20143596563199,0.8011678755307277,69019.0
00340068,torsion_compression,coarse,extra,0.7982809264850631,0.9351974390973008,3029.0
00340068,torsion_compression,grefem_max,extra,0.512575402191159,0.8388733345749713,72261.0
00340068,torsion_compression,grefem_mid,extra,0.5275791441525772,0.8309833489369509,67615.0
00340068,torsion_compression,grefem_none,extra,0.4883853266478817,0.8416822675117018,71114.0
00340068,torsion_compression,heuristic,extra,0.4365362539310552,0.7954978574671143,69062.0
00340068,torsion_compression,heuristic_sub,extra,0.4365362539310552,0.7954978574671143,69062.0
00340068,torsion_compression,zz_oracle,extra,0.3576437879268876,0.5927721385606647,69167.0
00840075,torsion_compression,coarse,extra,0.7817622714442274,0.9934831591500628,5266.0
00840075,torsion_compression,grefem_max,extra,0.7477004403356913,0.980919836836928,105131.0
00840075,torsion_compression,grefem_mid,extra,0.6725761234909309,0.9464901944360672,97099.0
00840075,torsion_compression,grefem_none,extra,0.713137213317438,0.9691850024559236,91490.0
00840075,torsion_compression,heuristic,extra,0.7388995344010859,0.9711327289009428,108036.0
00840075,torsion_compression,heuristic_sub,extra,0.8315651526158196,0.9876462964863628,108097.0
00840075,torsion_compression,zz_oracle,extra,0.7044117162373396,0.9644535557339212,95110.0
00620093,torsion_compression,coarse,extra,0.9016204749673842,0.9681208654471818,3209.0
00620093,torsion_compression,grefem_max,extra,0.7554168568042003,0.9563156988168026,14422.0
00620093,torsion_compression,grefem_mid,extra,0.7778099721400162,0.967552167518552,12616.0
00620093,torsion_compression,grefem_none,extra,0.7198236625573242,0.9247625408776322,21361.0
00620093,torsion_compression,heuristic,extra,0.7744399051449341,0.9415931674395148,13068.0
00620093,torsion_compression,heuristic_sub,extra,0.7478517256036904,0.9547591848471524,12449.0
00620093,torsion_compression,zz_oracle,extra,0.7260488316508541,0.8633590508192666,13782.0
00720000,torsion_compression,coarse,extra,0.8896098996283872,0.9959676667409691,3728.0
00720000,torsion_compression,grefem_max,extra,0.8291133004461633,0.9851230362161872,6731.0
00720000,torsion_compression,grefem_mid,extra,0.8291133004461633,0.9851230362161872,6731.0
00720000,torsion_compression,grefem_none,extra,0.8291133004461633,0.9851230362161872,6731.0
00720000,torsion_compression,heuristic,extra,0.8291133004461633,0.9851230362161872,6731.0
00720000,torsion_compression,heuristic_sub,extra,0.8291133004461633,0.9851230362161872,6731.0
00720000,torsion_compression,zz_oracle,extra,0.8291133004461633,0.9851230362161872,6731.0
00650066,torsion_compression,coarse,extra,0.8406477997307339,0.9673243636891604,2869.0
00650066,torsion_compression,grefem_max,extra,0.7531372488680397,0.950956650530017,56671.0
00650066,torsion_compression,grefem_mid,extra,0.9079409501571766,0.9773810786110312,65283.0
00650066,torsion_compression,grefem_none,extra,0.7896922237920996,0.956701674111239,59458.0
00650066,torsion_compression,heuristic,extra,0.8376786469486265,0.968226279662901,53552.0
00650066,torsion_compression,heuristic_sub,extra,0.8376786469486265,0.968226279662901,53552.0
00650066,torsion_compression,zz_oracle,extra,0.6559130618385284,0.9648888189222514,49440.0
00830032,torsion_compression,coarse,extra,0.6128667510974746,0.9087525919610224,6286.0
00830032,torsion_compression,grefem_max,extra,0.5739312800514019,0.9374569693954968,39101.0
00830032,torsion_compression,grefem_mid,extra,0.8411602314512477,0.9826301469790903,42210.0
00830032,torsion_compression,grefem_none,extra,0.4811332117764956,0.8646675152931494,73058.0
00830032,torsion_compression,heuristic,extra,0.6348535995612244,0.9645153094975588,41348.0
00830032,torsion_compression,heuristic_sub,extra,0.8250510309254446,0.9881580818449832,42321.0
00830032,torsion_compression,zz_oracle,extra,0.6598702791765284,0.9682238489438992,36179.0
00240025,torsion_compression,coarse,extra,0.8765916157426293,0.9766731751391844,2544.0
00240025,torsion_compression,grefem_max,extra,0.783560832145163,0.958726255231962,9236.0
00240025,torsion_compression,grefem_mid,extra,0.783560832145163,0.958726255231962,9236.0
00240025,torsion_compression,grefem_none,extra,0.4373119919450369,0.5528292106117136,17927.0
00240025,torsion_compression,heuristic,extra,0.6733788387759122,0.7526615778975719,9327.0
00240025,torsion_compression,heuristic_sub,extra,0.6105250326314497,0.7335377722302022,9364.0
00240025,torsion_compression,zz_oracle,extra,0.7149629277420347,0.964412903064759,8598.0
00970056,torsion_compression,coarse,extra,0.8710328231933987,0.9947228755927428,7921.0
00970056,torsion_compression,grefem_max,extra,0.7383475898073183,0.9591404995178796,126904.0
00970056,torsion_compression,grefem_mid,extra,0.7383475898073183,0.9591404995178796,126904.0
00970056,torsion_compression,grefem_none,extra,0.4803660449066801,0.7208154074292038,15269.0
00970056,torsion_compression,heuristic,extra,0.6847863551344597,0.970022475701988,17955.0
00970056,torsion_compression,heuristic_sub,extra,0.6847863551344597,0.970022475701988,17955.0
00970056,torsion_compression,zz_oracle,extra,0.6089033082410005,0.4493134875263734,35556.0
00860010,bending_compression,grefem_max,extra,0.6704722258734455,0.9427822170264052,73918.0
00860010,bending_compression,grefem_mid,extra,0.6048532514306809,0.9161161609857869,29116.0
00860010,bending_compression,grefem_none,extra,0.6414656006933371,0.9397808888412726,102441.0
00860010,bending_compression,heuristic,extra,0.7130355861280999,0.947932476140984,70083.0
00860010,bending_compression,heuristic_sub,extra,0.7130355861280999,0.947932476140984,70083.0
00860010,bending_compression,zz_oracle,extra,0.5196752282651816,0.9262734575801423,71206.0
00240056,bending_compression,grefem_max,extra,0.8357823070151249,0.9727837613121484,7706.0
00240056,bending_compression,grefem_mid,extra,0.8531564971685267,0.9709587947915423,15009.0
00240056,bending_compression,grefem_none,extra,0.6079212494622255,0.945982609437058,81159.0
00240056,bending_compression,heuristic,extra,0.8771787729324532,0.975215265350494,7442.0
00240056,bending_compression,heuristic_sub,extra,0.8771787729324532,0.975215265350494,7442.0
00240056,bending_compression,zz_oracle,extra,0.5634983232770092,0.808563321223389,7912.0
00380054,bending_compression,grefem_max,extra,0.8229802267332309,0.990319267862979,31572.0
00380054,bending_compression,grefem_mid,extra,0.856754668319753,0.9874637642550484,30202.0
00380054,bending_compression,grefem_none,extra,0.8618251924283339,0.981067077945352,41542.0
00380054,bending_compression,heuristic,extra,0.4405622158833383,0.9485881482777748,32642.0
00380054,bending_compression,heuristic_sub,extra,0.3049352452157439,0.9141412049292326,33106.0
00380054,bending_compression,zz_oracle,extra,0.7019451743249462,0.9357368641216766,29025.0
00840052,bending_compression,grefem_max,extra,0.7235543743631849,0.9530369520310508,14859.0
00840052,bending_compression,grefem_mid,extra,0.8494658071462425,0.9676733696143802,30438.0
00840052,bending_compression,grefem_none,extra,0.7235543743631849,0.9530369520310508,14859.0
00840052,bending_compression,heuristic,extra,0.8247589633021708,0.96305104501828,16282.0
00840052,bending_compression,heuristic_sub,extra,0.7181692636024123,0.9431861987491929,14695.0
00840052,bending_compression,zz_oracle,extra,0.6614115780845441,0.9121388730621854,16279.0
00160092,bending_compression,grefem_max,extra,0.7490779560629325,0.9695443764701488,41845.0
00160092,bending_compression,grefem_mid,extra,0.759860034574325,0.9664598255577804,82732.0
00160092,bending_compression,grefem_none,extra,0.7971191378813364,0.9713922630041132,74091.0
00160092,bending_compression,heuristic,extra,0.7995037076526883,0.9724405851942142,39294.0
00160092,bending_compression,heuristic_sub,extra,0.8652029909070086,0.9908227945026424,40742.0
00160092,bending_compression,zz_oracle,extra,0.5687596494435041,0.9879821970549296,20264.0
00460016,bending_compression,grefem_max,extra,0.5907655749416711,0.7644339004432712,124915.0
00460016,bending_compression,grefem_mid,extra,0.5700922766178773,0.7686779258772471,122806.0
00460016,bending_compression,grefem_none,extra,0.5761837627498945,0.7455395847743346,132109.0
00460016,bending_compression,heuristic,extra,0.6313223072961586,0.7793095359437625,112889.0
00460016,bending_compression,heuristic_sub,extra,0.6495358478357113,0.894108959316271,114981.0
00460016,bending_compression,zz_oracle,extra,0.6124735114791298,0.7924168625295437,118436.0
00720089,bending_compression,grefem_max,extra,0.6523965231580048,0.9293604741526146,46433.0
00720089,bending_compression,grefem_mid,extra,0.690112145841749,0.9118459322398772,49752.0
00720089,bending_compression,grefem_none,extra,0.7346169943098994,0.924930441346683,44944.0
00720089,bending_compression,heuristic,extra,0.2791827117859178,0.9282003598080903,19508.0
00720089,bending_compression,heuristic_sub,extra,0.2791827117859178,0.9282003598080903,19508.0
00720089,bending_compression,zz_oracle,extra,0.6490850214169707,0.8879632989652916,45240.0
00760021,bending_compression,grefem_max,extra,0.7620194049151398,0.9707425644385784,248589.0
00760021,bending_compression,grefem_mid,extra,0.7620194049151398,0.9707425644385784,248589.0
00760021,bending_compression,grefem_none,extra,0.7620194049151607,0.9707425644385796,248589.0
00760021,bending_compression,heuristic,extra,0.7620194049151398,0.9707425644385784,248589.0
00760021,bending_compression,heuristic_sub,extra,0.7620194049151398,0.9707425644385784,248589.0
00760021,bending_compression,zz_oracle,extra,0.7620194049151398,0.9707425644385784,248589.0
00300090,bending_compression,grefem_max,extra,0.7137104592725698,0.957501592706306,76983.0
00300090,bending_compression,grefem_mid,extra,0.7137104721901599,0.957501596231056,76983.0
00300090,bending_compression,grefem_none,extra,0.7410842852691724,0.9633473065720332,91580.0
00300090,bending_compression,heuristic,extra,0.8487642354785784,0.9885876429358308,80743.0
00300090,bending_compression,heuristic_sub,extra,0.8487642354785784,0.9885876429358308,80743.0
00300090,bending_compression,zz_oracle,extra,0.3997956731039849,0.9548410526753762,70080.0
00360077,bending_compression,grefem_max,extra,0.4085660482637787,0.7169366069039413,169251.0
00360077,bending_compression,grefem_mid,extra,0.4176160647506298,0.7330480335844785,169611.0
00360077,bending_compression,grefem_none,extra,0.4204278229471638,0.7418830483192098,166540.0
00360077,bending_compression,heuristic,extra,0.175644828971262,0.4615793336545043,179207.0
00360077,bending_compression,heuristic_sub,extra,0.175644828971262,0.4615793336545043,179207.0
00360077,bending_compression,zz_oracle,extra,0.2862668344813092,0.7684170478313069,157183.0
00420062,bending_compression,grefem_max,extra,0.1953990737698177,0.0236572959533425,87446.0
00420062,bending_compression,grefem_mid,extra,0.2967617317768615,0.5947662167412964,79872.0
00420062,bending_compression,grefem_none,extra,0.6148234758028399,0.9051656765863186,99175.0
00420062,bending_compression,heuristic,extra,0.5974461271812248,0.9438114161491372,87425.0
00420062,bending_compression,heuristic_sub,extra,0.5974461271812248,0.9438114161491372,87425.0
00420062,bending_compression,zz_oracle,extra,0.0272069911497843,0.6413258977699504,83735.0
00030059,bending_compression,grefem_max,extra,0.3804309205279554,0.9484766922021476,5593.0
00030059,bending_compression,grefem_mid,extra,0.3804309205279554,0.9484766922021476,5593.0
00030059,bending_compression,grefem_none,extra,0.3804309205279554,0.9484766922021476,5593.0
00030059,bending_compression,heuristic,extra,0.3804309205279554,0.9484766922021476,5593.0
00030059,bending_compression,heuristic_sub,extra,0.3804309205279554,0.9484766922021476,5593.0
00030059,bending_compression,zz_oracle,extra,0.3804309205279554,0.9484766922021476,5593.0
00380012,bending_compression,grefem_max,extra,0.6122341701082904,0.8275034235551424,48110.0
00380012,bending_compression,grefem_mid,extra,0.5167333715200626,0.6333020741205602,48237.0
00380012,bending_compression,grefem_none,extra,0.5453403617758715,0.5931161613869903,48039.0
00380012,bending_compression,heuristic,extra,0.417130239740894,0.5075773139477153,46169.0
00380012,bending_compression,heuristic_sub,extra,0.417130239740894,0.5075773139477153,46169.0
00380012,bending_compression,zz_oracle,extra,0.6628012343917671,0.049301571407681,30450.0
00720000,bending_compression,grefem_max,extra,0.8856265208080771,0.9833152025860906,6731.0
00720000,bending_compression,grefem_mid,extra,0.8856265208080771,0.9833152025860906,6731.0
00720000,bending_compression,grefem_none,extra,0.8856265208080771,0.9833152025860906,6731.0
00720000,bending_compression,heuristic,extra,0.8856265208080771,0.9833152025860906,6731.0
00720000,bending_compression,heuristic_sub,extra,0.8856265208080771,0.9833152025860906,6731.0
00720000,bending_compression,zz_oracle,extra,0.8856265208080771,0.9833152025860906,6731.0
00650066,bending_compression,grefem_max,extra,0.9027250369810176,0.9796702156159504,56944.0
00650066,bending_compression,grefem_mid,extra,0.516176829013954,0.7299025872999297,53163.0
00650066,bending_compression,grefem_none,extra,0.6135627416257947,0.8910940098271148,59780.0
00650066,bending_compression,heuristic,extra,0.7148241411764504,0.9018641705811185,53570.0
00650066,bending_compression,heuristic_sub,extra,0.7148241411764504,0.9018641705811185,53570.0
00650066,bending_compression,zz_oracle,extra,0.4883823077323648,0.9534885219718414,16461.0
00190048,bending_compression,grefem_max,extra,0.7777577676721417,0.943498598443244,18753.0
00190048,bending_compression,grefem_mid,extra,0.7611005059797875,0.925891589180099,21854.0
00190048,bending_compression,grefem_none,extra,0.445920713819646,0.4908371414459839,32823.0
00190048,bending_compression,heuristic,extra,0.5640574347369438,0.8413104730010053,17533.0
00190048,bending_compression,heuristic_sub,extra,0.5640574347369438,0.8413104730010053,17533.0
00190048,bending_compression,zz_oracle,extra,0.6573481902018589,0.9454726468668522,18810.0
00230056,bending_compression,grefem_max,extra,0.5536697733596776,0.8074048183847056,71334.0
00230056,bending_compression,grefem_mid,extra,0.5511111854337152,0.7851390358168558,71131.0
00230056,bending_compression,grefem_none,extra,0.6059071221598918,0.922498581459117,67969.0
00230056,bending_compression,heuristic,extra,0.457027440212067,0.8166946047744736,72054.0
00230056,bending_compression,heuristic_sub,extra,0.457027440212067,0.8166946047744736,72054.0
00230056,bending_compression,zz_oracle,extra,0.7139769985140371,0.9143510726021534,58722.0
00650041,bending_compression,grefem_max,extra,0.2210053156245323,0.7831434055341419,54228.0
00650041,bending_compression,grefem_mid,extra,0.761168976751594,0.8909990341038531,58577.0
00650041,bending_compression,grefem_none,extra,0.381569320100075,0.6939101885252494,53819.0
00650041,bending_compression,heuristic,extra,0.269422401988053,0.7271161629045537,52283.0
00650041,bending_compression,heuristic_sub,extra,0.269422401988053,0.7271161629045537,52283.0
00650041,bending_compression,zz_oracle,extra,1.1059889036064388,0.3345700131714453,27414.0
00940092,bending_compression,grefem_max,extra,0.4815172104530663,0.6819448315767233,172588.0
00940092,bending_compression,grefem_mid,extra,0.5316624664571512,0.7444677909559394,164749.0
00940092,bending_compression,grefem_none,extra,0.5006482198587414,0.7833735341231807,193095.0
00940092,bending_compression,heuristic,extra,0.0223775270181977,0.5648099773987024,162643.0
00940092,bending_compression,heuristic_sub,extra,0.0223775270181977,0.5648099773987024,162643.0
00940092,bending_compression,zz_oracle,extra,0.2075939336524855,0.8583727840659141,75471.0
00870089,bending_compression,grefem_max,extra,0.3803910537422755,0.7499361707393165,17712.0
00870089,bending_compression,grefem_mid,extra,0.6324270429441502,0.8887789525882973,27070.0
00870089,bending_compression,grefem_none,extra,0.4586356225027341,0.7742286459036686,91383.0
00870089,bending_compression,heuristic,extra,0.4120561876845694,0.651357434378884,18008.0
00870089,bending_compression,heuristic_sub,extra,0.4120561876845694,0.651357434378884,18008.0
00870089,bending_compression,zz_oracle,extra,0.4571215532807265,0.689075657541426,18637.0
00860010,bending_compression,coarse,extra,0.7931233633326171,0.9839688279748748,2326.0
00240056,bending_compression,coarse,extra,0.6903642221562143,0.8460885434493864,4458.0
00790071,bending_compression,coarse,extra,0.7099155235350777,0.9921663395966576,6036.0
00790071,bending_compression,grefem_max,extra,0.6677243749667154,0.9450922251535504,110982.0
00790071,bending_compression,grefem_mid,extra,0.7078817336290286,0.9633348900673862,96783.0
00790071,bending_compression,grefem_none,extra,0.7428412652396842,0.976333546932692,103342.0
00790071,bending_compression,heuristic,extra,0.7629617033036501,0.9817793478865242,85828.0
00790071,bending_compression,heuristic_sub,extra,0.7161431331851061,0.9225211338070723,101372.0
00790071,bending_compression,zz_oracle,extra,0.1922922132764337,0.630367094075178,105329.0
00450037,bending_compression,coarse,extra,0.9040146345267984,0.990161571274171,2679.0
00450037,bending_compression,grefem_max,extra,0.8842835826975555,0.9788423969987096,10626.0
00450037,bending_compression,grefem_mid,extra,0.8035182523797135,0.9849839339633432,13227.0
00450037,bending_compression,grefem_none,extra,0.8035182523797135,0.9849839339633432,13227.0
00450037,bending_compression,heuristic,extra,0.7489875307139475,0.9636181136647436,10255.0
00450037,bending_compression,heuristic_sub,extra,0.7489875307139475,0.9636181136647436,10255.0
00450037,bending_compression,zz_oracle,extra,0.7518210131967825,0.9724560683654588,11493.0
00610003,bending_compression,coarse,extra,0.9364897460895358,0.9954109235473776,1507.0
00610003,bending_compression,grefem_max,extra,0.923660821534514,0.9951807596041428,1679.0
00610003,bending_compression,grefem_mid,extra,0.8036300526229516,0.987454674095006,19272.0
00610003,bending_compression,grefem_none,extra,0.9014778570048276,0.9899594897940128,3714.0
00610003,bending_compression,heuristic,extra,0.923660821534514,0.9951807596041428,1679.0
00610003,bending_compression,heuristic_sub,extra,0.923660821534514,0.9951807596041428,1679.0
00610003,bending_compression,zz_oracle,extra,0.923660821534514,0.9951807596041428,1679.0
00450004,bending_compression,coarse,extra,0.8204909724243598,0.9707919311423868,3103.0
00450004,bending_compression,grefem_max,extra,0.866263776098083,0.9790434414600212,43963.0
00450004,bending_compression,grefem_mid,extra,0.8541878473401714,0.9803183653419552,47921.0
00450004,bending_compression,grefem_none,extra,0.8455707149349304,0.9775718637450654,56013.0
00450004,bending_compression,heuristic,extra,0.8758570857646459,0.9833035381983906,45527.0
00450004,bending_compression,heuristic_sub,extra,0.826043655669029,0.9732320901408632,46059.0
00450004,bending_compression,zz_oracle,extra,0.6111944021976231,0.9453520376085452,25638.0
00010055,bending_compression,coarse,extra,0.8973869757625978,0.9791156945965788,4498.0
00010055,bending_compression,grefem_max,extra,0.670648662308095,0.7677143204071264,69708.0
00010055,bending_compression,grefem_mid,extra,0.8400121747971799,0.9647917964783426,72191.0
00010055,bending_compression,grefem_none,extra,0.7211810593198581,0.8594132916210483,88100.0
00010055,bending_compression,heuristic,extra,0.6663345181603032,0.7460430462635201,69232.0
00010055,bending_compression,heuristic_sub,extra,0.7758484532133465,0.8799609447765182,69615.0
00010055,bending_compression,zz_oracle,extra,0.6216785983890001,0.8652286143922833,64732.0
00720092,bending_compression,coarse,extra,0.9134453903815868,0.9867637146693934,2440.0
00720092,bending_compression,grefem_max,extra,0.8558006762625692,0.9834317248211768,5368.0
00720092,bending_compression,grefem_mid,extra,0.8558006762625692,0.9834317248211768,5368.0
00720092,bending_compression,grefem_none,extra,0.8558006762625692,0.9834317248211768,5368.0
00720092,bending_compression,heuristic,extra,0.8558006762625692,0.9834317248211768,5368.0
00720092,bending_compression,heuristic_sub,extra,0.8558006762625692,0.9834317248211768,5368.0
00720092,bending_compression,zz_oracle,extra,0.8558006762625692,0.9834317248211768,5368.0
00060017,bending_compression,coarse,extra,0.6191866006063064,0.8919193872775066,4954.0
00060017,bending_compression,grefem_max,extra,0.64761696130302,0.8936817861454868,229912.0
00060017,bending_compression,grefem_mid,extra,0.64761696130302,0.8936817861454868,229912.0
00060017,bending_compression,grefem_none,extra,0.6721129779800673,0.8576980370687681,230252.0
00060017,bending_compression,heuristic,extra,0.6453325422367676,0.8854214164116,229245.0
00060017,bending_compression,heuristic_sub,extra,0.6453325422367676,0.8854214164116,229245.0
00060017,bending_compression,zz_oracle,extra,0.4015084325660249,0.4850816661252409,228148.0
00660049,bending_compression,coarse,extra,0.8882738936371758,0.986007372348072,3315.0
00660049,bending_compression,grefem_max,extra,0.6661340283351551,0.9392334783327712,26306.0
00660049,bending_compression,grefem_mid,extra,0.8546750333450724,0.9835647080829676,22878.0
00660049,bending_compression,grefem_none,extra,0.8626848721242297,0.9878266925504876,31273.0
00660049,bending_compression,heuristic,extra,0.7997727978011526,0.97985312146575,25755.0
00660049,bending_compression,heuristic_sub,extra,0.7997727978011526,0.97985312146575,25755.0
00660049,bending_compression,zz_oracle,extra,0.8249078612701566,0.984542975667318,24769.0
00360088,bending_compression,coarse,extra,0.8162088194617307,0.9807230658814016,4159.0
00360088,bending_compression,grefem_max,extra,0.5849686058406942,0.7878029793237347,138214.0
00360088,bending_compression,grefem_mid,extra,0.6139825156273615,0.8632223937229996,142245.0
00360088,bending_compression,grefem_none,extra,0.6385324069228722,0.8817141778275299,138375.0
00360088,bending_compression,heuristic,extra,0.2317603459941993,0.1197243513021526,140595.0
00360088,bending_compression,heuristic_sub,extra,0.2317603459941993,0.1197243513021526,140595.0
00360088,bending_compression,zz_oracle,extra,0.3531867031877678,0.5357045221239393,136052.0
00180018,bending_compression,coarse,extra,0.1011716600638625,0.8915508509401097,5662.0
00180018,bending_compression,grefem_max,extra,0.7938723115588511,0.9569596828220888,117229.0
00180018,bending_compression,grefem_mid,extra,0.6198267415406318,0.9115811497544112,111133.0
00180018,bending_compression,grefem_none,extra,0.5735001299841552,0.8674257908412759,112114.0
00180018,bending_compression,heuristic,extra,0.5825291304325337,0.8446019457503982,115686.0
00180018,bending_compression,heuristic_sub,extra,0.5825291304325337,0.8446019457503982,115686.0
00180018,bending_compression,zz_oracle,extra,0.3884348948713503,0.5392963367991696,108205.0
00170011,bending_compression,coarse,extra,0.5541723298346108,0.9155187100508346,3151.0
00170011,bending_compression,grefem_max,extra,0.6838184273576722,0.8098915461534634,24833.0
00170011,bending_compression,grefem_mid,extra,0.6838184273576722,0.8098915461534634,24833.0
00170011,bending_compression,grefem_none,extra,0.7693747598109527,0.9428118623670936,26361.0
00170011,bending_compression,heuristic,extra,0.9220167580330264,0.990059067227826,26406.0
00170011,bending_compression,heuristic_sub,extra,0.8784774697780757,0.9838146751032644,26313.0
00170011,bending_compression,zz_oracle,extra,0.6461825790423876,0.8769780345947611,23094.0
00380031,bending_compression,coarse,extra,0.709678541694738,0.682143845017888,3814.0
00380031,bending_compression,grefem_max,extra,0.0138180450177323,1.319272137819436,88535.0
00380031,bending_compression,grefem_mid,extra,0.0273484445863468,0.0603215323722684,88839.0
00380031,bending_compression,grefem_none,extra,0.3409828749490621,3.243883162549977,81225.0
00380031,bending_compression,heuristic,extra,0.1841435931011558,0.5432338374882284,82104.0
00380031,bending_compression,heuristic_sub,extra,0.1841432510827547,0.5432335421724885,82104.0
00380031,bending_compression,zz_oracle,extra,1.2336441758761827,0.5202898634006518,44178.0
00250069,bending_compression,coarse,extra,0.8926316044829934,0.9903856545298846,3656.0
00250069,bending_compression,grefem_max,extra,0.8315787233652158,0.9693620843333076,59305.0
00250069,bending_compression,grefem_mid,extra,0.6526408994890249,0.9236557729851124,54233.0
00250069,bending_compression,grefem_none,extra,0.5260345451192416,0.8848792258929765,73592.0
00250069,bending_compression,heuristic,extra,0.7149980252747283,0.9646095134685576,55153.0
00250069,bending_compression,heuristic_sub,extra,0.6758662132417259,0.9379131292311678,54464.0
00250069,bending_compression,zz_oracle,extra,0.0214979689630934,0.853490389409983,33429.0
00060002,bending_compression,coarse,extra,0.4917311278302061,0.479334287240294,4393.0
00060002,bending_compression,grefem_max,extra,0.7451214102526272,0.9528807104722316,10504.0
00060002,bending_compression,grefem_mid,extra,0.7451214102526272,0.9528807104722316,10504.0
00060002,bending_compression,grefem_none,extra,0.7451214102526272,0.9528807104722316,10504.0
00060002,bending_compression,heuristic,extra,0.7451214102526272,0.9528807104722316,10504.0
00060002,bending_compression,heuristic_sub,extra,0.7451214102526272,0.9528807104722316,10504.0
00060002,bending_compression,zz_oracle,extra,0.7451214102526272,0.9528807104722316,10504.0
00410072,bending_compression,coarse,extra,0.8958415689501029,0.9976502308073812,2862.0
00410072,bending_compression,grefem_max,extra,0.8026660895853069,0.9817117852148244,80442.0
00410072,bending_compression,grefem_mid,extra,0.8048810083376896,0.9831570552766872,89249.0
00410072,bending_compression,grefem_none,extra,0.6777618029155331,0.9065279105517012,90244.0
00410072,bending_compression,heuristic,extra,0.7599904001319783,0.9725491926367812,84715.0
00410072,bending_compression,heuristic_sub,extra,0.7599904001319783,0.9725491926367812,84715.0
00410072,bending_compression,zz_oracle,extra,0.7687078434698164,0.9728389267019104,80170.0
00250013,bending_compression,coarse,extra,0.8568960311917161,0.9751159638211718,4903.0
00250013,bending_compression,grefem_max,extra,0.945363074572335,0.9948302211491038,87599.0
00250013,bending_compression,grefem_mid,extra,0.6408616193785693,0.8708665349795756,86964.0
00250013,bending_compression,grefem_none,extra,0.7147169766727275,0.9113701420957272,103716.0
00250013,bending_compression,heuristic,extra,0.4725494370310776,0.6644881716441731,91306.0
00250013,bending_compression,heuristic_sub,extra,0.6512387939849037,0.8828046115426245,91126.0
00250013,bending_compression,zz_oracle,extra,0.6842956931208634,0.937796550376334,76362.0
00640087,bending_compression,coarse,extra,0.8795273552299214,0.9796068144180222,5534.0
00640087,bending_compression,grefem_max,extra,0.6968272300617963,0.9402580481247153,21580.0
00640087,bending_compression,grefem_mid,extra,0.6968272300617963,0.9402580481247153,21580.0
00640087,bending_compression,grefem_none,extra,0.6968272300617963,0.9402580481247153,21580.0
00640087,bending_compression,heuristic,extra,0.6968272300617963,0.9402580481247153,21580.0
00640087,bending_compression,heuristic_sub,extra,0.6968272300617963,0.9402580481247153,21580.0
00640087,bending_compression,zz_oracle,extra,0.6968272300617963,0.9402580481247153,21580.0
00550073,bending_compression,coarse,extra,0.868347298083178,0.97382127781016,3042.0
00550073,bending_compression,grefem_max,extra,0.1193820300228371,0.4966572179988479,56762.0
00550073,bending_compression,grefem_mid,extra,0.1193820300228371,0.4966572179988479,56762.0
00550073,bending_compression,grefem_none,extra,0.6247826613787724,0.917432439645358,56850.0
00550073,bending_compression,heuristic,extra,0.6108869597382459,0.9244759217859913,55715.0
00550073,bending_compression,heuristic_sub,extra,0.6108869597382459,0.9244759217859913,55715.0
00550073,bending_compression,zz_oracle,extra,0.5392498633504071,0.040119063509371,51665.0
00870050,torsion_compression,coarse,extra,0.961772392816058,0.9986847731848087,2767.0
00650000,torsion_compression,coarse,extra,0.6334962612093163,0.8804284197824837,7672.0
00300036,compression,coarse,extra,0.9476066219146488,0.9962207407054536,2322.0
00300036,compression,grefem_max,extra,0.7755825352375627,0.9812867711779985,14526.0
00300036,compression,grefem_mid,extra,0.4806731839726098,0.6198434156640191,33620.0
00300036,compression,grefem_none,extra,0.6113326380998748,0.908603232850232,68024.0
00300036,compression,heuristic,extra,0.8699107693792106,0.9876937219473932,15841.0
00300036,compression,heuristic_sub,extra,0.8057305455516561,0.9535946107285096,15055.0
00300036,compression,zz_oracle,extra,0.4347127282301509,0.8485480223454509,13288.0
00140014,compression,coarse,extra,0.8926773665784979,0.9888254328452134,2300.0
00470088,compression,coarse,extra,0.8818280532003261,0.9835098407149672,11469.0
00720048,compression,coarse,extra,0.9212210356376792,0.973335226662566,4892.0
00460090,compression,coarse,extra,0.855478734226209,0.9904158136627492,2566.0
00950068,compression,coarse,extra,0.8479206563116858,0.9538471375924644,3113.0
00470088,torsion_compression,coarse,extra,0.8568512710343527,0.9784902085146536,11469.0
00720048,torsion_compression,coarse,extra,0.8654471308206825,0.961401900983575,4892.0
00460090,torsion_compression,coarse,extra,0.8995870651874054,0.9964035974388886,2566.0
00950068,torsion_compression,coarse,extra,0.824915591872613,0.9472783050454088,3113.0
00710039,torsion,coarse,extra,0.0315711556519833,0.9142507432481808,3714.0
00710073,torsion,coarse,extra,0.9748373010017916,0.9996178660598866,5417.0
00320057,torsion,coarse,extra,0.6892860607649286,0.9364532417418562,50462.0
00400083,compression,coarse,extra,0.8698435966140734,0.9897248880500882,2861.0
00610091,compression,coarse,extra,9.564441346470216,0.909223266864292,3715.0
00970010,compression,coarse,extra,0.8084205495380371,0.934777715782018,6175.0
00330020,compression,grefem_max,extra,0.8552386697708347,0.9492904756938786,166867.0
00330020,compression,grefem_mid,extra,0.7267302033269581,0.8029758373346458,164404.0
00330020,compression,grefem_none,extra,0.8125148634199684,0.9179104931562588,216491.0
00330020,compression,heuristic,extra,0.9519558218093472,0.9922639125937714,161886.0
00330020,compression,heuristic_sub,extra,0.698212387069694,0.7712095350123137,181370.0
00330020,compression,zz_oracle,extra,0.8104176393623846,0.9845183341439864,11814.0
00050000,compression,grefem_max,extra,0.6224356253595604,0.9187843750064864,15704.0
00050000,compression,grefem_mid,extra,0.6434309395993154,0.8452837387223968,49535.0
00050000,compression,grefem_none,extra,0.8372800938722977,0.980251134273254,51831.0
00050000,compression,heuristic,extra,0.6808052425614934,0.8780419804837034,15248.0
00050000,compression,heuristic_sub,extra,0.7625289106100955,0.9292499900429684,16143.0
00050000,compression,zz_oracle,extra,0.6054854153584255,0.8857697368021867,15241.0
00240090,compression,grefem_max,extra,0.7480179127445821,0.9597366070157036,34398.0
00240090,compression,grefem_mid,extra,0.7480179127445821,0.9597366070157036,34398.0
00240090,compression,grefem_none,extra,0.2331097687762078,0.5348879526267134,75339.0
00240090,compression,heuristic,extra,0.9611763909880788,0.9887127878400775,36971.0
00240090,compression,heuristic_sub,extra,0.8931457951194841,0.9798086218310048,36758.0
00240090,compression,zz_oracle,extra,0.7829025308685138,0.9750988372882252,36399.0
00570009,compression,grefem_max,extra,0.2433331077805406,0.8074541647740103,117602.0
00570009,compression,grefem_mid,extra,0.2568579647810165,0.3544808625346311,115188.0
00570009,compression,grefem_none,extra,0.4024902715560141,0.4326340733597802,79952.0
00570009,compression,heuristic,extra,0.3123703649675414,0.0101455336173533,114149.0
00570009,compression,heuristic_sub,extra,0.6190622464268576,0.188437937239644,110771.0
00570009,compression,zz_oracle,extra,0.6206839767538455,0.0311179651092039,112847.0
00100065,compression,grefem_max,extra,0.6448192635059079,0.967314873014032,186987.0
00100065,compression,grefem_mid,extra,0.4407761280959174,0.8790689774168777,203559.0
00100065,compression,grefem_none,extra,0.4534883521978767,0.9130235755031856,178960.0
00100065,compression,heuristic,extra,0.513056443291853,0.907496235643812,205070.0
00100065,compression,heuristic_sub,extra,0.513056443291853,0.907496235643812,205070.0
00100065,compression,zz_oracle,extra,0.5487411605465472,0.9370000530819,178490.0
00230055,compression,grefem_max,extra,0.9393126829691196,0.996113623739504,10649.0
00230055,compression,grefem_mid,extra,0.9235258378860314,0.9903450944996096,20328.0
00230055,compression,grefem_none,extra,0.6032759069155075,0.9437465024117548,22946.0
00230055,compression,heuristic,extra,0.7388693458711604,0.8999100507569865,11550.0
00230055,compression,heuristic_sub,extra,0.7388693458711604,0.8999100507569865,11550.0
00230055,compression,zz_oracle,extra,0.6644174018383834,0.8380560337362272,11590.0
00200078,compression,grefem_max,extra,0.5947436068654745,0.4878840786453567,14322.0
00200078,compression,grefem_mid,extra,0.4513291767785308,0.6984485298220869,43612.0
00200078,compression,grefem_none,extra,0.1804713082947969,0.0090629317188403,57452.0
00200078,compression,heuristic,extra,0.5537084725880964,0.6098025643367766,15369.0
00200078,compression,heuristic_sub,extra,0.5537084725880964,0.6098025643367766,15369.0
00200078,compression,zz_oracle,extra,0.5991491856562517,0.6413210928787872,11946.0
00660049,compression,grefem_max,extra,0.808543136554717,0.9902771794980716,22039.0
00660049,compression,grefem_mid,extra,0.7766336332780933,0.9885365967357164,29012.0
00660049,compression,grefem_none,extra,0.8883852432938963,0.9966459831961804,28986.0
00660049,compression,heuristic,extra,0.8526852976060332,0.9933071335309128,22112.0
00660049,compression,heuristic_sub,extra,0.8526852976060332,0.9933071335309128,22112.0
00660049,compression,zz_oracle,extra,0.6885725110525855,0.9759510602480572,20176.0
00360088,compression,grefem_max,extra,0.4111680490802037,0.4351713485307626,136963.0
00360088,compression,grefem_mid,extra,0.5134850547795614,0.8138776366680149,138256.0
00360088,compression,grefem_none,extra,0.458124726436872,0.7081273211820439,138329.0
00360088,compression,heuristic,extra,0.2730109832417265,0.1639071911458356,137644.0
00360088,compression,heuristic_sub,extra,0.2730109832417265,0.1639071911458356,137644.0
00360088,compression,zz_oracle,extra,0.2317008345884936,0.619340037426759,125552.0
00180018,compression,grefem_max,extra,0.6333742879462128,0.4712252621250074,90712.0
00180018,compression,grefem_mid,extra,0.0021168826170496,0.514652498016686,112730.0
00180018,compression,grefem_none,extra,0.345329171047797,0.7666969926009037,74834.0
00180018,compression,heuristic,extra,0.2923091687545794,0.2403723930120024,83561.0
00180018,compression,heuristic_sub,extra,0.2923091687545794,0.2403723930120024,83561.0
00180018,compression,zz_oracle,extra,0.3587392751200866,0.8840767335612898,82564.0
00170011,compression,grefem_max,extra,0.6984986939254118,0.9381959845341348,22771.0
00170011,compression,grefem_mid,extra,0.7459674012421987,0.95891020984641,24833.0
00170011,compression,grefem_none,extra,0.7925506296188284,0.9661402681062192,17179.0
00170011,compression,heuristic,extra,0.9511484636621594,0.9979123548023948,24519.0
00170011,compression,heuristic_sub,extra,0.961595271719124,0.9983283406948028,24272.0
00170011,compression,zz_oracle,extra,0.8082774744974773,0.9602931932214572,22825.0
00720048,compression,grefem_max,extra,0.781079949869586,0.8515068066194678,57642.0
00720048,compression,grefem_mid,extra,0.529542151252215,0.1051127205328734,60725.0
00720048,compression,grefem_none,extra,0.7354292900679804,0.7855181925296387,61914.0
00720048,compression,heuristic,extra,0.1755396113370809,0.4792653394901446,57775.0
00720048,compression,heuristic_sub,extra,0.1755396113370809,0.4792653394901446,57775.0
00720048,compression,zz_oracle,extra,0.1940518556990472,0.5697966122790162,16784.0
00160091,compression,grefem_max,extra,0.1157466626604887,0.4129783547306604,91013.0
00160091,compression,grefem_mid,extra,0.8753792667606737,2.402489866104126,132922.0
00160091,compression,grefem_none,extra,0.2165057256772797,1.2304116731730776,76131.0
00160091,compression,heuristic,extra,0.5569774972509917,0.5469164291688625,86528.0
00160091,compression,heuristic_sub,extra,0.4579647550227614,0.3297873642478667,98075.0
00160091,compression,zz_oracle,extra,0.4077873936990205,0.6917478835322962,25613.0
00850016,compression,grefem_max,extra,0.7859016593375977,0.9579608179119002,2590.0
00850016,compression,grefem_mid,extra,0.8820447797706452,0.9790883880457436,5317.0
00850016,compression,grefem_none,extra,0.741529348618246,0.9569817301108005,6350.0
00850016,compression,heuristic,extra,0.7859016593375977,0.9579608179119002,2590.0
00850016,compression,heuristic_sub,extra,0.7859016593375977,0.9579608179119002,2590.0
00850016,compression,zz_oracle,extra,0.7859016593375977,0.9579608179119002,2590.0
00140054,compression,grefem_max,extra,0.6559598247336534,0.8741966038061123,56598.0
00140054,compression,grefem_mid,extra,0.6559598247336534,0.8741966038061123,56598.0
00140054,compression,grefem_none,extra,0.7471618205338951,0.9719579070634417,54655.0
00140054,compression,heuristic,extra,0.6221303148471905,0.8487619254967109,55695.0
00140054,compression,heuristic_sub,extra,0.6221303148471905,0.8487619254967109,55695.0
00140054,compression,zz_oracle,extra,0.2077907301052779,0.7621386098176938,38057.0
00480008,compression,grefem_max,extra,0.6604778718552192,0.959109082091445,17489.0
00480008,compression,grefem_mid,extra,0.6327719232812004,0.9545248067684082,19170.0
00480008,compression,grefem_none,extra,0.8898284142557754,0.9867928231049962,7540.0
00480008,compression,heuristic,extra,0.3531836909593751,0.9538012547786868,16716.0
00480008,compression,heuristic_sub,extra,0.3531836909593751,0.9538012547786868,16716.0
00480008,compression,zz_oracle,extra,0.860529230446343,0.9823589518612604,8484.0
00910047,compression,grefem_max,extra,0.7551465356475657,0.828028958548281,62283.0
00910047,compression,grefem_mid,extra,0.8530822867769295,0.9736860759930548,63551.0
00910047,compression,grefem_none,extra,0.7675059675838125,0.837482245392728,58678.0
00910047,compression,heuristic,extra,0.8673522931695649,0.9757098646750938,62307.0
00910047,compression,heuristic_sub,extra,0.8673522931695649,0.9757098646750938,62307.0
00910047,compression,zz_oracle,extra,0.7305590007327989,0.883955831379041,59761.0
00710039,compression,grefem_max,extra,0.792504743392512,0.9714883572781372,47451.0
00710039,compression,grefem_mid,extra,0.8089703840464544,0.9692138271628608,52661.0
00710039,compression,grefem_none,extra,0.7607547964774541,0.9576159058500748,46535.0
00710039,compression,heuristic,extra,0.7314326160157254,0.9669491584539388,48878.0
00710039,compression,heuristic_sub,extra,0.7314326160157254,0.9669491584539388,48878.0
00710039,compression,zz_oracle,extra,0.7085189693384659,0.9464953638740408,46682.0
00750000,compression,grefem_max,extra,0.5159176632181907,0.875663235913909,11620.0
00750000,compression,grefem_mid,extra,0.7226044603348655,0.9298806512469532,23173.0
00750000,compression,grefem_none,extra,0.8304892774632306,0.987008588023492,7601.0
00750000,compression,heuristic,extra,0.8549445380747246,0.9738528213312592,10674.0
00750000,compression,heuristic_sub,extra,0.8452998211241252,0.9844050701647284,10824.0
00750000,compression,zz_oracle,extra,0.8829164262518003,0.9879827813986278,12450.0
00330020,compression,coarse,extra,0.8834219669940093,0.9443738936383226,2906.0
00050000,compression,coarse,extra,0.6907897711515971,0.9709826921776304,3824.0
00770080,compression,coarse,extra,0.915758996740936,0.9914443502033208,4446.0
00770080,compression,grefem_max,extra,0.2215410763518724,0.4057318832924785,136366.0
00770080,compression,grefem_mid,extra,0.7072414860838793,0.8533824017247338,102706.0
00770080,compression,grefem_none,extra,0.5309181325391333,0.7746545784246943,149967.0
00770080,compression,heuristic,extra,0.8128847034969415,0.9695550252994236,132769.0
00770080,compression,heuristic_sub,extra,0.8131773951773958,0.9696326895053474,132769.0
00770080,compression,zz_oracle,extra,0.3229604406062054,0.6381130133991819,14099.0
00740023,compression,coarse,extra,0.9227124320152328,0.9944905185155564,2649.0
00740023,compression,grefem_max,extra,0.7406005288834554,0.9760606443116956,47370.0
00740023,compression,grefem_mid,extra,0.6598933843681726,0.9294056927729276,62720.0
00740023,compression,grefem_none,extra,0.6256594825238773,0.9454555383516696,69653.0
00740023,compression,heuristic,extra,0.5583626282332839,0.9068825133225988,48177.0
00740023,compression,heuristic_sub,extra,0.5583626282332839,0.9068825133225988,48177.0
00740023,compression,zz_oracle,extra,0.4311971884090629,0.6723779266627706,43147.0
00650012,compression,coarse,extra,0.7576331196277347,0.9925160884680058,2555.0
00270002,compression,coarse,extra,0.8101684507337686,0.9866082455610432,7224.0
00300090,compression,coarse,extra,0.9058206294472232,0.9984571758378266,5655.0
00300090,compression,grefem_max,extra,0.7767302500369009,0.9818768573494062,103605.0
00300090,compression,grefem_mid,extra,0.7970108974050186,0.9839268062842096,92741.0
00300090,compression,grefem_none,extra,0.8097681693233365,0.9868458667772526,91292.0
00300090,compression,heuristic,extra,0.8798898926706225,0.995984631882034,108317.0
00300090,compression,heuristic_sub,extra,0.8798898930926967,0.9959846319166504,108317.0
00300090,compression,zz_oracle,extra,0.5552860295442427,0.9833398722785974,85397.0
00860049,compression,coarse,extra,0.962645132023253,0.994875784359605,2206.0
00860049,compression,grefem_max,extra,0.7785718241233162,0.9363327073399282,24112.0
00860049,compression,grefem_mid,extra,0.8844389393876122,0.9624145920206092,22760.0
00860049,compression,grefem_none,extra,0.6961821885282116,0.8721101047448281,47018.0
00860049,compression,heuristic,extra,0.8537793034333462,0.9410161143731166,12312.0
00860049,compression,heuristic_sub,extra,0.8537793034333462,0.9410161143731166,12312.0
00860049,compression,zz_oracle,extra,0.3615561752528182,0.662393597378657,22496.0
00800032,compression,coarse,extra,0.891734773815874,0.9803720462884656,2054.0
00410062,compression,coarse,extra,0.7413098176616228,0.9167442108755188,5643.0
00410062,compression,grefem_max,extra,0.6906918210396804,0.9463004700236496,33132.0
00410062,compression,grefem_mid,extra,0.6247806824738382,0.9212543345450794,33362.0
00410062,compression,grefem_none,extra,0.8147254244657588,0.9591594117208416,8749.0
00410062,compression,heuristic,extra,0.6741218358798013,0.929522056985981,33910.0
00410062,compression,heuristic_sub,extra,0.6741218358798013,0.929522056985981,33910.0
00410062,compression,zz_oracle,extra,0.5199210445498427,0.7773324349219831,29831.0
00830083,compression,coarse,extra,0.8664212542035218,0.9699871843196172,3101.0
00830083,compression,grefem_max,extra,0.6512986503176124,0.8952200754489623,73091.0
00830083,compression,grefem_mid,extra,0.6134996442716206,0.8215740003779921,73562.0
00830083,compression,grefem_none,extra,0.606409506764265,0.7372215815775457,74925.0
00830083,compression,heuristic,extra,0.6354757604936572,0.6676491471458593,69986.0
00830083,compression,heuristic_sub,extra,0.6354757604936572,0.6676491471458593,69986.0
00830083,compression,zz_oracle,extra,0.2452296217790283,0.2362141594568545,68597.0
00360058,compression,coarse,extra,0.9160690688091508,0.9733949378966746,2636.0
00760084,compression,coarse,extra,0.8570501665674826,0.9628636483820664,4818.0
00410074,compression,coarse,extra,0.8838619148521843,0.975213159981958,2177.0
00710039,bending,coarse,extra,0.1753354064441168,0.9194264692523004,3714.0
00710073,bending,coarse,extra,0.9888793199281896,0.999826761182111,5417.0
00320057,bending,coarse,extra,0.5852936975973156,0.8031929281631555,50462.0
00930001,bending,grefem_none,extra,0.8116256886732267,0.9876722429306588,256835.0
00930001,bending,heuristic,extra,1.024239902618123,0.666080770214085,282658.0
00930001,bending,heuristic_sub,extra,0.0360742728972524,0.7754552971477766,266188.0
00930001,bending,zz_oracle,extra,0.1817118953029398,0.6538910660388152,267360.0
00400083,bending,coarse,extra,0.8626593207235957,0.9904903308834034,2861.0
00610091,bending,coarse,extra,1.0032378814453842,0.981302244400841,3715.0
00970010,bending,coarse,extra,0.7106420902980274,0.895833225489977,6175.0
00360014,bending_compression,coarse,extra,0.8802653773712267,0.987507812138496,4419.0
00400099,bending_compression,coarse,extra,0.165670804146147,0.961415579335323,7325.0
00690084,bending,grefem_max,extra,0.9617059587408064,0.9978346058743444,1888.0
00690084,bending,grefem_mid,extra,0.6888505552465776,0.962622255968891,13131.0
00690084,bending,grefem_none,extra,0.7740524366908881,0.9828807283528482,16607.0
00690084,bending,heuristic,extra,0.9275865045631764,0.99104990628328,1839.0
00690084,bending,heuristic_sub,extra,0.9275865045631764,0.99104990628328,1839.0
00690084,bending,zz_oracle,extra,0.9275865045631764,0.99104990628328,1839.0
00570051,bending,grefem_max,extra,0.9328902113389947,0.9995203966023758,12416.0
00570051,bending,grefem_mid,extra,0.925401415303746,0.9986347296314608,8161.0
00570051,bending,grefem_none,extra,0.9127875768916088,0.9986426809457196,10097.0
00570051,bending,heuristic,extra,0.9379703661611004,0.9994189108458864,8710.0
00570051,bending,heuristic_sub,extra,0.9379703661611004,0.9994189108458864,8710.0
00570051,bending,zz_oracle,extra,0.9519945915488924,0.998994353298828,7831.0
00220069,bending,grefem_max,extra,0.7565055385589411,0.9533483567343634,36361.0
00220069,bending,grefem_mid,extra,0.8667519323168213,0.9922044024313876,39152.0
00220069,bending,grefem_none,extra,0.8614129117242576,0.9888902808654496,15498.0
00220069,bending,heuristic,extra,0.8002699089543392,0.943782972197083,32903.0
00220069,bending,heuristic_sub,extra,0.9369643657861532,0.9968301888661398,38464.0
00220069,bending,zz_oracle,extra,0.877548796991205,0.9968137631499748,35668.0
00350001,bending,grefem_max,extra,0.1498927187167112,0.2136383639680708,76364.0
00350001,bending,grefem_mid,extra,0.6073727543058558,0.8221794009943153,89063.0
00350001,bending,grefem_none,extra,0.4129409878939076,0.5954460183892966,131369.0
00350001,bending,heuristic,extra,0.2457459942960738,0.4225672999051885,68744.0
00350001,bending,heuristic_sub,extra,0.742705930850334,7.441964192189357,76805.0
00350001,bending,zz_oracle,extra,0.2048157740399591,0.249992234286827,71269.0
00650065,bending,grefem_max,extra,0.790141766420944,0.9007645274269024,5685.0
00650065,bending,grefem_mid,extra,0.3120564222680012,0.1324524674227753,46895.0
00650065,bending,grefem_none,extra,0.2528007852090315,0.4476352321211723,58125.0
00650065,bending,heuristic,extra,0.7676125853491312,0.8516677055117053,6225.0
00650065,bending,heuristic_sub,extra,0.7676125853491312,0.8516677055117053,6225.0
00650065,bending,zz_oracle,extra,0.8006842198500446,0.8773497716061206,5963.0
00860026,bending,grefem_max,extra,0.7132064332181557,0.890829547278494,162797.0
00860026,bending,grefem_mid,extra,0.8042902103635768,0.9669465903567948,162839.0
00860026,bending,grefem_none,extra,0.6136701840025387,0.8110909225385486,163067.0
00860026,bending,heuristic,extra,0.7334745176255256,0.9231010314996596,163573.0
00860026,bending,heuristic_sub,extra,0.7621063049406557,0.9465353315719328,162810.0
00860026,bending,zz_oracle,extra,0.7560498864951499,0.933986860456674,163352.0
00480056,bending,grefem_max,extra,0.91268590232442,0.9905768044337392,4721.0
00480056,bending,grefem_mid,extra,0.9361282832707136,0.9922952609541342,4270.0
00480056,bending,grefem_none,extra,0.958276511340273,0.9937332646657738,6771.0
00480056,bending,heuristic,extra,0.9306940627925612,0.989348080153157,4931.0
00480056,bending,heuristic_sub,extra,0.6084037169948502,0.9535941930642434,5056.0
00480056,bending,zz_oracle,extra,0.8286721096339786,0.9753447200412284,4987.0
00470088,bending,grefem_max,extra,0.4801297487914046,0.7318761555122407,91296.0
00470088,bending,grefem_mid,extra,0.6007424140627569,0.8626238735993959,102190.0
00470088,bending,grefem_none,extra,0.6674827666482872,0.917498235986592,113570.0
00470088,bending,heuristic,extra,0.7819580124892321,0.9563397192918808,96522.0
00470088,bending,heuristic_sub,extra,0.7819580124892321,0.9563397192918808,96522.0
00470088,bending,zz_oracle,extra,0.7029605560567435,0.9456637168417894,75688.0
00160031,bending,grefem_max,extra,0.5540160682922214,0.9060862899575212,18208.0
00160031,bending,grefem_mid,extra,0.4582091776662253,0.8362334535433,21668.0
00160031,bending,grefem_none,extra,0.5842136726651956,0.8845930307669274,20766.0
00160031,bending,heuristic,extra,0.0384408451572542,0.7346353264074507,16537.0
00160031,bending,heuristic_sub,extra,0.6032908717774685,0.9397902216630404,17477.0
00160031,bending,zz_oracle,extra,0.5433264023615475,0.8983279790217079,17783.0
00550067,bending,grefem_max,extra,0.4205412197045257,0.5828980822632018,63278.0
00550067,bending,grefem_mid,extra,0.8680357313398949,0.977788621056752,3385.0
00550067,bending,grefem_none,extra,0.2194437181917411,0.3105233129507226,63264.0
00550067,bending,heuristic,extra,0.2923678960156795,0.6740268387274042,58671.0
00550067,bending,heuristic_sub,extra,0.2923678960156795,0.6740268387274042,58671.0
00550067,bending,zz_oracle,extra,0.0020923371070764,0.1662013114023461,63461.0
00380080,bending,grefem_max,extra,0.6783785306640965,0.9337183345333152,54265.0
00380080,bending,grefem_mid,extra,0.5926547735806127,0.8706617947308541,75658.0
00380080,bending,grefem_none,extra,0.5242289331216483,0.8501925926664494,100856.0
00380080,bending,heuristic,extra,0.6743808419025853,0.9213217215317449,50643.0
00380080,bending,heuristic_sub,extra,0.6445527359556741,0.9098043819289072,50088.0
00380080,bending,zz_oracle,extra,0.5373939324291285,0.8370764573108216,56383.0
00410062,bending,grefem_max,extra,0.5505178172401829,0.8425530313306471,35478.0
00410062,bending,grefem_mid,extra,0.7276282784527356,0.954794109477434,38208.0
00410062,bending,grefem_none,extra,0.5702593165860629,0.8042247329006073,53152.0
00410062,bending,heuristic,extra,0.4478151388533558,0.8024824382418514,33910.0
00410062,bending,heuristic_sub,extra,0.4478151388533558,0.8024824382418514,33910.0
00410062,bending,zz_oracle,extra,0.3842709889723547,0.7549633572669299,33944.0
00830083,bending,grefem_max,extra,0.7694009211917053,0.90294885002922,55420.0
00830083,bending,grefem_mid,extra,0.621207834387955,0.6755204496821995,82615.0
00830083,bending,grefem_none,extra,0.5588385482659695,0.5473686561534575,91470.0
00830083,bending,heuristic,extra,0.7812591063954671,0.891500333985361,56629.0
00830083,bending,heuristic_sub,extra,0.7812591063954671,0.891500333985361,56629.0
00830083,bending,zz_oracle,extra,0.8240018785086693,0.9708219675023952,52310.0
00360014,bending,grefem_max,extra,0.7914965072815795,0.924966504411546,151333.0
00360014,bending,grefem_mid,extra,0.7211868797432982,0.9257390669989496,155672.0
00360014,bending,grefem_none,extra,0.8094300893029805,0.9524605443910102,155917.0
00360014,bending,heuristic,extra,0.6826359849785818,0.901846710565078,145580.0
00360014,bending,heuristic_sub,extra,0.6826377542908979,0.901847951968104,145580.0
00360014,bending,zz_oracle,extra,0.0977313847106122,0.0311570283172188,58719.0
00870050,bending,grefem_max,extra,0.6802714469743092,0.9691077268648238,73154.0
00870050,bending,grefem_mid,extra,0.8993060831832826,0.994067577073369,19519.0
00870050,bending,grefem_none,extra,0.5581452898391107,0.7933606503903602,130156.0
00870050,bending,heuristic,extra,0.5493857931379508,0.8344713154847441,69507.0
00870050,bending,heuristic_sub,extra,0.6733944774734429,0.944322678270992,69929.0
00870050,bending,zz_oracle,extra,0.4314803932207418,0.958253291720254,25793.0
00140014,bending,grefem_max,extra,0.802039422955092,0.9522076546988324,50360.0
00140014,bending,grefem_mid,extra,0.802039422955092,0.9522076546988324,50360.0
00140014,bending,grefem_none,extra,0.802039422955092,0.9522076546988324,50360.0
00140014,bending,heuristic,extra,0.8529568795394749,0.9604356818130082,49493.0
00140014,bending,heuristic_sub,extra,0.7786036158349232,0.9174311605252634,47968.0
00140014,bending,zz_oracle,extra,0.7390495245924936,0.9272082521166298,47228.0
00320057,bending,grefem_max,extra,0.5283706251376795,0.8158173754796197,311539.0
00320057,bending,grefem_mid,extra,0.5536214951320825,0.8723341407553774,264577.0
00320057,bending,grefem_none,extra,0.3213615652012037,0.5066600501890041,360590.0
00320057,bending,heuristic,extra,0.8121403654057793,0.9688799824622496,321605.0
00320057,bending,heuristic_sub,extra,0.7110688991837203,0.957910195267758,306833.0
00320057,bending,zz_oracle,extra,0.6173240023849275,0.956880397731081,232032.0
00700046,bending,grefem_max,extra,0.5507696549644809,0.9360002234071476,10195.0
00700046,bending,grefem_mid,extra,0.7767755122640014,0.9939938170285334,12702.0
00700046,bending,grefem_none,extra,0.5003873346229275,0.7888340606732691,28655.0
00700046,bending,heuristic,extra,0.9775550982647884,0.9996418453607272,10196.0
00700046,bending,heuristic_sub,extra,0.8505811185719462,0.9759481017747036,10397.0
00700046,bending,zz_oracle,extra,0.5766820955127454,0.9637958426908728,9222.0
00400099,bending,grefem_max,extra,0.8266670763167423,0.989379398558369,142630.0
00400099,bending,grefem_mid,extra,0.9164505309698427,0.9970015355332388,132219.0
00400099,bending,grefem_none,extra,0.8824475614717052,0.9945125283075488,111794.0
00400099,bending,heuristic,extra,0.8100496861443864,0.9566709905375655,143729.0
00400099,bending,heuristic_sub,extra,0.8100496861443864,0.9566709905375655,143729.0
00400099,bending,zz_oracle,extra,0.1387785435836595,0.4786266648763649,43651.0
00650000,bending,grefem_max,extra,0.2770022960039266,0.5064986570334374,180662.0
00650000,bending,grefem_mid,extra,0.0223721886835231,0.4846007138998677,101961.0
00650000,bending,grefem_none,extra,0.0761830164303203,0.3604340348005501,225773.0
00650000,bending,heuristic,extra,0.4584704541756188,0.690356981790479,53512.0
00650000,bending,heuristic_sub,extra,0.4584704541756188,0.690356981790479,53512.0
00650000,bending,zz_oracle,extra,0.3442923269508146,0.4864300642403892,101361.0
00690084,bending,coarse,extra,0.9283842556573092,0.9947522290739084,1618.0
00530022,bending,coarse,extra,0.6972317790512907,0.8243742557544752,2739.0
00290076,bending,coarse,extra,0.8993443341348285,0.9927729751453072,3850.0
00240090,bending,coarse,extra,0.6365343705870005,0.8585383228113992,8246.0
00240090,bending,grefem_max,extra,0.8652646224857202,0.9861269236467354,35252.0
00240090,bending,grefem_mid,extra,0.4689880739693481,0.8252100133296798,34204.0
00240090,bending,grefem_none,extra,0.2832215341519857,4.351408414007249,75339.0
00240090,bending,heuristic,extra,0.7550951484239892,0.8387911853427401,38640.0
00240090,bending,heuristic_sub,extra,0.928911025849438,0.9848183513086056,34761.0
00240090,bending,zz_oracle,extra,0.0284238640617669,2.875138774105372,37761.0
00570009,bending,coarse,extra,0.7657512125854268,0.9784694652191932,18192.0
00570009,bending,grefem_max,extra,0.2952733799524653,0.6352628010860607,104743.0
00570009,bending,grefem_mid,extra,0.3570369467168769,0.844544774934281,110168.0
00570009,bending,grefem_none,extra,0.4697361373364005,0.0668655241874314,87966.0
00570009,bending,heuristic,extra,0.1109315359846609,0.4204113466915955,114149.0
00570009,bending,heuristic_sub,extra,0.0527877167716096,0.6747202742918539,111433.0
00570009,bending,zz_oracle,extra,0.0547844254610322,0.5159066721766243,95501.0
00100065,bending,coarse,extra,0.1691141473751697,0.9921177047686262,12679.0
00100065,bending,grefem_max,extra,0.5954692918908512,0.9576499910223808,184197.0
00100065,bending,grefem_mid,extra,0.6418748053626623,0.956012643660994,188901.0
00100065,bending,grefem_none,extra,0.3161573935392563,0.8762560638571787,166877.0
00100065,bending,heuristic,extra,0.6872270692646643,0.9748351038247856,177579.0
00100065,bending,heuristic_sub,extra,0.6872270692646643,0.9748351038247856,177579.0
00100065,bending,zz_oracle,extra,0.7525356176593608,0.9787719958028576,169455.0
00230055,bending,coarse,extra,0.7703621965455846,0.9715110562369932,7296.0
00230055,bending,grefem_max,extra,0.9278503157376158,0.9962435884706572,10649.0
00230055,bending,grefem_mid,extra,0.5438481958495194,0.9278094113420116,20734.0
00230055,bending,grefem_none,extra,0.3540319912172108,0.6083657528412926,22030.0
00230055,bending,heuristic,extra,0.7678194656900607,0.8607898706129691,11550.0
00230055,bending,heuristic_sub,extra,0.7678194656900607,0.8607898706129691,11550.0
00230055,bending,zz_oracle,extra,0.8442001501608821,0.976869152317436,11598.0
00200078,bending,coarse,extra,0.3313032047111248,0.0157788117954992,8288.0
00200078,bending,grefem_max,extra,0.5314602214950106,0.7012478515230082,10139.0
00200078,bending,grefem_mid,extra,0.4822111391447562,0.6883013182816957,39369.0
00200078,bending,grefem_none,extra,0.5482509051111677,1.478482757652401,89001.0
00200078,bending,heuristic,extra,0.6807524150360122,0.8726101094457347,11125.0
00200078,bending,heuristic_sub,extra,0.6807524150360122,0.8726101094457347,11125.0
00200078,bending,zz_oracle,extra,0.2723741176889795,0.1086485244566407,11144.0
00080038,bending,coarse,extra,0.9314601103532436,0.9988176497324158,2225.0
00080038,bending,grefem_max,extra,0.7384759886596101,0.9790291074298726,40787.0
00080038,bending,grefem_mid,extra,0.7670763566315256,0.9804423893656962,46697.0
00080038,bending,grefem_none,extra,0.7303758763892824,0.9841982375773858,63377.0
00080038,bending,heuristic,extra,0.7826135850592546,0.9810838768093508,39210.0
00080038,bending,heuristic_sub,extra,0.7826135850592546,0.9810838768093508,39210.0
00080038,bending,zz_oracle,extra,0.938374344318193,0.996612242292056,37219.0
00420062,bending,coarse,extra,0.6418734648739738,0.984884573069199,2187.0
00420062,bending,grefem_max,extra,0.391344406215541,0.2188861299248258,63839.0
00420062,bending,grefem_mid,extra,0.4495793687392959,0.6819793982627386,93983.0
00420062,bending,grefem_none,extra,0.3128364132615094,0.0233313535196585,91332.0
00420062,bending,heuristic,extra,0.6383653018142532,0.8745030648701173,61490.0
00420062,bending,heuristic_sub,extra,0.6383653018142532,0.8745030648701173,61490.0
00420062,bending,zz_oracle,extra,0.0899514608627485,0.5683354296423803,59945.0
00030059,bending,coarse,extra,0.8871666293010888,0.9052022475353898,4046.0
00030059,bending,grefem_max,extra,0.8342770467408055,0.9435935398564588,5593.0
00030059,bending,grefem_mid,extra,0.8342770467408055,0.9435935398564588,5593.0
00030059,bending,grefem_none,extra,0.8342770467408055,0.9435935398564588,5593.0
00030059,bending,heuristic,extra,0.8342770467408055,0.9435935398564588,5593.0
00030059,bending,heuristic_sub,extra,0.8342770467408055,0.9435935398564588,5593.0
00030059,bending,zz_oracle,extra,0.8342770467408055,0.9435935398564588,5593.0
00380012,bending,coarse,extra,0.954916168615276,0.9968165214411178,2095.0
00380012,bending,grefem_max,extra,0.8324384251576886,0.9611583593720476,47039.0
00380012,bending,grefem_mid,extra,0.9005858182970402,0.9791667957945008,48002.0
00380012,bending,grefem_none,extra,0.8731232959354046,0.9812596046891908,37130.0
00380012,bending,heuristic,extra,0.6581696845387432,0.8442723390004284,46169.0
00380012,bending,heuristic_sub,extra,0.6581696845387432,0.8442723390004284,46169.0
00380012,bending,zz_oracle,extra,0.0216005881511326,0.7491318386880539,28875.0
00820090,bending,coarse,extra,0.4151247301912586,0.939481277533778,3692.0
00820090,bending,grefem_max,extra,0.5382085566882123,0.8469104376690356,69220.0
00820090,bending,grefem_mid,extra,0.5947237528407556,0.8541155294142996,69536.0
00820090,bending,grefem_none,extra,0.3711793905968273,0.0237752071647205,75896.0
00820090,bending,heuristic,extra,0.5677803648689635,0.8062349233297534,73635.0
00820090,bending,heuristic_sub,extra,0.600725128480294,0.7772134252968528,70623.0
00820090,bending,zz_oracle,extra,0.5840072740868628,0.8516232543881722,65771.0
00830028,bending,coarse,extra,0.9165701713872344,0.9940997555769568,2595.0
00830028,bending,grefem_max,extra,0.8364827464003111,0.969073120954986,46370.0
00830028,bending,grefem_mid,extra,0.8364827464003111,0.969073120954986,46370.0
00830028,bending,grefem_none,extra,0.8191432049511999,0.9180010758790348,77060.0
00830028,bending,heuristic,extra,0.8289540868362232,0.9338534113797344,48672.0
00830028,bending,heuristic_sub,extra,0.8289540868362232,0.9338534113797344,48672.0
00830028,bending,zz_oracle,extra,0.7723582254192332,0.8858321239423724,43196.0
00640016,bending,coarse,extra,0.9386880230296728,0.9921179130700924,3911.0
00640016,bending,grefem_max,extra,0.8007312206490786,0.955356082405424,47768.0
00640016,bending,grefem_mid,extra,0.5271540745997035,0.6888245022731395,98385.0
00640016,bending,grefem_none,extra,0.4267186095428366,0.32162893513245,97893.0
00640016,bending,heuristic,extra,0.6021318603637217,0.8551912969317307,45151.0
00640016,bending,heuristic_sub,extra,0.6021318603637217,0.8551912969317307,45151.0
00640016,bending,zz_oracle,extra,0.808527511016627,0.9454732699979392,43823.0
00470075,bending,coarse,extra,0.9383488161216644,0.9942350030417147,3007.0
00470075,bending,grefem_max,extra,0.8749225651832776,0.9960352786621812,56610.0
00470075,bending,grefem_mid,extra,0.8079240762349771,0.9790886739797776,67956.0
00470075,bending,grefem_none,extra,0.8397213844048342,0.974340364391082,68221.0
00470075,bending,heuristic,extra,0.7061318022067901,0.9452748916614956,55846.0
00470075,bending,heuristic_sub,extra,0.7061318022067901,0.9452748916614956,55846.0
00470075,bending,zz_oracle,extra,0.8531552468627308,0.9852012425004268,54436.0
00890055,bending,coarse,extra,0.6708026745954537,0.9018664122011188,4105.0
00890055,bending,grefem_max,extra,0.5186589545928091,0.9284048370750662,111450.0
00890055,bending,grefem_mid,extra,0.5141598806244203,0.9434489424774536,99799.0
00890055,bending,grefem_none,extra,0.6942480201497857,0.9447942992735392,78187.0
00890055,bending,heuristic,extra,0.2516129341270937,0.8576156810283434,102738.0
00890055,bending,heuristic_sub,extra,0.2516129341270937,0.8576156810283434,102738.0
00890055,bending,zz_oracle,extra,0.548896167479761,0.9207541705445498,83605.0
00300036,torsion,coarse,extra,0.8170943699535941,0.973645699004242,2322.0
00300036,torsion,grefem_max,extra,0.2361685615149908,0.6652929556365886,18060.0
00300036,torsion,grefem_mid,extra,0.7466645963104045,0.9709772777697806,18868.0
00300036,torsion,grefem_none,extra,0.2508617907472101,0.6785293192914019,30924.0
00300036,torsion,heuristic,extra,0.4135410460541839,0.5482876549477835,19035.0
00300036,torsion,heuristic_sub,extra,0.6896778020929502,0.912059732298492,19662.0
00300036,torsion,zz_oracle,extra,0.0295383788287189,0.4600929658186692,17665.0
00140014,torsion,coarse,extra,0.9053909879914231,0.995428566102622,2300.0
00360014,bending,coarse,extra,0.8880762413426426,0.9917831742157264,4419.0
00400099,bending,coarse,extra,0.4692773341949931,0.9844840258854756,7325.0
00860010,torsion,grefem_max,extra,0.7159578366089397,0.9646197008822848,29116.0
00860010,torsion,grefem_mid,extra,0.7159578366089397,0.9646197008822848,29116.0
00860010,torsion,grefem_none,extra,0.6313409943537607,0.9492590798481928,102441.0
00860010,torsion,heuristic,extra,0.6031697730631095,0.9097090050814876,27987.0
00860010,torsion,heuristic_sub,extra,0.7260078577095262,0.9499467862481762,27409.0
00860010,torsion,zz_oracle,extra,0.680283691280579,0.9893394930015448,31909.0
00240056,torsion,grefem_max,extra,0.9026095777553058,0.987545211248072,7331.0
00240056,torsion,grefem_mid,extra,0.9318851797714248,0.9996469021133502,5349.0
00240056,torsion,grefem_none,extra,0.6662701625870238,0.9192112367335614,97159.0
00240056,torsion,heuristic,extra,0.8834414290923581,0.9988141108823388,7442.0
00240056,torsion,heuristic_sub,extra,0.8834414290923581,0.9988141108823388,7442.0
00240056,torsion,zz_oracle,extra,0.9755033644225684,0.9993966669734144,7698.0
00380054,torsion,grefem_max,extra,0.7029405928563561,0.9544608385436956,33164.0
00380054,torsion,grefem_mid,extra,0.6443976304119237,0.949486768762315,37934.0
00380054,torsion,grefem_none,extra,0.7487035839845183,0.9775609859219024,43338.0
00380054,torsion,heuristic,extra,0.7065230679566408,0.9794617309777004,33637.0
00380054,torsion,heuristic_sub,extra,0.7065230679566408,0.9794617309777004,33637.0
00380054,torsion,zz_oracle,extra,0.8190033761908054,0.9929672349880472,34919.0
00840052,torsion,grefem_max,extra,0.8059425798116845,0.9689901105202048,14859.0
00840052,torsion,grefem_mid,extra,0.8059425798116845,0.9689901105202048,14859.0
00840052,torsion,grefem_none,extra,0.8059425798116845,0.9689901105202048,14859.0
00840052,torsion,heuristic,extra,0.8568277996615842,0.9929886278832012,16282.0
00840052,torsion,heuristic_sub,extra,0.7860757719256628,0.9354553296794124,14700.0
00840052,torsion,zz_oracle,extra,0.7267172232979356,0.8683596442305208,16256.0
00160092,torsion,grefem_max,extra,0.6295159320786229,0.9849610535377744,63372.0
00160092,torsion,grefem_mid,extra,0.2574794302586045,0.9510666481786456,66428.0
00160092,torsion,grefem_none,extra,0.6850771409474429,0.9579820131822098,70352.0
00160092,torsion,heuristic,extra,0.8061478606910276,0.961810764035082,60911.0
00160092,torsion,heuristic_sub,extra,0.7442366374439737,0.9952674075157236,61818.0
00160092,torsion,zz_oracle,extra,0.4117084460968709,0.9585072212647666,24435.0
00460016,torsion,grefem_max,extra,0.572279938485069,0.9231129296254056,122806.0
00460016,torsion,grefem_mid,extra,0.572279938485069,0.9231129296254056,122806.0
00460016,torsion,grefem_none,extra,0.580154839697849,0.92385678959701,132770.0
00460016,torsion,heuristic,extra,0.64781859329004,0.9423069402049684,127324.0
00460016,torsion,heuristic_sub,extra,0.6507131804442908,0.918515455240008,115189.0
00460016,torsion,zz_oracle,extra,0.5619286159889947,0.9262324642130264,125588.0
00720089,torsion,grefem_max,extra,0.4975104356069439,0.6346036715613718,45567.0
00720089,torsion,grefem_mid,extra,0.7449284282700133,0.926299151600139,48915.0
00720089,torsion,grefem_none,extra,0.5964020116895405,0.8280888923929532,34122.0
00720089,torsion,heuristic,extra,0.2495833702251606,0.865502959747544,19508.0
00720089,torsion,heuristic_sub,extra,0.2495833702251606,0.865502959747544,19508.0
00720089,torsion,zz_oracle,extra,0.7553091286872524,0.9419437865779988,40665.0
00760021,torsion,grefem_max,extra,0.4482442137027903,0.7884204499931586,248589.0
00760021,torsion,grefem_mid,extra,0.4482442137027903,0.7884204499931586,248589.0
00760021,torsion,grefem_none,extra,0.4482442137027903,0.7884204499931586,248589.0
00760021,torsion,heuristic,extra,0.4482442137027903,0.7884204499931586,248589.0
00760021,torsion,heuristic_sub,extra,0.4482442137027903,0.7884204499931586,248589.0
00760021,torsion,zz_oracle,extra,0.4482442137027903,0.7884204499931586,248589.0
00300090,torsion,grefem_max,extra,0.7591567582749731,0.9757735323932746,82177.0
00300090,torsion,grefem_mid,extra,0.6723387276264309,0.9492599594854826,76254.0
00300090,torsion,grefem_none,extra,0.6987909994654182,0.9721321555513368,92118.0
00300090,torsion,heuristic,extra,0.7646462444567987,0.984279445087296,85122.0
00300090,torsion,heuristic_sub,extra,0.7646462444567987,0.984279445087296,85122.0
00300090,torsion,zz_oracle,extra,0.4549310634632791,0.9591806585906478,76358.0
00360077,torsion,grefem_max,extra,0.3627453333681604,0.6845056386962566,172765.0
00360077,torsion,grefem_mid,extra,0.4434627398259891,0.7940826241498248,173968.0
00360077,torsion,grefem_none,extra,0.4012019141696267,0.7561614949670679,173392.0
00360077,torsion,heuristic,extra,0.4730279929364165,0.8230480248700638,182870.0
00360077,torsion,heuristic_sub,extra,0.4730279929364165,0.8230480248700638,182870.0
00360077,torsion,zz_oracle,extra,0.3026617565399954,0.7576412028460962,152672.0
00420062,torsion,grefem_max,extra,0.0448456002626609,1.039669485957542,94240.0
00420062,torsion,grefem_mid,extra,0.0397847646024689,0.9643290100548196,93669.0
00420062,torsion,grefem_none,extra,0.0037980389613599,0.7284328942495062,91332.0
00420062,torsion,heuristic,extra,0.1938916097630612,0.8868251678560298,95960.0
00420062,torsion,heuristic_sub,extra,0.1938916097630612,0.8868251678560298,95960.0
00420062,torsion,zz_oracle,extra,0.3814505047785377,0.5329056978188369,80924.0
00030059,torsion,grefem_max,extra,0.6713614042826224,0.6551953552278955,5593.0
00030059,torsion,grefem_mid,extra,0.6713614042826224,0.6551953552278955,5593.0
00030059,torsion,grefem_none,extra,0.6713614042826224,0.6551953552278955,5593.0
00030059,torsion,heuristic,extra,0.6713614042826224,0.6551953552278955,5593.0
00030059,torsion,heuristic_sub,extra,0.6713614042826224,0.6551953552278955,5593.0
00030059,torsion,zz_oracle,extra,0.6713614042826224,0.6551953552278955,5593.0
00380012,torsion,grefem_max,extra,0.7637387018634259,0.9313296661845198,48110.0
00380012,torsion,grefem_mid,extra,0.4765430488977416,0.9248808363382574,24414.0
00380012,torsion,grefem_none,extra,0.5873693069116279,0.9327001708479786,24702.0
00380012,torsion,heuristic,extra,0.559288275774691,0.7108729408906858,46169.0
00380012,torsion,heuristic_sub,extra,0.559288275774691,0.7108729408906858,46169.0
00380012,torsion,zz_oracle,extra,0.619726876207821,0.1744077912683389,37316.0
00190048,torsion,grefem_max,extra,0.6761175528912148,0.8678653705093805,21450.0
00190048,torsion,grefem_mid,extra,0.6761175528912148,0.8678653705093805,21450.0
00190048,torsion,grefem_none,extra,0.4196937932063085,0.3307599200373598,29781.0
00190048,torsion,heuristic,extra,0.5282611711648812,0.7482445131237023,19728.0
00190048,torsion,heuristic_sub,extra,0.5282611711648812,0.7482445131237023,19728.0
00190048,torsion,zz_oracle,extra,0.7194544991208953,0.8623341378642697,10254.0
00230056,torsion,grefem_max,extra,0.6869873683321385,0.919368478075184,71334.0
00230056,torsion,grefem_mid,extra,0.6869873683321385,0.919368478075184,71334.0
00230056,torsion,grefem_none,extra,0.694688843851714,0.9418333890180208,73405.0
00230056,torsion,heuristic,extra,0.2724365045546976,0.8559185110642699,72054.0
00230056,torsion,heuristic_sub,extra,0.2724365045546976,0.8559185110642699,72054.0
00230056,torsion,zz_oracle,extra,0.8731479498885167,0.3877126569615162,39261.0
00650041,torsion,grefem_max,extra,0.7651595621037284,0.9361432563464772,61813.0
00650041,torsion,grefem_mid,extra,0.6791274768166554,0.8325375291117374,61291.0
00650041,torsion,grefem_none,extra,0.7298280183995971,0.9165333215783624,62020.0
00650041,torsion,heuristic,extra,0.7617551725872757,0.9713200714937648,59491.0
00650041,torsion,heuristic_sub,extra,0.7617551725872757,0.9713200714937648,59491.0
00650041,torsion,zz_oracle,extra,0.6145753393399754,0.8548659046488135,62194.0
00940092,torsion,grefem_max,extra,0.816288572731178,0.9663450731006374,51436.0
00940092,torsion,grefem_mid,extra,0.3010325144834831,0.4262197397654986,166885.0
00940092,torsion,grefem_none,extra,0.4098596172366212,0.7114369740194395,195299.0
00940092,torsion,heuristic,extra,0.5335721973562183,0.829948368579723,53236.0
00940092,torsion,heuristic_sub,extra,0.5335721973562183,0.829948368579723,53236.0
00940092,torsion,zz_oracle,extra,0.7414247465225801,0.9715521327417432,47578.0
00870089,torsion,grefem_max,extra,0.1676574618287475,0.4830597207337196,33445.0
00870089,torsion,grefem_mid,extra,0.0679009971481025,0.62725193314122,41324.0
00870089,torsion,grefem_none,extra,0.070132197842856,0.6396140044419134,94258.0
00870089,torsion,heuristic,extra,0.7469820851972372,0.9558219065436444,33604.0
00870089,torsion,heuristic_sub,extra,0.7469820851972372,0.9558219065436444,33604.0
00870089,torsion,zz_oracle,extra,0.5586663931032531,0.9287011210658012,28749.0
00860010,torsion,coarse,extra,0.9152269246824628,0.996707986929411,2326.0
00240056,torsion,coarse,extra,0.9049482411673748,0.9809854290050248,4458.0
00790071,torsion,coarse,extra,0.5379989218654474,0.994117461206761,6036.0
00790071,torsion,grefem_max,extra,0.6715698610247456,0.9551082802491668,77226.0
00790071,torsion,grefem_mid,extra,0.6419347707835555,0.9050402626920832,77879.0
00790071,torsion,grefem_none,extra,0.601563786253057,0.8729298627884094,112006.0
00790071,torsion,heuristic,extra,0.8118098315253224,0.9898763971703428,82513.0
00790071,torsion,heuristic_sub,extra,0.7817905532367762,0.9823672596220406,78278.0
00790071,torsion,zz_oracle,extra,0.6564803707071727,0.9734371226097528,73347.0
00450037,torsion,coarse,extra,0.8206824435071884,0.9718984016073472,2679.0
00610003,torsion,coarse,extra,0.9134463205189528,0.9946223110581344,1507.0
00450004,torsion,coarse,extra,0.7741151900569251,0.9315352110810536,3103.0
00010055,torsion,coarse,extra,0.8268401811224814,0.98557555426702,4498.0
00720092,torsion,coarse,extra,0.9032661036623224,0.9911174881074593,2440.0
00060017,torsion,coarse,extra,0.7277602070364287,0.9287359952785657,4954.0
00060017,torsion,grefem_max,extra,0.6474405943583101,0.8655121855747143,229912.0
00060017,torsion,grefem_mid,extra,0.6930416272370853,0.9266359237858686,228836.0
00060017,torsion,grefem_none,extra,0.7218658998972197,0.9011452104214828,229097.0
00060017,torsion,heuristic,extra,0.6739376449076486,0.9207376946992996,229245.0
00060017,torsion,heuristic_sub,extra,0.6739376449076486,0.9207376946992996,229245.0
00060017,torsion,zz_oracle,extra,0.3680394826524572,0.5038317286295901,241649.0
00660049,torsion,coarse,extra,0.8987935214175732,0.9922866324671308,3315.0
00660049,torsion,grefem_max,extra,0.8458247495593381,0.9904498273571104,22807.0
00660049,torsion,grefem_mid,extra,0.8302436020679466,0.9929288721750652,29012.0
00660049,torsion,grefem_none,extra,0.8476988155764547,0.9939206151448172,28331.0
00660049,torsion,heuristic,extra,0.666444779557953,0.913057923037457,22610.0
00660049,torsion,heuristic_sub,extra,0.666444779557953,0.913057923037457,22610.0
00660049,torsion,zz_oracle,extra,0.7993739564599949,0.9831322027124796,21766.0
00360088,torsion,coarse,extra,0.7812221991382842,0.9686406028568528,4159.0
00360088,torsion,grefem_max,extra,0.6308647029103087,0.866858764923064,131921.0
00360088,torsion,grefem_mid,extra,0.4337080566850592,0.1494908616653391,131750.0
00360088,torsion,grefem_none,extra,0.6116039332403739,0.7798168452200566,143180.0
00360088,torsion,heuristic,extra,0.2037522712786154,0.2003930634906394,133812.0
00360088,torsion,heuristic_sub,extra,0.2037522712786154,0.2003930634906394,133812.0
00360088,torsion,zz_oracle,extra,0.5907184439641463,0.891570984005426,132439.0
00180018,torsion,coarse,extra,1.3259324045095124,0.8181414924679571,5662.0
00180018,torsion,grefem_max,extra,0.6244718496176311,0.8888158596918488,118334.0
00180018,torsion,grefem_mid,extra,0.5471681367576791,0.8155709061128424,110829.0
00180018,torsion,grefem_none,extra,0.5720143758882938,0.8689757223545699,86636.0
00180018,torsion,heuristic,extra,0.6875347547421135,0.9481719607378788,115828.0
00180018,torsion,heuristic_sub,extra,0.6875347547421135,0.9481719607378788,115828.0
00180018,torsion,zz_oracle,extra,0.3729531955343093,0.889695222711418,107751.0
00170011,torsion,coarse,extra,0.3222934446119297,0.7728157079511656,3151.0
00170011,torsion,grefem_max,extra,0.7091095101415897,0.8988415765671055,24833.0
00170011,torsion,grefem_mid,extra,0.7091095101415897,0.8988415765671055,24833.0
00170011,torsion,grefem_none,extra,0.6192447863011854,0.8539921471047788,17179.0
00170011,torsion,heuristic,extra,0.8281127247476728,0.9756396973826444,26406.0
00170011,torsion,heuristic_sub,extra,0.6049592585926986,0.8675259049932603,26292.0
00170011,torsion,zz_oracle,extra,0.636070642616703,0.7893253735782441,23376.0
00380031,torsion,coarse,extra,0.6285706854773271,0.6885772415260805,3814.0
00380031,torsion,grefem_max,extra,0.7667706148544632,0.8787498157475855,88464.0
00380031,torsion,grefem_mid,extra,0.6049434619156437,0.7419964003040571,88042.0
00380031,torsion,grefem_none,extra,0.8337331590823704,0.93185339056292,26930.0
00380031,torsion,heuristic,extra,0.3563426327978023,0.1985400519154269,82179.0
00380031,torsion,heuristic_sub,extra,0.3563426327978058,0.1985400519154405,82179.0
00380031,torsion,zz_oracle,extra,0.3798915710689818,0.9172416541532978,37937.0
00250069,torsion,coarse,extra,0.9312968197777944,0.9941529636534142,3656.0
00250069,torsion,grefem_max,extra,0.5555581675663482,0.8774041865285162,45125.0
00250069,torsion,grefem_mid,extra,0.6956156258505007,0.9592027589663804,47330.0
00250069,torsion,grefem_none,extra,0.8443863676234663,0.9658496281922786,76093.0
00250069,torsion,heuristic,extra,0.4924853370352933,0.5544327792848337,40867.0
00250069,torsion,heuristic_sub,extra,0.7477785635178472,0.9332466505645872,41541.0
00250069,torsion,zz_oracle,extra,0.7984728377810217,0.981199630548017,46663.0
00060002,torsion,coarse,extra,0.681554953077987,0.8771380787966516,4393.0
00060002,torsion,grefem_max,extra,0.8495475831909454,0.981496992078456,10504.0
00060002,torsion,grefem_mid,extra,0.8495475831909454,0.981496992078456,10504.0
00060002,torsion,grefem_none,extra,0.8495475831909454,0.981496992078456,10504.0
00060002,torsion,heuristic,extra,0.8495475831909454,0.981496992078456,10504.0
00060002,torsion,heuristic_sub,extra,0.8495475831909454,0.981496992078456,10504.0
00060002,torsion,zz_oracle,extra,0.8495475831909454,0.981496992078456,10504.0
00410072,torsion,coarse,extra,0.8632358431761421,0.9939432979782346,2862.0
00410072,torsion,grefem_max,extra,0.6968437079942915,0.9580972229918556,81276.0
00410072,torsion,grefem_mid,extra,0.7397414452249702,0.9696628079209648,83186.0
00410072,torsion,grefem_none,extra,0.6969478096645644,0.9607521300115892,83203.0
00410072,torsion,heuristic,extra,0.7408038105972333,0.9708952058052132,85197.0
00410072,torsion,heuristic_sub,extra,0.7668550579016651,0.9749486928960948,85106.0
00410072,torsion,zz_oracle,extra,0.6439934708969586,0.8979537383979728,78639.0
00250013,torsion,coarse,extra,0.8664818320109141,0.9714126225476272,4903.0
00250013,torsion,grefem_max,extra,0.7527244922030825,0.9164939308819527,88849.0
00250013,torsion,grefem_mid,extra,0.7226427233372061,0.8731824223227244,89800.0
00250013,torsion,grefem_none,extra,0.9500447391818236,0.9981124250932252,102823.0
00250013,torsion,heuristic,extra,0.6952980735438824,0.8510265480591928,91306.0
00250013,torsion,heuristic_sub,extra,0.7897920246176843,0.9268452593970816,91158.0
00250013,torsion,zz_oracle,extra,0.5988917134106697,0.8692152751797853,85411.0
00640087,torsion,coarse,extra,0.6954610736234788,0.9599016458985028,5534.0
00640087,torsion,grefem_max,extra,0.59727685950969,0.9086316810966396,21580.0
00640087,torsion,grefem_mid,extra,0.59727685950969,0.9086316810966396,21580.0
00640087,torsion,grefem_none,extra,0.59727685950969,0.9086316810966396,21580.0
00640087,torsion,heuristic,extra,0.59727685950969,0.9086316810966396,21580.0
00640087,torsion,heuristic_sub,extra,0.59727685950969,0.9086316810966396,21580.0
00640087,torsion,zz_oracle,extra,0.59727685950969,0.9086316810966396,21580.0
00550073,torsion,coarse,extra,0.9324627234324356,0.995896417360109,3042.0
00550073,torsion,grefem_max,extra,0.5857001870882211,0.8959833396468484,56175.0
00550073,torsion,grefem_mid,extra,0.5733394854035071,0.8852698089745465,56762.0
00550073,torsion,grefem_none,extra,0.6490954271000655,0.9250838266841588,62732.0
00550073,torsion,heuristic,extra,0.3564705605603293,0.7951794338805896,54805.0
00550073,torsion,heuristic_sub,extra,0.3564705605603293,0.7951794338805896,54805.0
00550073,torsion,zz_oracle,extra,0.5871130853420323,0.826391100051398,53303.0
00860099,torsion,coarse,extra,0.9622647916786092,0.9992663928627838,1914.0
00860099,torsion,grefem_max,extra,0.8250526629413798,0.985331601831036,34529.0
00860099,torsion,grefem_mid,extra,0.7843119492785336,0.9679963444359913,37970.0
00860099,torsion,grefem_none,extra,0.7168193150392032,0.9697036057968362,79882.0
00860099,torsion,heuristic,extra,0.7752988364305938,0.9711232484493112,35242.0
00860099,torsion,heuristic_sub,extra,0.7923088541520202,0.9672017124126052,36100.0
00860099,torsion,zz_oracle,extra,0.7874509053045603,0.980619359869974,37488.0
00710073,bending_compression,coarse,extra,0.9425896220181345,0.9959822089626208,5417.0
00710073,bending_compression,grefem_max,extra,0.6777457133219376,0.9626963346572088,50292.0
00710073,bending_compression,grefem_mid,extra,0.3682612299285915,0.910242292499338,40338.0
00710073,bending_compression,grefem_none,extra,0.140685875370917,0.0653571233202696,115160.0
00710073,bending_compression,heuristic,extra,0.5005018292809176,0.8190995679711496,52642.0
00710073,bending_compression,heuristic_sub,extra,0.5816865811864097,0.4928222852083102,51993.0
00710073,bending_compression,zz_oracle,extra,0.311602808940862,0.4013241663953221,52344.0
00320057,bending_compression,coarse,extra,0.7256989370844473,0.8820509389808853,50462.0
00870050,bending,coarse,extra,0.9459531987665172,0.997983836322378,2767.0
00650000,bending,coarse,extra,0.4164993433509263,0.6775019636765754,7672.0
00710003,compression,grefem_max,extra,0.6650517341412191,0.8783359676593423,95958.0
00710003,compression,grefem_mid,extra,0.7230305786575008,0.9177298654405456,105183.0
00710003,compression,grefem_none,extra,0.7481873658749271,0.870129403798219,98597.0
00710003,compression,heuristic,extra,0.7471853169680668,0.8581924895377312,88209.0
00710003,compression,heuristic_sub,extra,0.7395691705624907,0.8512015371919522,89534.0
00710003,compression,zz_oracle,extra,0.5310688632325425,0.7650079231110555,89957.0
00930071,compression,grefem_max,extra,0.6827152268415687,0.9042042842864882,137462.0
00930071,compression,grefem_mid,extra,0.9723152204306572,0.9958947596828388,132514.0
00930071,compression,grefem_none,extra,0.7660607058240924,0.9747364198983518,109177.0
00930071,compression,heuristic,extra,0.7378782436056531,0.9491920481066868,146329.0
00930071,compression,heuristic_sub,extra,0.641376294327221,0.8325294297250031,135743.0
00930071,compression,zz_oracle,extra,0.6393434211038536,0.9231868260488704,131796.0
00790071,compression,grefem_max,extra,0.6652319221935151,0.9411928564833828,104835.0
00790071,compression,grefem_mid,extra,0.6774230453874386,0.9494310033438352,107984.0
00790071,compression,grefem_none,extra,0.6729292622535785,0.9099016927378876,89269.0
00790071,compression,heuristic,extra,0.8592381322676339,0.993838218164666,82654.0
00790071,compression,heuristic_sub,extra,0.8429520489500015,0.9924993561901284,79083.0
00790071,compression,zz_oracle,extra,0.4983103905679395,0.8292578459234797,97234.0
00710003,compression,coarse,extra,0.8146458060767465,0.9962470469618768,3160.0
00930071,compression,coarse,extra,0.9668659316929016,0.9996025863816552,13807.0
00360016,compression,coarse,extra,0.8186732305355837,0.9798028170925062,3757.0
00220069,compression,coarse,extra,0.8562289216252638,0.9827905713844228,1611.0
00220069,compression,grefem_max,extra,0.8654591141534272,0.9941462935103098,38231.0
00220069,compression,grefem_mid,extra,0.7367620803288857,0.9789680728535746,38099.0
00220069,compression,grefem_none,extra,0.8439641267763159,0.9946357086216092,40293.0
00220069,compression,heuristic,extra,0.7638818762997724,0.9329232030747904,34790.0
00220069,compression,heuristic_sub,extra,0.8416905121604017,0.9566073443480916,34814.0
00220069,compression,zz_oracle,extra,0.9093975355559628,0.9940609145005456,38732.0
00350001,compression,coarse,extra,0.6153820076433393,0.9932929638689209,4471.0
00350001,compression,grefem_max,extra,0.2199186960993474,0.9370150892441678,72824.0
00350001,compression,grefem_mid,extra,0.5931974405832491,0.9914635152259276,89264.0
00350001,compression,grefem_none,extra,3.696189288154392,0.0878345113550689,133495.0
00350001,compression,heuristic,extra,2.649494099248676,0.2795969481629812,74147.0
00350001,compression,heuristic_sub,extra,0.2412770603429591,0.9177752906991355,74127.0
00350001,compression,zz_oracle,extra,0.7360584427519287,0.9960756489383672,73584.0
00650065,compression,coarse,extra,0.8028654107196828,0.9719274133206576,1736.0
00650065,compression,grefem_max,extra,0.5873055648281386,0.8974536062530302,5685.0
00650065,compression,grefem_mid,extra,0.5873055648281386,0.8974536062530302,5685.0
00650065,compression,grefem_none,extra,0.5614868551689193,0.1490651664356694,54585.0
00650065,compression,heuristic,extra,0.9312549183816338,0.9812583455522356,6225.0
00650065,compression,heuristic_sub,extra,0.7503372089547781,0.7881579359001666,6415.0
00650065,compression,zz_oracle,extra,0.8907844811911461,0.9436439435581684,5896.0
00860026,compression,coarse,extra,0.9509910536877078,0.992644232366582,5390.0
00860026,compression,grefem_max,extra,0.6985841937695176,0.8878315193546171,162797.0
00860026,compression,grefem_mid,extra,0.7931678977683736,0.9681806365247692,162839.0
00860026,compression,grefem_none,extra,0.6537525448744462,0.8511823116592308,163067.0
00860026,compression,heuristic,extra,0.7386997316727769,0.9268331317229218,163573.0
00860026,compression,heuristic_sub,extra,0.622136129168725,0.8432587922018203,162912.0
00860026,compression,zz_oracle,extra,0.7933672930573751,0.9690472128862204,163356.0
00480056,compression,coarse,extra,0.91482260536191,0.9852625005681632,2981.0
00480056,compression,grefem_max,extra,0.6767499173191193,0.9553346572005126,5172.0
00480056,compression,grefem_mid,extra,0.781482566214821,0.951501937814644,3983.0
00480056,compression,grefem_none,extra,0.8538936547190801,0.987885299241015,6771.0
00480056,compression,heuristic,extra,0.6578063951730883,0.9534672723435792,5600.0
00480056,compression,heuristic_sub,extra,0.8121351875944179,0.9843310377071556,5411.0
00480056,compression,zz_oracle,extra,0.785405434849965,0.9836001098067289,5151.0
00360036,compression,coarse,extra,0.9650796023783028,0.997087085459291,2226.0
00360036,compression,grefem_max,extra,0.419090890100265,0.857199744996108,43873.0
00360036,compression,grefem_mid,extra,0.3598373396914452,0.8060365863362283,41018.0
00360036,compression,grefem_none,extra,0.322633374606816,0.7689973875967747,49365.0
00360036,compression,heuristic,extra,0.276818300501111,0.8147693435817199,43603.0
00360036,compression,heuristic_sub,extra,0.276818300501111,0.8147693435817199,43603.0
00360036,compression,zz_oracle,extra,0.6711060013007712,0.9362020479219546,44063.0
00250001,compression,coarse,extra,0.8883261876037053,0.9823305505028312,2847.0
00250001,compression,grefem_max,extra,0.7111701815742312,0.9156552414810988,12421.0
00250001,compression,grefem_mid,extra,0.7111701815742312,0.9156552414810988,12421.0
00250001,compression,grefem_none,extra,0.82607565373867,0.9719650176912532,13690.0
00250001,compression,heuristic,extra,0.7642648715301021,0.9086595149192392,12915.0
00250001,compression,heuristic_sub,extra,0.831275641327162,0.9470694377933362,12857.0
00250001,compression,zz_oracle,extra,0.9047034838438092,0.983048136663786,12866.0
00800055,compression,coarse,extra,0.7839380657653814,0.973791315225876,5176.0
00800055,compression,grefem_max,extra,0.8159413291264497,0.959561356114832,31197.0
00800055,compression,grefem_mid,extra,0.4969231259723729,0.7653727163451327,49344.0
00800055,compression,grefem_none,extra,0.7280086428208918,0.8600963007909725,46364.0
00800055,compression,heuristic,extra,0.4555175194201807,0.5486674590658162,30599.0
00800055,compression,heuristic_sub,extra,0.4555175194201807,0.5486674590658162,30599.0
00800055,compression,zz_oracle,extra,0.671212012193326,0.9047838969023964,20467.0
00230075,compression,coarse,extra,0.998351274432756,0.999994779861398,31549.0
00190048,compression,coarse,extra,0.1966219965094549,0.8611765174153271,3197.0
00190048,compression,grefem_max,extra,0.6734411497831586,0.8720391124903245,13215.0
00190048,compression,grefem_mid,extra,0.7188691163724215,0.9191400685006726,19685.0
00190048,compression,grefem_none,extra,0.6752587934527309,0.8756535060624957,28469.0
00190048,compression,heuristic,extra,0.6783726518515533,0.9023695770465862,13720.0
00190048,compression,heuristic_sub,extra,0.6966830329190097,0.9125470615983686,14050.0
00190048,compression,zz_oracle,extra,0.7438607418873702,0.9003382617042481,14720.0
00230056,compression,coarse,extra,0.7718522182531853,0.9592523265684544,7101.0
00230056,compression,grefem_max,extra,0.7438084232212292,0.910751217105095,71334.0
00230056,compression,grefem_mid,extra,0.7438084232212292,0.910751217105095,71334.0
00230056,compression,grefem_none,extra,0.6838917266151062,0.9199984816342216,70967.0
00230056,compression,heuristic,extra,0.6763189586613366,0.9058736097696564,72054.0
00230056,compression,heuristic_sub,extra,0.6763189586613366,0.9058736097696564,72054.0
00230056,compression,zz_oracle,extra,0.8756498170639739,0.9602965825124122,67673.0
00650041,compression,coarse,extra,0.914528492268064,0.9916848402941892,2244.0
00650041,compression,grefem_max,extra,0.7717965127696618,0.9623519131757484,61020.0
00650041,compression,grefem_mid,extra,0.7162904634097789,0.8937169115568075,36125.0
00650041,compression,grefem_none,extra,0.690206497988215,0.8764503388787636,61369.0
00650041,compression,heuristic,extra,0.7324911712422347,0.9259180175592924,58385.0
00650041,compression,heuristic_sub,extra,0.7324911712422347,0.9259180175592924,58385.0
00650041,compression,zz_oracle,extra,0.818592432577588,0.9648511608246624,61514.0
00940092,compression,coarse,extra,0.876434926518863,0.9765323427031842,7071.0
00940092,compression,grefem_max,extra,0.4327525503724482,0.7936521393435723,54346.0
00940092,compression,grefem_mid,extra,0.6925797161879212,0.8413290045773427,181591.0
00940092,compression,grefem_none,extra,0.7365503822344261,0.9629949380017832,118764.0
00940092,compression,heuristic,extra,0.849779692949893,0.9609215853751772,55450.0
00940092,compression,heuristic_sub,extra,0.7428975716832648,0.88591656148841,55278.0
00940092,compression,zz_oracle,extra,0.0463704661893405,0.7700617931581679,32964.0
00770000,compression,grefem_max,extra,0.1962945732318623,0.5391735494963392,91141.0
00770000,compression,grefem_mid,extra,0.1962945732335656,0.5391735494972474,91141.0
00770000,compression,grefem_none,extra,0.4640130036456783,0.6754013398438167,80723.0
00770000,compression,heuristic,extra,0.4009978191837575,0.8418096031661898,89332.0
00770000,compression,heuristic_sub,extra,0.4009978191837575,0.8418096031661898,89332.0
00770000,compression,zz_oracle,extra,2.386554103276869,0.8247173351173942,36056.0
00380031,compression,grefem_max,extra,0.6634397413573375,0.865979670898654,62938.0
00380031,compression,grefem_mid,extra,0.6770604189750111,0.8673197949985247,88045.0
00380031,compression,grefem_none,extra,0.4836691825317735,0.1330597248061614,81225.0
00380031,compression,heuristic,extra,0.6493004883806472,0.8585114477794684,67820.0
00380031,compression,heuristic_sub,extra,0.6493004883806271,0.8585114477794753,67820.0
00380031,compression,zz_oracle,extra,0.2632514161374799,0.8250342616258367,37481.0
00610091,compression,grefem_max,extra,0.8596052041907005,0.992085137816233,54091.0
00610091,compression,grefem_mid,extra,0.8590860415265318,0.9731291912325172,65888.0
00610091,compression,grefem_none,extra,0.8532923491422215,0.9897340052419102,77219.0
00610091,compression,heuristic,extra,0.7720735211203607,0.9700084910886771,50683.0
00610091,compression,heuristic_sub,extra,0.7697131803135303,0.969412809782341,50683.0
00610091,compression,zz_oracle,extra,0.8603779291202022,0.992366220484339,51134.0
00170059,compression,grefem_max,extra,0.4792318453646159,0.8924725449037654,55551.0
00170059,compression,grefem_mid,extra,0.5648626399817805,0.8777538309027026,56813.0
00170059,compression,grefem_none,extra,0.4700327201618866,0.7672856422073026,70413.0
00170059,compression,heuristic,extra,0.635298882083442,0.9473459568049426,55131.0
00170059,compression,heuristic_sub,extra,0.4863076103654422,0.8493744641035882,60502.0
00170059,compression,zz_oracle,extra,0.4169308555685344,0.917190018941946,51540.0
00630027,compression,grefem_max,extra,0.5553867043361944,0.7793587453614584,92374.0
00630027,compression,grefem_mid,extra,0.570145338268025,0.6828380587410986,99711.0
00630027,compression,grefem_none,extra,0.016844512719029,0.0632451536755215,45383.0
00630027,compression,heuristic,extra,0.4726686766431011,0.6252629772679553,93014.0
00630027,compression,heuristic_sub,extra,0.4294887987249534,0.5349616871760218,93006.0
00630027,compression,zz_oracle,extra,0.415081091277677,0.6671888464842491,89792.0
00480062,compression,grefem_max,extra,0.6877950474407493,0.9740364715991002,40787.0
00480062,compression,grefem_mid,extra,0.6877950474407493,0.9740364715991002,40787.0
00480062,compression,grefem_none,extra,0.662179093007533,0.9591553331008172,74986.0
00480062,compression,heuristic,extra,0.6487264671625314,0.9705100975947044,39505.0
00480062,compression,heuristic_sub,extra,0.6487264671625314,0.9705100975947044,39505.0
00480062,compression,zz_oracle,extra,0.8719181997011194,0.9942929414825152,37280.0
00460090,compression,grefem_max,extra,0.6233897264615497,0.9356257910270642,20674.0
00460090,compression,grefem_mid,extra,0.6811599653052205,0.9070322424816054,45364.0
00460090,compression,grefem_none,extra,0.7635055859550779,0.9661685658317816,49607.0
00460090,compression,heuristic,extra,0.6268540582016878,0.940855757601864,10439.0
00460090,compression,heuristic_sub,extra,0.6268540582016878,0.940855757601864,10439.0
00460090,compression,zz_oracle,extra,0.6846779526160492,0.9265408979370752,21677.0
00970010,compression,grefem_max,extra,0.6116325662046377,0.949859495478092,20377.0
00970010,compression,grefem_mid,extra,0.6754482957560932,0.942992122533013,21327.0
00970010,compression,grefem_none,extra,0.7111106518955902,0.956165075342804,28788.0
00970010,compression,heuristic,extra,0.7285145173542353,0.9551338780818251,21053.0
00970010,compression,heuristic_sub,extra,0.8183379473122843,0.978267115065622,21262.0
00970010,compression,zz_oracle,extra,0.7187827608523959,0.913566461196098,21905.0
00880096,compression,grefem_max,extra,0.0841958176992093,0.4518052382748068,57526.0
00880096,compression,grefem_mid,extra,0.2394987451559714,0.6994643128342285,54289.0
00880096,compression,grefem_none,extra,0.5861210840819451,0.897873181763868,58633.0
00880096,compression,heuristic,extra,0.1706669096064743,0.6966079450087499,54199.0
00880096,compression,heuristic_sub,extra,0.0822224071176856,0.4350877314926131,54741.0
00880096,compression,zz_oracle,extra,0.7129469235878673,0.1803672246617986,52477.0
00770000,compression,coarse,extra,0.908884032369431,0.9903701592768728,2731.0
00880050,compression,coarse,extra,0.7091322270742916,0.972892515080368,7053.0
00280029,compression,coarse,extra,0.9247384818859944,0.9877810702730716,2714.0
00160092,compression,coarse,extra,0.9054499625961412,0.9986945291327164,4236.0
00160092,compression,grefem_max,extra,0.5202505777791459,0.9925808719977058,33651.0
00160092,compression,grefem_mid,extra,0.3851616799579948,0.9755848830307532,37247.0
00160092,compression,grefem_none,extra,0.4712761970469102,0.9473843041543372,130305.0
00160092,compression,heuristic,extra,0.5536325276467224,0.980005856603544,32433.0
00160092,compression,heuristic_sub,extra,0.8771674436452337,0.9966413494213344,32522.0
00160092,compression,zz_oracle,extra,0.9399924151567504,0.9990067666152844,14674.0
00460016,compression,coarse,extra,0.9228608024440634,0.9938223423974164,3807.0
00460016,compression,grefem_max,extra,0.698722717858895,0.9383499117807164,122806.0
00460016,compression,grefem_mid,extra,0.69872271786555,0.9383499117808102,122806.0
00460016,compression,grefem_none,extra,0.8676539776886429,0.992561761086991,132517.0
00460016,compression,heuristic,extra,0.672395087653605,0.926859546875442,127324.0
00460016,compression,heuristic_sub,extra,0.7436781708916835,0.9225877794039042,115189.0
00460016,compression,zz_oracle,extra,0.3472291006208948,0.5177474679450685,116779.0
00720089,compression,coarse,extra,0.5763317988794151,0.8692775281644854,3988.0
00720089,compression,grefem_max,extra,0.8161601714342334,0.9671417345425102,20186.0
00720089,compression,grefem_mid,extra,0.816895856076241,0.952700337921123,50047.0
00720089,compression,grefem_none,extra,0.6945397095113951,0.8968130665147427,35639.0
00720089,compression,heuristic,extra,0.2444098899750711,0.7910644240576683,19508.0
00720089,compression,heuristic_sub,extra,0.2444098899750711,0.7910644240576683,19508.0
00720089,compression,zz_oracle,extra,0.7877931125943625,0.9588572784970232,6788.0
00760021,compression,coarse,extra,0.2778635550488199,0.6778367412520976,69991.0
00760021,compression,grefem_max,extra,0.3224099184953781,0.6991275526154791,248589.0
00760021,compression,grefem_mid,extra,0.3224099184953772,0.6991275526154787,248589.0
00760021,compression,grefem_none,extra,0.3224099184953772,0.6991275526154787,248589.0
00760021,compression,heuristic,extra,0.3224099184953804,0.6991275526154802,248589.0
00760021,compression,heuristic_sub,extra,0.3224099184953804,0.6991275526154802,248589.0
00760021,compression,zz_oracle,extra,0.3224099184953804,0.6991275526154802,248589.0
00160047,compression,coarse,extra,0.9298195642812066,0.9966264441790156,6313.0
00160047,compression,grefem_max,extra,0.473344962135609,0.5240358975068264,50787.0
00160047,compression,grefem_mid,extra,0.536078489652275,0.641681469766579,53005.0
00160047,compression,grefem_none,extra,0.7073162655273513,0.9356742897689396,23680.0
00160047,compression,heuristic,extra,0.5646909202898566,0.6569730294662236,52524.0
00160047,compression,heuristic_sub,extra,0.6525120238270313,0.8799400898728709,52796.0
00160047,compression,zz_oracle,extra,0.2426311256835694,0.6828120420465108,46493.0
00990038,compression,coarse,extra,0.2610761616513558,0.5059745971916835,82839.0
00160031,compression,coarse,extra,1.3904611518861627,0.795605584215719,2338.0
00160031,compression,grefem_max,extra,0.5480445903404433,0.8994879455262192,18208.0
00160031,compression,grefem_mid,extra,0.5238991654294315,0.8675168704299528,18923.0
00160031,compression,grefem_none,extra,0.5480445903404433,0.8994879455262192,18208.0
00160031,compression,heuristic,extra,0.428469374980426,0.7370818251493977,16537.0
00160031,compression,heuristic_sub,extra,0.6080047446438236,0.7351526895153261,16430.0
00160031,compression,zz_oracle,extra,0.296682488145091,0.7516428369473498,16548.0
00550067,compression,coarse,extra,0.7204871559657691,0.786170264523025,3051.0
00550067,compression,grefem_max,extra,0.4638244624345611,0.6132041819017474,63278.0
00550067,compression,grefem_mid,extra,0.4638244624345611,0.6132041819017474,63278.0
00550067,compression,grefem_none,extra,0.0045060467415527,0.0521807951605533,63264.0
00550067,compression,heuristic,extra,0.5574561921924158,0.8355959911807185,58671.0
00550067,compression,heuristic_sub,extra,0.5574561921924158,0.8355959911807185,58671.0
00550067,compression,zz_oracle,extra,0.35516355632501,0.7771593570227674,59193.0
00380080,compression,coarse,extra,0.8567998748702041,0.979240377015552,7674.0
00380080,compression,grefem_max,extra,0.8124997645746215,0.9688309195895972,69695.0
00380080,compression,grefem_mid,extra,0.5748098220248831,0.8619911812046321,104042.0
00380080,compression,grefem_none,extra,0.5228737670182413,0.6350901806016895,115661.0
00380080,compression,heuristic,extra,0.6360322072417746,0.8958819237185423,52203.0
00380080,compression,heuristic_sub,extra,0.8208072541639706,0.971971108559844,51901.0
00380080,compression,zz_oracle,extra,0.7449459826511597,0.9630242249607248,64747.0
00470072,compression,coarse,extra,0.9741083121043108,0.9988078215277788,2871.0
00160091,compression,coarse,extra,0.1442541182267527,0.6678690614218241,4700.0
00850016,compression,coarse,extra,0.7723619604748939,0.9597206417688962,2360.0
00140054,compression,coarse,extra,0.8848664220657915,0.9840811791173224,3212.0
00480008,compression,coarse,extra,0.7165205489663247,0.9712043420277392,2535.0
00300036,torsion_compression,coarse,extra,0.860005248688247,0.9798753397262498,2322.0
00300036,torsion_compression,grefem_max,extra,0.4661450287015149,0.8477681904509468,25447.0
00300036,torsion_compression,grefem_mid,extra,0.8966173001411731,0.995103484244014,20455.0
00300036,torsion_compression,grefem_none,extra,0.79796411256129,0.9698416102417824,40047.0
00300036,torsion_compression,heuristic,extra,0.6896370623199667,0.958570171000188,26002.0
00300036,torsion_compression,heuristic_sub,extra,0.4716552203043611,0.8085371990660992,26233.0
00300036,torsion_compression,zz_oracle,extra,0.42651391383364,0.8749208654763192,8000.0
00140014,torsion_compression,coarse,extra,0.963447568063484,0.9983983852660896,2300.0
00710003,torsion_compression,grefem_max,extra,0.2721851900808311,0.484012595400536,108755.0
00710003,torsion_compression,grefem_mid,extra,0.1727941276170571,0.1707739794062882,108024.0
00710003,torsion_compression,grefem_none,extra,0.3169322780886356,0.6945426717731094,97116.0
00710003,torsion_compression,heuristic,extra,0.2600594056062585,0.2612100774092334,103636.0
00710003,torsion_compression,heuristic_sub,extra,0.0358051207697412,1.811653095154378,104182.0
00710003,torsion_compression,zz_oracle,extra,0.0915288499022543,0.5321865326757572,76164.0
00930071,torsion_compression,grefem_max,extra,0.7055499911558457,0.8997458566440275,136690.0
00930071,torsion_compression,grefem_mid,extra,0.98317595216224,0.9994108052062614,137646.0
00930071,torsion_compression,grefem_none,extra,0.828829389946161,0.9743493687295798,136592.0
00930071,torsion_compression,heuristic,extra,0.6978940062663835,0.8561154577832536,144783.0
00930071,torsion_compression,heuristic_sub,extra,0.643757010038229,0.8150662599285317,142393.0
00930071,torsion_compression,zz_oracle,extra,0.6288562376568602,0.9223889798026584,128531.0
00790071,torsion_compression,grefem_max,extra,0.631037973989547,0.9006761002505151,77171.0
00790071,torsion_compression,grefem_mid,extra,0.4386358315516176,0.7927070910973725,106694.0
00790071,torsion_compression,grefem_none,extra,0.4700439483690811,0.7950697282755402,101960.0
00790071,torsion_compression,heuristic,extra,0.6976797666781211,0.965664952295612,82381.0
00790071,torsion_compression,heuristic_sub,extra,0.6599619002932261,0.9065773849550974,78052.0
00790071,torsion_compression,zz_oracle,extra,0.1320491457027155,0.4747774591263693,74052.0
00710003,torsion_compression,coarse,extra,0.0185528921228869,0.6419325704364731,3160.0
00930071,torsion_compression,coarse,extra,0.953079626187778,0.9985607879911736,13807.0
00360016,torsion_compression,coarse,extra,0.918825737602436,0.9949325591394944,3757.0
00220069,torsion_compression,coarse,extra,0.8305147346498051,0.977715147562999,1611.0
00220069,torsion_compression,grefem_max,extra,0.9254525938011208,0.997994493933018,39173.0
00220069,torsion_compression,grefem_mid,extra,0.9597461672634272,0.99742519526271,37278.0
00220069,torsion_compression,grefem_none,extra,0.8899191140910365,0.9895061556978956,7939.0
00220069,torsion_compression,heuristic,extra,0.8559384801654034,0.947271456087074,41587.0
00220069,torsion_compression,heuristic_sub,extra,0.915795132111975,0.9826390615968964,41506.0
00220069,torsion_compression,zz_oracle,extra,0.4806574187896485,0.9688792506443856,14917.0
00350001,torsion_compression,coarse,extra,0.7990393369477554,0.951631472732764,4471.0
00350001,torsion_compression,grefem_max,extra,0.6589557407380444,0.850946450821488,89491.0
00350001,torsion_compression,grefem_mid,extra,0.696983089560314,0.9039596815734308,89802.0
00350001,torsion_compression,grefem_none,extra,0.7124596515456244,0.9418453168720052,131058.0
00350001,torsion_compression,heuristic,extra,0.5714826128844063,0.5870113576028194,83217.0
00350001,torsion_compression,heuristic_sub,extra,0.5713053999718799,0.7364841464576674,89768.0
00350001,torsion_compression,zz_oracle,extra,0.5356160421456905,0.5623047302480138,94388.0
00650065,torsion_compression,coarse,extra,0.8192824831618816,0.9571160359537884,1736.0
00650065,torsion_compression,grefem_max,extra,0.2187783839329795,0.219886783676364,31678.0
00650065,torsion_compression,grefem_mid,extra,0.75360083396238,0.9436185382829184,5685.0
00650065,torsion_compression,grefem_none,extra,0.2950925257892787,0.3538295439478148,54736.0
00650065,torsion_compression,heuristic,extra,0.6287898335941721,0.7838041953111029,32238.0
00650065,torsion_compression,heuristic_sub,extra,0.6287898335941721,0.7838041953111029,32238.0
00650065,torsion_compression,zz_oracle,extra,0.7005491263611098,0.965495947462104,8621.0
00860026,torsion_compression,coarse,extra,0.8438605377807836,0.9898725744386644,5390.0
00860026,torsion_compression,grefem_max,extra,0.7850432435423124,0.9631577424061544,162839.0
00860026,torsion_compression,grefem_mid,extra,0.786351388915194,0.9632984155946952,162839.0
00860026,torsion_compression,grefem_none,extra,0.3656862818494677,0.8107151649849323,162862.0
00860026,torsion_compression,heuristic,extra,0.4061649614882044,0.8337466312414252,163573.0
00860026,torsion_compression,heuristic_sub,extra,0.355376684114524,0.776454379336562,163029.0
00860026,torsion_compression,zz_oracle,extra,0.7213722582791746,0.8804170034250239,164294.0
00480056,torsion_compression,coarse,extra,0.9792556756780236,0.999406371551336,2981.0
00480056,torsion_compression,grefem_max,extra,0.9047938694806444,0.9889327108462448,3983.0
00480056,torsion_compression,grefem_mid,extra,0.9734339082657308,0.9989486780166316,4588.0
00480056,torsion_compression,grefem_none,extra,0.9108453635406372,0.999124284942198,6771.0
00480056,torsion_compression,heuristic,extra,0.9299992047006036,0.9990218456331894,4452.0
00480056,torsion_compression,heuristic_sub,extra,0.8182308577201455,0.9899906496365324,3896.0
00480056,torsion_compression,zz_oracle,extra,0.7643072548402459,0.9953478829935676,4001.0
00360036,torsion_compression,coarse,extra,0.9329860313205998,0.9982822437148734,2226.0
00360036,torsion_compression,grefem_max,extra,0.8199401847929392,0.966553485918656,43873.0
00360036,torsion_compression,grefem_mid,extra,0.8199401847929392,0.966553485918656,43873.0
00360036,torsion_compression,grefem_none,extra,0.6603213271602564,0.9270359996571874,67144.0
00360036,torsion_compression,heuristic,extra,0.8175769635751683,0.9689413807498056,43603.0
00360036,torsion_compression,heuristic_sub,extra,0.8175769635751683,0.9689413807498056,43603.0
00360036,torsion_compression,zz_oracle,extra,0.6383336033805563,0.9774227909337324,20088.0
00250001,torsion_compression,coarse,extra,0.939784916641993,0.9872745314563058,2847.0
00250001,torsion_compression,grefem_max,extra,0.8098809182517587,0.965551168406998,19140.0
00250001,torsion_compression,grefem_mid,extra,0.8568607298436131,0.9888351006906628,18289.0
00250001,torsion_compression,grefem_none,extra,0.8419367715306544,0.9890601334305856,10047.0
00250001,torsion_compression,heuristic,extra,0.8396375279692098,0.9805002964482046,20127.0
00250001,torsion_compression,heuristic_sub,extra,0.8562674955571238,0.9901056598492364,20243.0
00250001,torsion_compression,zz_oracle,extra,0.5816535491164885,0.9755342242067516,17402.0
00800055,torsion_compression,coarse,extra,0.8916713644190244,0.9744940587337942,5176.0
00800055,torsion_compression,grefem_max,extra,0.6829397174929985,0.9806089513807518,38729.0
00800055,torsion_compression,grefem_mid,extra,0.8304987748870223,0.9842166527492088,39228.0
00800055,torsion_compression,grefem_none,extra,0.6786612278864145,0.961215217343312,59542.0
00800055,torsion_compression,heuristic,extra,0.8753077795417903,0.982210092472926,35157.0
00800055,torsion_compression,heuristic_sub,extra,0.8753077795417903,0.982210092472926,35157.0
00800055,torsion_compression,zz_oracle,extra,0.7409309808400657,0.9742056684715252,39457.0
00230075,torsion_compression,coarse,extra,0.988263236732432,0.9997542296927486,31549.0
00230075,torsion_compression,grefem_max,extra,0.998175974659734,0.9999965811574326,103670.0
00230075,torsion_compression,grefem_mid,extra,0.998175974659734,0.9999965811574326,103670.0
00230075,torsion_compression,grefem_none,extra,0.9999977883621884,0.99999999999702,103528.0
00230075,torsion_compression,heuristic,extra,0.999999969525731,0.9999999999999984,112614.0
00230075,torsion_compression,heuristic_sub,extra,0.999996626083682,0.9999999999944068,107294.0
00230075,torsion_compression,zz_oracle,extra,0.9999999999920268,1.0,53225.0
00190048,torsion_compression,coarse,extra,0.6214285512069371,0.9645166155351153,3197.0
00190048,torsion_compression,grefem_max,extra,0.9104212286080012,0.9947140762151436,13215.0
00190048,torsion_compression,grefem_mid,extra,0.9104212286080012,0.9947140762151436,13215.0
00190048,torsion_compression,grefem_none,extra,0.6227284212532395,0.9295602447601252,24754.0
00190048,torsion_compression,heuristic,extra,0.930526526096549,0.9958255501689988,13720.0
00190048,torsion_compression,heuristic_sub,extra,0.9307486747175095,0.9964652127745398,13746.0
00190048,torsion_compression,zz_oracle,extra,0.9050963444869704,0.9919314462899714,14118.0
00230056,torsion_compression,coarse,extra,0.8028907544932861,0.9458217597738338,7101.0
00230056,torsion_compression,grefem_max,extra,0.5786830873630394,0.7221899562278347,90719.0
00230056,torsion_compression,grefem_mid,extra,0.5142039428971924,0.7311651147199868,71334.0
00230056,torsion_compression,grefem_none,extra,0.1435954400266191,0.3167644681329687,72085.0
00230056,torsion_compression,heuristic,extra,0.5037157939692966,0.9180806205231072,86156.0
00230056,torsion_compression,heuristic_sub,extra,0.5037157939692966,0.9180806205231072,86156.0
00230056,torsion_compression,zz_oracle,extra,0.6225918631871071,0.8757736490690871,54498.0
00650041,torsion_compression,coarse,extra,0.8902715217332343,0.987504598153393,2244.0
00650041,torsion_compression,grefem_max,extra,0.6400401501096306,0.9309498665505848,50412.0
00650041,torsion_compression,grefem_mid,extra,0.7851311186815013,0.9765457832500206,61020.0
00650041,torsion_compression,grefem_none,extra,0.760705959676106,0.9413286807572648,63201.0
00650041,torsion_compression,heuristic,extra,0.3611049087571909,0.7682256561553947,49835.0
00650041,torsion_compression,heuristic_sub,extra,0.3611049087571909,0.7682256561553947,49835.0
00650041,torsion_compression,zz_oracle,extra,0.6632279369585262,0.9558985929264676,24431.0
00940092,torsion_compression,coarse,extra,0.9095520311684372,0.9713283193487644,7071.0
00940092,torsion_compression,grefem_max,extra,0.8238432452347432,0.9534205466982532,172702.0
00940092,torsion_compression,grefem_mid,extra,0.7550639506601323,0.94900357374394,179041.0
00940092,torsion_compression,grefem_none,extra,0.9104336777270114,0.9736549577397104,194289.0
00940092,torsion_compression,heuristic,extra,0.5637522897836885,0.9456251196921984,163070.0
00940092,torsion_compression,heuristic_sub,extra,0.5637522897836885,0.9456251196921984,163070.0
00940092,torsion_compression,zz_oracle,extra,0.6515379900127383,0.9614753849107712,75670.0
00870089,torsion_compression,coarse,extra,0.4845870126914178,0.922202972728372,2882.0
00870089,torsion_compression,grefem_max,extra,0.6165562087417726,0.8655402483285312,19877.0
00870089,torsion_compression,grefem_mid,extra,0.4878751287846506,0.9061665371836028,40724.0
00870089,torsion_compression,grefem_none,extra,0.6868602666491008,0.8789338458486136,96397.0
00870089,torsion_compression,heuristic,extra,0.6395816343856052,0.8857019687296588,20846.0
00870089,torsion_compression,heuristic_sub,extra,0.6395816343856052,0.8857019687296588,20846.0
00870089,torsion_compression,zz_oracle,extra,0.4110965977071938,0.8520904331020642,19164.0
00640066,torsion_compression,grefem_max,extra,0.757392656578833,0.9497743836036204,43666.0
00640066,torsion_compression,grefem_mid,extra,0.6700787579998716,0.90763783211054,61108.0
00640066,torsion_compression,grefem_none,extra,0.6962092350684649,0.9188523746738988,55621.0
00640066,torsion_compression,heuristic,extra,0.6800071556083404,0.8464323685753206,42741.0
00640066,torsion_compression,heuristic_sub,extra,0.8734389954958204,0.9715105875016448,43035.0
00640066,torsion_compression,zz_oracle,extra,0.797518556639022,0.9519234126574704,44908.0
00530022,torsion_compression,grefem_max,extra,0.6562382663024686,0.9509165747117256,40932.0
00530022,torsion_compression,grefem_mid,extra,0.6875173206676326,0.9573511773146997,34905.0
00530022,torsion_compression,grefem_none,extra,0.7143604340507353,0.9655717107385472,42782.0
00530022,torsion_compression,heuristic,extra,0.5417355951995871,0.945517468324094,37972.0
00530022,torsion_compression,heuristic_sub,extra,0.5417355951995871,0.945517468324094,37972.0
00530022,torsion_compression,zz_oracle,extra,0.5677017399766174,0.973904496588578,28106.0
00290076,torsion_compression,grefem_max,extra,0.7653100984375604,0.9769284840861102,122483.0
00290076,torsion_compression,grefem_mid,extra,0.7019363969144389,0.9580910869453372,120104.0
00290076,torsion_compression,grefem_none,extra,0.5241882930456573,0.8728525858872049,125786.0
00290076,torsion_compression,heuristic,extra,0.6602232495347394,0.9582837909553488,125986.0
00290076,torsion_compression,heuristic_sub,extra,0.6602232495347394,0.9582837909553488,125986.0
00290076,torsion_compression,zz_oracle,extra,0.3952437189704113,0.8859161146695644,113478.0
00060017,torsion_compression,grefem_max,extra,0.7032153403517128,0.9383986361052498,229912.0
00060017,torsion_compression,grefem_mid,extra,0.7071938222640363,0.9452258368742712,228836.0
00060017,torsion_compression,grefem_none,extra,0.6843715294378028,0.913095720874046,230160.0
00060017,torsion_compression,heuristic,extra,0.6983892721756995,0.9300804111486344,229245.0
00060017,torsion_compression,heuristic_sub,extra,0.6983892721756995,0.9300804111486344,229245.0
00060017,torsion_compression,zz_oracle,extra,0.3758273119077941,0.3634012766037548,226291.0
00400083,torsion_compression,grefem_max,extra,0.5145810227846173,0.9005874711357286,103783.0
00400083,torsion_compression,grefem_mid,extra,0.798903423214195,0.979942133108755,93894.0
00400083,torsion_compression,grefem_none,extra,0.6250468089162585,0.8746842374342575,109101.0
00400083,torsion_compression,heuristic,extra,0.6904264252881384,0.9187501615277096,98758.0
00400083,torsion_compression,heuristic_sub,extra,0.6904264252881384,0.9187501615277096,98758.0
00400083,torsion_compression,zz_oracle,extra,0.0010090590037949,0.6717540181261259,82863.0
00700085,torsion_compression,grefem_max,extra,0.7034853832963681,0.9491614638295846,23106.0
00700085,torsion_compression,grefem_mid,extra,0.6708089825263406,0.9427298641849592,31593.0
00700085,torsion_compression,grefem_none,extra,0.6521383576899669,0.9411169747250084,24111.0
00700085,torsion_compression,heuristic,extra,0.548103444631932,0.2701008807114,21098.0
00700085,torsion_compression,heuristic_sub,extra,0.548103444631932,0.2701008807114,21098.0
00700085,torsion_compression,zz_oracle,extra,0.9428520238076272,0.5179359976191845,10411.0
00660055,torsion_compression,grefem_max,extra,0.8386164756708369,0.9841182552295756,99995.0
00660055,torsion_compression,grefem_mid,extra,0.838600389010892,0.984128409903136,99995.0
00660055,torsion_compression,grefem_none,extra,0.4748062452351392,0.6784099271764833,184736.0
00660055,torsion_compression,heuristic,extra,0.8144655546444277,0.9765598268044487,97148.0
00660055,torsion_compression,heuristic_sub,extra,0.1973758901998002,0.0456291095076426,98805.0
00660055,torsion_compression,zz_oracle,extra,0.1641808724785314,0.1726906612720041,93762.0
00720006,torsion_compression,grefem_max,extra,0.5737157605449031,0.8245822694791058,100695.0
00720006,torsion_compression,grefem_mid,extra,0.5476378828552436,0.7263725431938359,116501.0
00720006,torsion_compression,grefem_none,extra,0.7074441889096267,0.99508299746634,40655.0
00720006,torsion_compression,heuristic,extra,0.7567384383842801,0.9462624768335892,110295.0
00720006,torsion_compression,heuristic_sub,extra,0.7567384383842801,0.9462624768335892,110295.0
00720006,torsion_compression,zz_oracle,extra,0.1915475179131237,0.2338958915744338,66669.0
00470072,torsion_compression,grefem_max,extra,0.3848841949424718,0.9135256527227829,38017.0
00470072,torsion_compression,grefem_mid,extra,0.3848841949424718,0.9135256527227829,38017.0
00470072,torsion_compression,grefem_none,extra,0.6850319173625079,0.9434636727347212,54605.0
00470072,torsion_compression,heuristic,extra,0.8176376645518147,0.9890080172127508,35721.0
00470072,torsion_compression,heuristic_sub,extra,0.8176376645518147,0.9890080172127508,35721.0
00470072,torsion_compression,zz_oracle,extra,0.191581577656015,0.935013244038416,15960.0
00360058,torsion_compression,grefem_max,extra,0.6655687092072385,0.9241338623769906,23591.0
00360058,torsion_compression,grefem_mid,extra,0.937353312314354,0.9895275257950088,3415.0
00360058,torsion_compression,grefem_none,extra,0.4878062629549656,0.8556448049971626,9078.0
00360058,torsion_compression,heuristic,extra,0.5755370432861663,0.7680490948204632,23995.0
00360058,torsion_compression,heuristic_sub,extra,0.5710307564570951,0.8066907814852107,23347.0
00360058,torsion_compression,zz_oracle,extra,0.4576531372828846,0.9314332001506446,16743.0
00760084,torsion_compression,grefem_max,extra,0.6836943090611026,0.7977484431434645,85260.0
00760084,torsion_compression,grefem_mid,extra,0.5791432136882855,0.6235626636532517,89220.0
00760084,torsion_compression,grefem_none,extra,0.813098036826357,0.926187848501628,95036.0
00760084,torsion_compression,heuristic,extra,0.8210092361556233,0.9550297210118516,90493.0
00760084,torsion_compression,heuristic_sub,extra,0.6850640623420071,0.7443092822812243,90648.0
00760084,torsion_compression,zz_oracle,extra,0.1105315111083396,0.3541507721537378,76750.0
00410074,torsion_compression,grefem_max,extra,0.5018704485855129,0.8261914772419082,21037.0
00410074,torsion_compression,grefem_mid,extra,0.3705639589836312,0.7063655003748872,33443.0
00410074,torsion_compression,grefem_none,extra,0.4846539365583938,0.8060472640790792,38627.0
00410074,torsion_compression,heuristic,extra,0.2643160154792642,0.6719597606048836,20448.0
00410074,torsion_compression,heuristic_sub,extra,0.2643160154792642,0.6719597606048836,20448.0
00410074,torsion_compression,zz_oracle,extra,0.0363703645150366,0.5828893004885419,22849.0
00810023,torsion_compression,grefem_max,extra,0.7964948537127162,0.9597958785138568,70558.0
00810023,torsion_compression,grefem_mid,extra,0.4936573713740121,0.8417745781761998,94030.0
00810023,torsion_compression,grefem_none,extra,0.6403345079417401,0.9282127393608351,83984.0
00810023,torsion_compression,heuristic,extra,0.6850263764410347,0.9136251700576636,70254.0
00810023,torsion_compression,heuristic_sub,extra,0.6850263764410347,0.9136251700576636,70254.0
00810023,torsion_compression,zz_oracle,extra,0.3026711773717143,0.8817399235757316,53928.0
00640066,torsion_compression,coarse,extra,0.8871958487240085,0.9784086293100188,5005.0
00970002,torsion_compression,coarse,extra,3.5458400799658905,0.8119466970900491,7194.0
00970002,torsion_compression,grefem_max,extra,0.1911776023775664,0.9528194882612606,96539.0
00970002,torsion_compression,grefem_mid,extra,0.3789014564562482,0.8721120231521666,123235.0
00970002,torsion_compression,grefem_none,extra,0.0197575795078164,0.6862683806507633,140594.0
00970002,torsion_compression,heuristic,extra,0.4069541574094651,0.829715414517386,104724.0
00970002,torsion_compression,heuristic_sub,extra,0.4069541574094651,0.829715414517386,104724.0
00970002,torsion_compression,zz_oracle,extra,0.2884136089546731,0.7570943113297152,88383.0
00450041,torsion_compression,coarse,extra,0.8015940751117123,0.9035131057682476,1679.0
00450041,torsion_compression,grefem_max,extra,0.8853502728512137,0.9845932498874652,10517.0
00450041,torsion_compression,grefem_mid,extra,0.8853502728512137,0.9845932498874652,10517.0
00450041,torsion_compression,grefem_none,extra,0.8233947953634265,0.9585652572774236,10831.0
00450041,torsion_compression,heuristic,extra,0.5821984556040914,0.9203951927233333,10172.0
00450041,torsion_compression,heuristic_sub,extra,0.5821984556040914,0.9203951927233333,10172.0
00450041,torsion_compression,zz_oracle,extra,0.4262040056841076,0.7619233483470288,9591.0
00380051,torsion_compression,coarse,extra,0.9483065131122,0.9979039842916484,2355.0
00380051,torsion_compression,grefem_max,extra,0.9706364217666472,0.9989510300486578,5566.0
00380051,torsion_compression,grefem_mid,extra,0.9706364217666472,0.9989510300486578,5566.0
00380051,torsion_compression,grefem_none,extra,0.9706364217666472,0.9989510300486578,5566.0
00380051,torsion_compression,heuristic,extra,0.9502887396327014,0.995626541557754,5973.0
00380051,torsion_compression,heuristic_sub,extra,0.9479747391718992,0.997805156543864,5948.0
00380051,torsion_compression,zz_oracle,extra,0.922036364883202,0.9968697893500182,5662.0
00490002,torsion_compression,coarse,extra,0.9167063925808906,0.992716885030905,4974.0
00490002,torsion_compression,grefem_max,extra,0.9438145757386748,0.994229716878991,24176.0
00490002,torsion_compression,grefem_mid,extra,0.905721248330902,0.9947952577715116,27189.0
00490002,torsion_compression,grefem_none,extra,0.9519402311474704,0.9919000698509826,28831.0
00490002,torsion_compression,heuristic,extra,0.946131609297126,0.9923149680767548,25922.0
00490002,torsion_compression,heuristic_sub,extra,0.948973785350526,0.9907444651212308,26069.0
00490002,torsion_compression,zz_oracle,extra,0.653784541306104,0.9630005086292724,17369.0
00360077,torsion_compression,coarse,extra,0.6585670499756525,0.973390327714339,4479.0
00360077,torsion_compression,grefem_max,extra,0.54960041687805,0.8451539565766473,164242.0
00360077,torsion_compression,grefem_mid,extra,0.4575247674298041,0.8658777367391886,74999.0
00360077,torsion_compression,grefem_none,extra,0.4063196977574735,0.4987827109264045,173238.0
00360077,torsion_compression,heuristic,extra,0.3017844040512843,0.6078614831702912,172642.0
00360077,torsion_compression,heuristic_sub,extra,0.3017844040512843,0.6078614831702912,172642.0
00360077,torsion_compression,zz_oracle,extra,0.1584730394486444,0.5261381978932894,157885.0
00660055,bending,coarse,extra,0.998139345658538,0.999992988311696,13449.0
00630027,bending,coarse,extra,0.8436856394482741,0.9882354151879292,3758.0
00770000,bending,grefem_max,extra,0.4281709945051521,0.7721739552378553,97855.0
00770000,bending,grefem_mid,extra,0.7381268063175579,0.951683835754152,97406.0
00770000,bending,grefem_none,extra,0.4762477823185737,0.3106016792332728,79472.0
00770000,bending,heuristic,extra,0.6045361296690505,0.8552674299059319,89332.0
00770000,bending,heuristic_sub,extra,0.6045223803145343,0.8552971657816634,89332.0
00770000,bending,zz_oracle,extra,0.2088028451457987,0.7150939680709593,51159.0
00770080,bending,grefem_max,extra,0.513816175335918,0.4799554319944062,87472.0
00770080,bending,grefem_mid,extra,0.7102477491190092,0.9164042652385552,87677.0
00770080,bending,grefem_none,extra,0.2160415282409141,0.3697637461790794,153501.0
00770080,bending,heuristic,extra,0.4794341181670944,0.4602200491983805,83687.0
00770080,bending,heuristic_sub,extra,0.5853141030576839,0.787157470011962,84108.0
00770080,bending,zz_oracle,extra,0.0378613910848262,0.5706498313777538,14097.0
00740023,bending,grefem_max,extra,0.77891779946194,0.9866647808400107,21160.0
00740023,bending,grefem_mid,extra,0.6642250806381207,0.9199894802500987,55745.0
00740023,bending,grefem_none,extra,0.6739827803743053,0.923868822175939,50846.0
00740023,bending,heuristic,extra,0.7436348693021751,0.9455779136304736,27680.0
00740023,bending,heuristic_sub,extra,0.7436348693021751,0.9455779136304736,27680.0
00740023,bending,zz_oracle,extra,0.6210208160391,0.9449558720978556,19805.0
00340068,bending,grefem_max,extra,0.3194231619930268,0.657672394380784,72261.0
00340068,bending,grefem_mid,extra,0.1956747695916563,0.5758037400239682,72813.0
00340068,bending,grefem_none,extra,0.326667457549188,0.6469812668990244,67474.0
00340068,bending,heuristic,extra,0.3229920055494092,0.6073139134744446,69062.0
00340068,bending,heuristic_sub,extra,0.3229920055494091,0.6073139134744482,69062.0
00340068,bending,zz_oracle,extra,0.2089272318784611,0.5460136784290375,68672.0
00360036,bending,grefem_max,extra,0.5253607511801135,0.8644832435425787,41018.0
00360036,bending,grefem_mid,extra,0.5556704677992136,0.8379099501021124,47603.0
00360036,bending,grefem_none,extra,0.6647922354522815,0.9234256952061848,43873.0
00360036,bending,heuristic,extra,0.4725555600093651,0.8392208641147717,39081.0
00360036,bending,heuristic_sub,extra,0.4725555600093651,0.8392208641147717,39081.0
00360036,bending,zz_oracle,extra,0.7224149480260177,0.9398303414053688,37197.0
00250001,bending,grefem_max,extra,0.6714073790509377,0.9224410108236776,12421.0
00250001,bending,grefem_mid,extra,0.7380376676372667,0.9326323391195924,19140.0
00250001,bending,grefem_none,extra,0.8764142960147656,0.9925359992787788,9877.0
00250001,bending,heuristic,extra,0.7677667049312941,0.9221915487027416,12915.0
00250001,bending,heuristic_sub,extra,0.7894343667058016,0.9439445631779252,13625.0
00250001,bending,zz_oracle,extra,0.2103542098218762,0.8510790156831904,11362.0
00800055,bending,grefem_max,extra,0.6840236926749278,0.9676842350338356,34637.0
00800055,bending,grefem_mid,extra,0.5769919440446855,0.8052912468431904,17208.0
00800055,bending,grefem_none,extra,0.6058763683687919,0.9243940354319092,59542.0
00800055,bending,heuristic,extra,0.6257911407009069,0.89734141082559,32642.0
00800055,bending,heuristic_sub,extra,0.6257911407008395,0.8973414108255104,32642.0
00800055,bending,zz_oracle,extra,0.7993371197408113,0.9852462248723358,19787.0
00380031,bending,grefem_max,extra,0.6620606677357832,0.8274533323531215,88156.0
00380031,bending,grefem_mid,extra,0.4276193773351428,0.646493092918846,88839.0
00380031,bending,grefem_none,extra,0.3318260088718316,0.1319725186169332,81225.0
00380031,bending,heuristic,extra,0.6818165761436168,0.8799911472491181,81384.0
00380031,bending,heuristic_sub,extra,0.6818165761436168,0.8799911472491181,81384.0
00380031,bending,zz_oracle,extra,0.2340099133886547,0.8242350170194404,25831.0
00610091,bending,grefem_max,extra,0.5852983292098324,0.9285890240630762,52216.0
00610091,bending,grefem_mid,extra,0.6356299239750751,0.9527249435810784,52331.0
00610091,bending,grefem_none,extra,0.8324482407324816,0.9764957435991622,36443.0
00610091,bending,heuristic,extra,0.8096109478183665,0.9718370599543984,49181.0
00610091,bending,heuristic_sub,extra,0.8096109478183665,0.9718370599543984,49181.0
00610091,bending,zz_oracle,extra,0.9504944919511008,0.9983736197527668,51392.0
00170059,bending,grefem_max,extra,0.6052391670621874,0.938724976441104,43802.0
00170059,bending,grefem_mid,extra,0.5889416750118662,0.9452789259977672,65444.0
00170059,bending,grefem_none,extra,0.6949386811418278,0.9692274412252544,53217.0
00170059,bending,heuristic,extra,0.5874173054726229,0.93227885109562,44405.0
00170059,bending,heuristic_sub,extra,0.7864716194070989,0.9566927804456992,44779.0
00170059,bending,zz_oracle,extra,0.6503317186789307,0.9428881202822328,40927.0
00630027,bending,grefem_max,extra,0.378598329806315,0.4459923479000993,93760.0
00630027,bending,grefem_mid,extra,0.5329982239441013,0.7824143633224762,95576.0
00630027,bending,grefem_none,extra,0.4233652816319189,0.6312725903877904,62710.0
00630027,bending,heuristic,extra,0.434108258976272,0.7325779525890577,94070.0
00630027,bending,heuristic_sub,extra,0.4596751958257363,0.6073842354054212,91853.0
00630027,bending,zz_oracle,extra,0.3072138033876638,0.7959245262471747,86127.0
00480062,bending,grefem_max,extra,0.7384769189349824,0.979029303551658,40787.0
00480062,bending,grefem_mid,extra,0.76707718517162,0.9804425722703344,46697.0
00480062,bending,grefem_none,extra,0.6814605215991878,0.9584220297589492,66692.0
00480062,bending,heuristic,extra,0.7051333434139433,0.9754133554134952,39505.0
00480062,bending,heuristic_sub,extra,0.7051333434139433,0.9754133554134952,39505.0
00480062,bending,zz_oracle,extra,0.9160494362660035,0.99513850634651,37403.0
00460090,bending,grefem_max,extra,0.6555060435282307,0.8430152891329967,27852.0
00460090,bending,grefem_mid,extra,0.6555060435282307,0.8430152891329967,27852.0
00460090,bending,grefem_none,extra,0.912137394325835,0.9901212685991652,49768.0
00460090,bending,heuristic,extra,0.8813104572101459,0.9762758069319032,13206.0
00460090,bending,heuristic_sub,extra,0.8602637008419534,0.962531256583574,13328.0
00460090,bending,zz_oracle,extra,0.6665180553985149,0.9381146615763664,26229.0
00970010,bending,grefem_max,extra,0.733831049816532,0.9179178724266198,20377.0
00970010,bending,grefem_mid,extra,0.7187000835788194,0.9033301356157596,14261.0
00970010,bending,grefem_none,extra,0.5772894319844484,0.8965184213881776,26877.0
00970010,bending,heuristic,extra,0.6575189006680047,0.9196251943104348,21053.0
00970010,bending,heuristic_sub,extra,0.6557414052898185,0.859080883187792,21313.0
00970010,bending,zz_oracle,extra,0.4665774692333977,0.866364310895471,20580.0
00880096,bending,grefem_max,extra,0.2365051214056866,0.7015997477091221,53965.0
00880096,bending,grefem_mid,extra,0.7133662720490263,0.669967031939493,56972.0
00880096,bending,grefem_none,extra,0.328387204782092,0.7585086720265642,58633.0
00880096,bending,heuristic,extra,0.4514089499795353,0.0544013748122983,50623.0
00880096,bending,heuristic_sub,extra,0.3588752552620805,0.7755368986601552,50120.0
00880096,bending,zz_oracle,extra,2.9580383585984595,2.033191593057625,43761.0
00770000,bending,coarse,extra,0.7841060889119432,0.9624356188868122,2731.0
00880050,bending,coarse,extra,0.6581654861889044,0.9774722738199174,7053.0
00880050,bending,grefem_max,extra,0.5452146139093306,0.9315291370180344,33986.0
00880050,bending,grefem_mid,extra,0.1201584749325753,0.8608451389691564,22883.0
00880050,bending,grefem_none,extra,0.2951989296294519,0.8805965438037143,73428.0
00880050,bending,heuristic,extra,0.1481960740967611,0.8583321854532026,30596.0
00880050,bending,heuristic_sub,extra,0.1481960740967611,0.8583321854532026,30596.0
00880050,bending,zz_oracle,extra,0.1949457285390037,0.8683810154718524,31747.0
00280029,bending,coarse,extra,0.8659049267363795,0.9650043756446434,2714.0
00280029,bending,grefem_max,extra,0.5661729684231025,0.5950939900944079,76359.0
00280029,bending,grefem_mid,extra,0.6026431833282734,0.8252523772461112,56603.0
00280029,bending,grefem_none,extra,0.5820944099042508,0.698859336963029,79229.0
00280029,bending,heuristic,extra,0.5225251945600004,0.6793337869966963,77330.0
00280029,bending,heuristic_sub,extra,0.5225251945600004,0.6793337869966963,77330.0
00280029,bending,zz_oracle,extra,0.6465078601665369,0.8202076132899737,72967.0
00160092,bending,coarse,extra,0.810036042858521,0.99139564638337,4236.0
00160092,bending,grefem_max,extra,0.7139093954639535,0.9965770851561092,33651.0
00160092,bending,grefem_mid,extra,0.7664540496768818,0.969819949503462,69126.0
00160092,bending,grefem_none,extra,0.5174191424810208,0.953225021059541,74463.0
00160092,bending,heuristic,extra,0.6518729389407542,0.9962036178228664,32433.0
00160092,bending,heuristic_sub,extra,0.6835121351454891,0.9269871958962548,32816.0
00160092,bending,zz_oracle,extra,0.8333559981056282,0.9992187469275042,14548.0
00460016,bending,coarse,extra,0.9445147898086744,0.9973002059359186,3807.0
00460016,bending,grefem_max,extra,0.5455607080886196,0.9085041179534032,124233.0
00460016,bending,grefem_mid,extra,0.545091008819695,0.9072187457289916,122806.0
00460016,bending,grefem_none,extra,0.1088585396740014,0.4101158275694513,133435.0
00460016,bending,heuristic,extra,0.6883560948785028,0.96637577037874,111877.0
00460016,bending,heuristic_sub,extra,0.6879969762872008,0.9741343822858992,116420.0
00460016,bending,zz_oracle,extra,0.3961006265188125,0.7286191061077036,117644.0
00720089,bending,coarse,extra,0.6607353175019787,0.9219583927266184,3988.0
00720089,bending,grefem_max,extra,0.7717167409710171,0.9647385180021184,44059.0
00720089,bending,grefem_mid,extra,0.7941425118170952,0.9652830511495138,46286.0
00720089,bending,grefem_none,extra,0.7580383851731487,0.9457715532838652,33243.0
00720089,bending,heuristic,extra,0.346253040054902,0.8703782240527717,19508.0
00720089,bending,heuristic_sub,extra,0.346253040054902,0.8703782240527717,19508.0
00720089,bending,zz_oracle,extra,0.5045878156746169,0.4255391518664504,40947.0
00760021,bending,coarse,extra,0.4340055273686663,0.8040079663032513,69991.0
00760021,bending,grefem_max,extra,0.5068317784000103,0.8675099717070786,248589.0
00760021,bending,grefem_mid,extra,0.5068317784000066,0.8675099717070786,248589.0
00760021,bending,grefem_none,extra,0.5068317784000066,0.8675099717070786,248589.0
00760021,bending,heuristic,extra,0.5068317784000066,0.8675099717070786,248589.0
00760021,bending,heuristic_sub,extra,0.5068317784000066,0.8675099717070786,248589.0
00760021,bending,zz_oracle,extra,0.5068317784000066,0.8675099717070786,248589.0
00160047,bending,coarse,extra,0.9215551102199488,0.996514687939296,6313.0
00160047,bending,grefem_max,extra,0.4948332044326164,0.6275603721162026,50577.0
00160047,bending,grefem_mid,extra,0.4951954758170083,0.5802331551958775,52979.0
00160047,bending,grefem_none,extra,0.5143691334243488,0.6239300583237913,57949.0
00160047,bending,heuristic,extra,0.5499681222557123,0.6980421919166461,52653.0
00160047,bending,heuristic_sub,extra,0.5163169028221082,0.6170481978186787,52451.0
00160047,bending,zz_oracle,extra,0.3309979244506634,0.7822390635138247,46948.0
00990038,bending,coarse,extra,0.4876374441884923,0.860242783697023,82839.0
00990038,bending,grefem_max,extra,0.5708517914228336,0.8482206993154844,138241.0
00990038,bending,grefem_mid,extra,0.5708517914228334,0.8482206993154844,138241.0
00990038,bending,grefem_none,extra,0.5708517914228334,0.8482206993154844,138241.0
00990038,bending,heuristic,extra,0.5708517914228335,0.8482206993154844,138241.0
00990038,bending,heuristic_sub,extra,0.5708517914228334,0.8482206993154844,138241.0
00990038,bending,zz_oracle,extra,0.5708517914228335,0.8482206993154844,138241.0
00160031,bending,coarse,extra,2.0306861864446413,0.7659010263210614,2338.0
00550067,bending,coarse,extra,0.7284937891447895,0.8145883718559207,3051.0
00380080,bending,coarse,extra,0.8017070047272488,0.9949842267597836,7674.0
00470072,bending,coarse,extra,0.971887592528041,0.9990263396771374,2871.0
00160091,bending,coarse,extra,0.4845433373260747,0.8493157082795375,4700.0
00160091,bending,grefem_max,extra,0.2431267231698836,0.3258332164487363,80567.0
00160091,bending,grefem_mid,extra,0.3175539421564136,0.1770386607555841,76533.0
00160091,bending,grefem_none,extra,0.0979167699060969,1.3683006491066774,205265.0
00160091,bending,heuristic,extra,0.6575626773918952,0.869757487709691,76915.0
00160091,bending,heuristic_sub,extra,0.4513890752106178,0.483313324223973,86721.0
00160091,bending,zz_oracle,extra,0.2619836964791649,0.8235328314162951,14914.0
00850016,bending,coarse,extra,0.774711073445516,0.9558321906878876,2360.0
00850016,bending,grefem_max,extra,0.7064605056402309,0.9559915194597972,2590.0
00850016,bending,grefem_mid,extra,0.8633966715867288,0.9737920311331912,5317.0
00850016,bending,grefem_none,extra,0.707580551797895,0.9546917936209084,5396.0
00850016,bending,heuristic,extra,0.7064605056402309,0.9559915194597972,2590.0
00850016,bending,heuristic_sub,extra,0.7064605056402309,0.9559915194597972,2590.0
00850016,bending,zz_oracle,extra,0.7064605056402309,0.9559915194597972,2590.0
00140054,bending,coarse,extra,0.8225410499969538,0.959047687455231,3212.0
00140054,bending,grefem_max,extra,0.420163688126421,0.9672759570296624,28517.0
00140054,bending,grefem_mid,extra,0.506630099386402,0.8154417304757788,57882.0
00140054,bending,grefem_none,extra,0.4741412568099105,0.7502922798884937,55573.0
00140054,bending,heuristic,extra,0.3511108292259213,0.8422553015043502,27473.0
00140054,bending,heuristic_sub,extra,0.3511108292259213,0.8422553015043502,27473.0
00140054,bending,zz_oracle,extra,0.2935715180723708,0.6504079703744974,26196.0
00480008,bending,coarse,extra,0.587616001167166,0.962243531130084,2535.0
00480008,bending,grefem_max,extra,0.6096118004894362,0.9564053593353044,17489.0
00480008,bending,grefem_mid,extra,0.6043405078243752,0.9410303349477468,19463.0
00480008,bending,grefem_none,extra,0.837531774719639,0.9835620679936344,3045.0
00480008,bending,heuristic,extra,0.3139171362620245,0.9491255944753094,16716.0
00480008,bending,heuristic_sub,extra,0.3139171362620245,0.9491255944753094,16716.0
00480008,bending,zz_oracle,extra,0.836993310600842,0.9839551285435304,15114.0
00910047,bending,coarse,extra,0.7882403070360847,0.9129438812311677,2363.0
00910047,bending,grefem_max,extra,0.6683388788859271,0.7889760165253752,44676.0
00910047,bending,grefem_mid,extra,0.7294558459035626,0.9435208366112776,51886.0
00910047,bending,grefem_none,extra,0.9264753545051404,0.992805599008367,35497.0
00910047,bending,heuristic,extra,0.8915130155977355,0.9885387084094086,48846.0
00910047,bending,heuristic_sub,extra,0.8915130155977355,0.9885387084094086,48846.0
00910047,bending,zz_oracle,extra,0.8873531686546284,0.9874935584143126,41897.0
00330020,torsion,grefem_max,extra,0.911879093876118,0.9828130764791452,164577.0
00330020,torsion,grefem_mid,extra,0.8305462367221187,0.9410453563591736,167136.0
00330020,torsion,grefem_none,extra,0.8769794070899065,0.9590850434656926,203648.0
00330020,torsion,heuristic,extra,0.941707607849178,0.995939052431643,161886.0
00330020,torsion,heuristic_sub,extra,0.5636161618159293,0.5662274848672034,160109.0
00330020,torsion,zz_oracle,extra,0.671614101215491,0.9739407444846588,12020.0
00050000,torsion,grefem_max,extra,0.6246860351490039,0.9471911889448528,47562.0
00050000,torsion,grefem_mid,extra,0.6296715769494977,0.9098894531990924,60033.0
00050000,torsion,grefem_none,extra,0.5122347642817967,0.898616711352574,53834.0
00050000,torsion,heuristic,extra,0.494330348428069,0.8463084416694033,47045.0
00050000,torsion,heuristic_sub,extra,0.6492530383507749,0.8946696848662208,48302.0
00050000,torsion,zz_oracle,extra,0.0317784415046079,0.0525620074066234,46190.0
00970002,torsion,grefem_max,extra,0.5481628505601424,0.804525636020233,134545.0
00970002,torsion,grefem_mid,extra,0.5540561942309731,0.7982382188045729,133081.0
00970002,torsion,grefem_none,extra,0.6280433773740504,0.9533381735395852,140025.0
00970002,torsion,heuristic,extra,0.6394480170834801,0.9267585603327588,138149.0
00970002,torsion,heuristic_sub,extra,0.6394480166322183,0.9267585603427032,138149.0
00970002,torsion,zz_oracle,extra,0.6147091955169058,0.8480293246866536,120993.0
00860044,torsion,grefem_max,extra,0.6458045158537093,0.8807097564403886,44910.0
00860044,torsion,grefem_mid,extra,0.5234373731072105,0.8762494871134627,73820.0
00860044,torsion,grefem_none,extra,0.6503481344306438,0.8757088910487667,86616.0
00860044,torsion,heuristic,extra,0.4396802995822894,0.836204855779732,43377.0
00860044,torsion,heuristic_sub,extra,0.4396802995822894,0.836204855779732,43377.0
00860044,torsion,zz_oracle,extra,0.6057244983300978,0.9265380342258565,46376.0
00240090,torsion,grefem_max,extra,0.5806333001984213,0.923699192901976,34398.0
00240090,torsion,grefem_mid,extra,0.6009031738267736,0.9284826641159792,34204.0
00240090,torsion,grefem_none,extra,0.1588422269412927,0.0789397351682241,74849.0
00240090,torsion,heuristic,extra,0.7370503734678048,0.9671772429494644,36971.0
00240090,torsion,heuristic_sub,extra,0.5353066673072383,0.8203962604639317,36758.0
00240090,torsion,zz_oracle,extra,0.4813178379581803,0.7788935795668374,36592.0
00570009,torsion,grefem_max,extra,0.1144923211992855,0.3035119520722599,113337.0
00570009,torsion,grefem_mid,extra,0.0500060846473417,0.316564694859454,117515.0
00570009,torsion,grefem_none,extra,0.0284478453007595,0.4226982733181584,95294.0
00570009,torsion,heuristic,extra,0.5756833819721906,0.915196091092769,114149.0
00570009,torsion,heuristic_sub,extra,0.7011453948601568,0.959972303219513,110085.0
00570009,torsion,zz_oracle,extra,0.5243858464123535,0.9053294705116288,102385.0
00100065,torsion,grefem_max,extra,0.3580104985542708,0.8687381115625574,173900.0
00100065,torsion,grefem_mid,extra,0.7578706661133314,0.9903064667334384,197840.0
00100065,torsion,grefem_none,extra,0.4467765093347648,0.8635670694456705,193386.0
00100065,torsion,heuristic,extra,0.6625827576495301,0.9528605507746848,167079.0
00100065,torsion,heuristic_sub,extra,0.6625827576495301,0.9528605507746848,167079.0
00100065,torsion,zz_oracle,extra,0.6985139951947593,0.9754893966458648,168825.0
00230055,torsion,grefem_max,extra,0.3439386522097536,0.5977505652828503,19591.0
00230055,torsion,grefem_mid,extra,0.8690429681216423,0.9781363653978102,20149.0
00230055,torsion,grefem_none,extra,0.4237853215082058,0.7379420393648424,22030.0
00230055,torsion,heuristic,extra,0.6179562151597244,0.9080668971202948,17850.0
00230055,torsion,heuristic_sub,extra,0.6179562151597244,0.9080668971202948,17850.0
00230055,torsion,zz_oracle,extra,0.6012150144019237,0.8841994297890131,19804.0
00200078,torsion,grefem_max,extra,0.0462428805914775,1.3008627534458308,42531.0
00200078,torsion,grefem_mid,extra,0.6398498772708511,4.587687160754702,41643.0
00200078,torsion,grefem_none,extra,0.6475058396501588,1.8925991047919617,57425.0
00200078,torsion,heuristic,extra,0.3912592175723447,0.7956989506722028,33956.0
00200078,torsion,heuristic_sub,extra,0.3912592175723447,0.7956989506722028,33956.0
00200078,torsion,zz_oracle,extra,0.192376212969105,1.0905971007658806,11269.0
00720048,torsion,grefem_max,extra,0.6318879780927994,0.4963063745963244,56916.0
00720048,torsion,grefem_mid,extra,0.4739668865461605,0.3053651431367,62881.0
00720048,torsion,grefem_none,extra,0.7427393490169505,0.7800570226014862,57548.0
00720048,torsion,heuristic,extra,0.3675555649301595,0.4512929904249004,57219.0
00720048,torsion,heuristic_sub,extra,0.3675555649301595,0.4512929904249004,57219.0
00720048,torsion,zz_oracle,extra,0.1802763991108739,0.7898467346857985,27087.0
00160091,torsion,grefem_max,extra,0.6594935589655719,0.8979145006978896,122592.0
00160091,torsion,grefem_mid,extra,0.5699480436873958,0.7191201643049658,107059.0
00160091,torsion,grefem_none,extra,0.4849199820070716,0.7112978746793048,198190.0
00160091,torsion,heuristic,extra,0.5537664304336176,0.8214608136250136,133507.0
00160091,torsion,heuristic_sub,extra,0.5123024687783357,0.728363921189065,134185.0
00160091,torsion,zz_oracle,extra,0.0046048609631361,0.5941735079127187,55132.0
00850016,torsion,grefem_max,extra,0.4777634216756427,0.8850425941738623,5407.0
00850016,torsion,grefem_mid,extra,0.7112317986177462,0.9463221738643272,2590.0
00850016,torsion,grefem_none,extra,0.5295745308876774,0.8632087315547297,4078.0
00850016,torsion,heuristic,extra,0.4777443860285811,0.8863017315779573,5937.0
00850016,torsion,heuristic_sub,extra,0.8414126105837058,0.9823899468915362,4532.0
00850016,torsion,zz_oracle,extra,0.6116426449677572,0.970096683785287,5496.0
00140054,torsion,grefem_max,extra,0.6103622949982558,0.8234492548281777,59024.0
00140054,torsion,grefem_mid,extra,0.110786019039296,0.1363337817235037,58228.0
00140054,torsion,grefem_none,extra,0.6405379420796483,0.8303326963692901,55017.0
00140054,torsion,heuristic,extra,0.5515849184531137,0.7839259131092048,55695.0
00140054,torsion,heuristic_sub,extra,0.5515849184531137,0.7839259131092048,55695.0
00140054,torsion,zz_oracle,extra,0.3986295795935782,0.3536723851796141,43377.0
00480008,torsion,grefem_max,extra,0.5966352740438612,0.942931678802324,19938.0
00480008,torsion,grefem_mid,extra,0.7415495229349036,0.9621695100518544,19062.0
00480008,torsion,grefem_none,extra,0.9112085031615345,0.9898377017008492,5729.0
00480008,torsion,heuristic,extra,0.3079716114571036,0.9429442082337448,18676.0
00480008,torsion,heuristic_sub,extra,0.3079716114571036,0.9429442082337448,18676.0
00480008,torsion,zz_oracle,extra,0.8753643582226693,0.9900723789055852,12932.0
00910047,torsion,grefem_max,extra,0.708121012759427,0.9250223150680588,56249.0
00910047,torsion,grefem_mid,extra,0.5916775767977782,0.6122652454566139,62283.0
00910047,torsion,grefem_none,extra,0.690715447895124,0.8643052999270925,57138.0
00910047,torsion,heuristic,extra,0.6897959098519298,0.9192331270113664,56062.0
00910047,torsion,heuristic_sub,extra,0.6897959098519298,0.9192331270113664,56062.0
00910047,torsion,zz_oracle,extra,0.580312062771403,0.54447278344901,59933.0
00710039,torsion,grefem_max,extra,0.6355386421234073,0.8881683664823092,52661.0
00710039,torsion,grefem_mid,extra,0.6355386421234073,0.8881683664823092,52661.0
00710039,torsion,grefem_none,extra,0.7729172310580616,0.9389680839923302,52602.0
00710039,torsion,heuristic,extra,0.6029081385107904,0.9246564017578824,53140.0
00710039,torsion,heuristic_sub,extra,0.6029081385107904,0.9246564017578824,53140.0
00710039,torsion,zz_oracle,extra,0.5978624672831315,0.960989629243174,45818.0
00750000,torsion,grefem_max,extra,0.6041514861470875,0.9259056013424508,12023.0
00750000,torsion,grefem_mid,extra,0.5432227601650204,0.8838463155949384,37463.0
00750000,torsion,grefem_none,extra,0.5169129619829756,0.8507410910559282,34024.0
00750000,torsion,heuristic,extra,0.8924967091719648,0.9940304084279996,11090.0
00750000,torsion,heuristic_sub,extra,0.7216730166275835,0.9532830053576092,11087.0
00750000,torsion,zz_oracle,extra,0.904202446322583,0.9957379234420212,12505.0
00330020,torsion,coarse,extra,0.738601687498787,0.8364373477178163,2906.0
00050000,torsion,coarse,extra,0.7611049251118994,0.9712224652844657,3824.0
00770080,torsion,coarse,extra,0.8385027796471971,0.9690022653163856,4446.0
00770080,torsion,grefem_max,extra,0.5049905834966668,0.8633281863277893,98361.0
00770080,torsion,grefem_mid,extra,0.7342294452887002,0.850956971094894,110583.0
00770080,torsion,grefem_none,extra,0.7875307038928948,0.9005131782653568,141794.0
00770080,torsion,heuristic,extra,0.585001749297895,0.6206819927301056,92255.0
00770080,torsion,heuristic_sub,extra,0.585001749297895,0.6206819927301056,92255.0
00770080,torsion,zz_oracle,extra,0.3590694916188712,0.8088310166075117,29324.0
00740023,torsion,coarse,extra,0.921318716945847,0.9955633785938952,2649.0
00740023,torsion,grefem_max,extra,0.6602478048565925,0.8858873184095865,56833.0
00740023,torsion,grefem_mid,extra,0.8150069086665082,0.9687572928450796,61949.0
00740023,torsion,grefem_none,extra,0.7651733998509098,0.9505600909133866,79726.0
00740023,torsion,heuristic,extra,0.835873588704535,0.9849115794487352,54468.0
00740023,torsion,heuristic_sub,extra,0.835873588704535,0.9849115794487352,54468.0
00740023,torsion,zz_oracle,extra,0.6239303118088689,0.9746941343031132,46369.0
00650012,torsion,coarse,extra,0.8192132912101913,0.9897909998458452,2555.0
00650012,torsion,grefem_max,extra,0.7079932179263971,0.9637632811209186,31475.0
00650012,torsion,grefem_mid,extra,0.7761463384340336,0.9773646905607676,43354.0
00650012,torsion,grefem_none,extra,0.6967009282409972,0.9658017363820366,36064.0
00650012,torsion,heuristic,extra,0.7529204272874307,0.9717462986684582,25733.0
00650012,torsion,heuristic_sub,extra,0.8249769269433649,0.991382236717191,25800.0
00650012,torsion,zz_oracle,extra,0.7310107081356805,0.9660106881407838,29962.0
00270002,torsion,coarse,extra,0.8135371779407781,0.9729478967391216,7224.0
00270002,torsion,grefem_max,extra,0.6128802100268438,0.862890523285404,96049.0
00270002,torsion,grefem_mid,extra,0.6611673398834661,0.9077228039348122,71393.0
00270002,torsion,grefem_none,extra,0.550524229757525,0.8128055294632318,108040.0
00270002,torsion,heuristic,extra,0.6094865734915207,0.845352035363048,103670.0
00270002,torsion,heuristic_sub,extra,0.6094865734915204,0.8453520353630477,103670.0
00270002,torsion,zz_oracle,extra,0.3713365639812955,0.8583952963256196,89256.0
00890073,torsion,coarse,extra,0.8799533341745458,0.945275486449033,4729.0
00890073,torsion,grefem_max,extra,0.8569074983516243,0.9173318305017348,22475.0
00890073,torsion,grefem_mid,extra,0.8569074983516243,0.9173318305017348,22475.0
00890073,torsion,grefem_none,extra,0.9198510101361932,0.9735277874362176,24479.0
00890073,torsion,heuristic,extra,0.9187203244270432,0.9575784756043236,21188.0
00890073,torsion,heuristic_sub,extra,0.9187203244270432,0.9575784756043236,21188.0
00890073,torsion,zz_oracle,extra,0.6365572542985948,0.7449819182407953,23271.0
00300090,torsion,coarse,extra,0.8687542621361319,0.996401908624982,5655.0
00860049,torsion,coarse,extra,0.9773185566698506,0.9985025085180927,2206.0
00860049,torsion,grefem_max,extra,0.7834143924331651,0.9209086851388596,43876.0
00860049,torsion,grefem_mid,extra,0.763104241625248,0.8753849028327115,46987.0
00860049,torsion,grefem_none,extra,0.6619506627581347,0.8321886302656736,47018.0
00860049,torsion,heuristic,extra,0.6988741692490056,0.8625526870095594,43527.0
00860049,torsion,heuristic_sub,extra,0.6988741692490056,0.8625526870095594,43527.0
00860049,torsion,zz_oracle,extra,0.0870469631208053,0.4447502913649367,39449.0
00800032,torsion,coarse,extra,0.895200565256717,0.9895376187126672,2054.0
00410062,torsion,coarse,extra,0.7197067782706941,0.8899992187235652,5643.0
00410062,torsion,grefem_max,extra,0.4741897072116238,0.8678091860156906,43646.0
00410062,torsion,grefem_mid,extra,0.4443548527672206,0.8211718257038101,40575.0
00410062,torsion,grefem_none,extra,0.3994826771053534,0.7012293134014278,50519.0
00410062,torsion,heuristic,extra,0.2810724212792472,0.525451805646179,45128.0
00410062,torsion,heuristic_sub,extra,0.2810724212792472,0.525451805646179,45128.0
00410062,torsion,zz_oracle,extra,0.2789469672166667,0.6076324742772121,40580.0
00830083,torsion,coarse,extra,0.8629131690626259,0.95889920420667,3101.0
00830083,torsion,grefem_max,extra,0.7594947209668983,0.8738469190581362,52514.0
00830083,torsion,grefem_mid,extra,0.6623803919795583,0.7344568678604355,82615.0
00830083,torsion,grefem_none,extra,0.6751964864821995,0.8352746533703993,65615.0
00830083,torsion,heuristic,extra,0.7287835342334775,0.8372926826400612,53448.0
00830083,torsion,heuristic_sub,extra,0.7287835342334775,0.8372926826400612,53448.0
00830083,torsion,zz_oracle,extra,0.7114852235134308,0.9018534200122738,49089.0
00360058,torsion,coarse,extra,0.9264353738194232,0.9832971375018732,2636.0
00360058,torsion,grefem_max,extra,0.7516620414943823,0.976948128949903,6025.0
00360058,torsion,grefem_mid,extra,0.7516620414943823,0.976948128949903,6025.0
00360058,torsion,grefem_none,extra,0.4988126328386795,0.7565142831748615,12301.0
00360058,torsion,heuristic,extra,0.7763317271411715,0.8377192842567529,6478.0
00360058,torsion,heuristic_sub,extra,0.7508108661048413,0.8501904224872038,6440.0
00360058,torsion,zz_oracle,extra,0.7900747585054949,0.8988975887997459,6409.0
00760084,torsion,coarse,extra,0.5922681086488227,0.7430303578073284,4818.0
00760084,torsion,grefem_max,extra,0.549187995716294,0.4996217154165876,88027.0
00760084,torsion,grefem_mid,extra,0.5783760239955685,0.6102745295610005,90481.0
00760084,torsion,grefem_none,extra,0.5474178905750051,0.5220231537529907,92777.0
00760084,torsion,heuristic,extra,0.7314891530648846,0.9317554870602784,90493.0
00760084,torsion,heuristic_sub,extra,0.5904514308797973,0.7746281524403152,90311.0
00760084,torsion,zz_oracle,extra,0.2430669032826204,0.2972670641874991,84648.0
00410074,torsion,coarse,extra,0.8471336058156156,0.9871806004691104,2177.0
00410074,torsion,grefem_max,extra,0.5770193686215139,0.8273320796184265,30870.0
00410074,torsion,grefem_mid,extra,0.46998503044946,0.7644823906767813,27986.0
00410074,torsion,grefem_none,extra,0.3762419707829063,0.6108238008823962,37285.0
00410074,torsion,heuristic,extra,0.2067202091939743,0.6262072942140156,29531.0
00410074,torsion,heuristic_sub,extra,0.206720209170141,0.6262072941957864,29531.0
00410074,torsion,zz_oracle,extra,0.1291796453042593,0.6087583831934446,30260.0
00690084,torsion,grefem_max,extra,0.7182438644195019,0.948832071539924,13589.0
00690084,torsion,grefem_mid,extra,0.7586649108561557,0.9611875353401812,13131.0
00690084,torsion,grefem_none,extra,0.7003122960145601,0.927778327818006,16053.0
00690084,torsion,heuristic,extra,0.809307227716387,0.9300456016738234,14644.0
00690084,torsion,heuristic_sub,extra,0.8065490187258159,0.9350095869285172,14653.0
00690084,torsion,zz_oracle,extra,0.8263934442549056,0.9887729682716287,12463.0
00220069,torsion,grefem_max,extra,0.849664877000028,0.9523998561455274,35880.0
00220069,torsion,grefem_mid,extra,0.8519015744121502,0.9590298263340435,37154.0
00220069,torsion,grefem_none,extra,0.7593298774050586,0.9959561572093608,9936.0
00220069,torsion,heuristic,extra,0.8282556836288215,0.9889169462594228,32938.0
00220069,torsion,heuristic_sub,extra,0.7104077734475425,0.9188668556486204,32741.0
00220069,torsion,zz_oracle,extra,0.8691785348743478,0.988280841691119,37721.0
00350001,torsion,grefem_max,extra,0.1989928129058766,0.3293140854833821,84308.0
00350001,torsion,grefem_mid,extra,0.0424250481276443,0.0559510734793465,89736.0
00350001,torsion,grefem_none,extra,0.0897104591192901,1.2352844404332588,120429.0
00350001,torsion,heuristic,extra,0.9209551201605056,0.9900483236324532,77370.0
00350001,torsion,heuristic_sub,extra,0.6670501960454231,0.867695158503077,84056.0
00350001,torsion,zz_oracle,extra,0.1323508236502943,1.133764063594929,77835.0
00650065,torsion,grefem_max,extra,0.7701956709856129,0.9516254305047908,13861.0
00650065,torsion,grefem_mid,extra,0.8711098272862614,0.9559451408643764,49841.0
00650065,torsion,grefem_none,extra,0.6423215494953933,0.622384255867861,57774.0
00650065,torsion,heuristic,extra,0.8991287705758164,0.9424740995807156,13734.0
00650065,torsion,heuristic_sub,extra,0.8991287705758164,0.9424740995807156,13734.0
00650065,torsion,zz_oracle,extra,0.9245870188936116,0.9781862594331754,12821.0
00860026,torsion,grefem_max,extra,0.7977206324741527,0.968900318057306,162839.0
00860026,torsion,grefem_mid,extra,0.7977207859238287,0.9689001913642354,162839.0
00860026,torsion,grefem_none,extra,0.6638798457543778,0.8563601251485453,163067.0
00860026,torsion,heuristic,extra,0.7407059311947091,0.9330897722787156,163573.0
00860026,torsion,heuristic_sub,extra,0.7620928655794376,0.9492099772268752,162810.0
00860026,torsion,zz_oracle,extra,0.7312587403167993,0.8982237139370469,163062.0
00480056,torsion,grefem_max,extra,0.8011674921619572,0.9669978138527427,3983.0
00480056,torsion,grefem_mid,extra,0.834216343184445,0.9841930362682528,4366.0
00480056,torsion,grefem_none,extra,0.963895753549994,0.9966212455017136,6771.0
00480056,torsion,heuristic,extra,0.928800733236551,0.9917732480394412,4452.0
00480056,torsion,heuristic_sub,extra,0.9479201832569164,0.998050142710917,3867.0
00480056,torsion,zz_oracle,extra,0.9253545058214012,0.9938163923051118,3501.0
00470088,torsion,grefem_max,extra,0.5736890742961135,0.9012701094237195,96860.0
00470088,torsion,grefem_mid,extra,0.482821404715448,0.7814295366591893,101789.0
00470088,torsion,grefem_none,extra,0.810890221431462,0.9590542669838132,113441.0
00470088,torsion,heuristic,extra,0.7747268578111154,0.9468260254951923,96522.0
00470088,torsion,heuristic_sub,extra,0.7747268578111154,0.9468260254951923,96522.0
00470088,torsion,zz_oracle,extra,0.3188133472507984,0.5018325890939905,90816.0
00160031,torsion,grefem_max,extra,0.4531270095268051,0.8947918374914018,18208.0
00160031,torsion,grefem_mid,extra,0.4531270095268051,0.8947918374914018,18208.0
00160031,torsion,grefem_none,extra,0.3528273889086288,0.7681224438569895,35893.0
00160031,torsion,heuristic,extra,0.1993469483245446,0.7197723952911577,16537.0
00160031,torsion,heuristic_sub,extra,0.1407956096467804,0.7707140479024178,17117.0
00160031,torsion,zz_oracle,extra,0.6890969440922101,0.7268335307793974,16488.0
00550067,torsion,grefem_max,extra,0.4297424836625035,0.7056664430142789,63278.0
00550067,torsion,grefem_mid,extra,0.4297424836625035,0.7056664430142789,63278.0
00550067,torsion,grefem_none,extra,0.4685181861109457,0.7363153901120693,80353.0
00550067,torsion,heuristic,extra,0.3761493163594862,0.7977684907517651,58671.0
00550067,torsion,heuristic_sub,extra,0.3761493163594862,0.7977684907517651,58671.0
00550067,torsion,zz_oracle,extra,0.5860729238197294,0.8698968248304655,63221.0
00380080,torsion,grefem_max,extra,0.5818323057039753,0.9070415523378164,90706.0
00380080,torsion,grefem_mid,extra,0.4921024287501464,0.9186231806257932,73718.0
00380080,torsion,grefem_none,extra,0.548497114924934,0.8999347429764809,106618.0
00380080,torsion,heuristic,extra,0.5810011730925116,0.9021505233301516,89479.0
00380080,torsion,heuristic_sub,extra,0.5477321853568543,0.90238441744541,89586.0
00380080,torsion,zz_oracle,extra,0.6475192318523899,0.9671060324184442,85576.0
00360014,torsion,grefem_max,extra,0.7075356136222848,0.9466845483982044,153763.0
00360014,torsion,grefem_mid,extra,0.7029104835290403,0.9285032114299424,150869.0
00360014,torsion,grefem_none,extra,0.7814948138291642,0.9315463293869312,156373.0
00360014,torsion,heuristic,extra,0.8093574209592335,0.9627340463206276,145580.0
00360014,torsion,heuristic_sub,extra,0.8093574209592335,0.9627340463206276,145580.0
00360014,torsion,zz_oracle,extra,0.0516161360197558,1.9490018948792105,151518.0
00870050,torsion,grefem_max,extra,0.8294748612811216,0.9879743965824146,19519.0
00870050,torsion,grefem_mid,extra,0.8294748612811216,0.9879743965824146,19519.0
00870050,torsion,grefem_none,extra,0.6219014930544099,0.9159972584987768,97927.0
00870050,torsion,heuristic,extra,0.7300545333291887,0.972992153444154,20080.0
00870050,torsion,heuristic_sub,extra,0.774899681413481,0.9862358888457168,20307.0
00870050,torsion,zz_oracle,extra,0.5873258895791024,0.947669809286014,18224.0
00140014,torsion,grefem_max,extra,0.7905192342403561,0.9473815086054114,50360.0
00140014,torsion,grefem_mid,extra,0.7905192342403561,0.9473815086054114,50360.0
00140014,torsion,grefem_none,extra,0.7905192342403561,0.9473815086054114,50360.0
00140014,torsion,heuristic,extra,0.8602480765149514,0.960487611094096,49493.0
00140014,torsion,heuristic_sub,extra,0.7785595962738027,0.9195636336921966,47968.0
00140014,torsion,zz_oracle,extra,0.7419772991972098,0.925888996968881,47228.0
00320057,torsion,grefem_max,extra,0.5520427568012086,0.7746740725004323,343982.0
00320057,torsion,grefem_mid,extra,0.6240412094494981,0.8881104905678705,313123.0
00320057,torsion,grefem_none,extra,0.4613895573256108,0.6302513782422805,360590.0
00320057,torsion,heuristic,extra,0.5937159201044253,0.851517532705493,360254.0
00320057,torsion,heuristic_sub,extra,0.6318381210678178,0.9228161404179838,321802.0
00320057,torsion,zz_oracle,extra,0.5991146210631977,0.9455584323740576,201441.0
00700046,torsion,grefem_max,extra,0.6015062896216898,0.9397806720433024,15212.0
00700046,torsion,grefem_mid,extra,0.611470360127907,0.9229651590020892,47940.0
00700046,torsion,grefem_none,extra,0.6721553156672565,0.9505800855795192,41652.0
00700046,torsion,heuristic,extra,0.8361608044112218,0.97935425213205,15470.0
00700046,torsion,heuristic_sub,extra,0.7510132085007272,0.9266885817986976,15671.0
00700046,torsion,zz_oracle,extra,0.5898136220205642,0.963145008407852,13896.0
00400099,torsion,grefem_max,extra,0.7486823842199413,0.9724611842306804,98297.0
00400099,torsion,grefem_mid,extra,0.8105839714545439,0.9725411793843988,125249.0
00400099,torsion,grefem_none,extra,0.5837120969558117,0.8518227753030463,99428.0
00400099,torsion,heuristic,extra,0.7722068192042286,0.9454231362208816,96890.0
00400099,torsion,heuristic_sub,extra,0.7722068192042286,0.9454231362208816,96890.0
00400099,torsion,zz_oracle,extra,0.774135086331999,0.9769302742193704,43662.0
00650000,torsion,grefem_max,extra,0.8004251629113684,0.9401285363250228,95002.0
00650000,torsion,grefem_mid,extra,0.0325217745331469,0.6124197255931734,78696.0
00650000,torsion,grefem_none,extra,0.0193595159373771,0.7960037001621417,125013.0
00650000,torsion,heuristic,extra,0.7855610858557394,0.8250937704459812,53512.0
00650000,torsion,heuristic_sub,extra,0.7855610858557394,0.8250937704459812,53512.0
00650000,torsion,zz_oracle,extra,0.5696596605337261,1.8255809721828289,55947.0
00690084,torsion,coarse,extra,0.8903311425996778,0.9869780538487912,1618.0
00530022,torsion,coarse,extra,0.7280453507520804,0.8880917942909449,2739.0
00530022,torsion,grefem_max,extra,0.3560318709906293,0.6960801782756045,40932.0
00530022,torsion,grefem_mid,extra,0.4737648973902258,0.8101371150265034,34905.0
00530022,torsion,grefem_none,extra,0.4334433978064988,0.868175377582106,24155.0
00530022,torsion,heuristic,extra,0.2943683651261009,0.5838335137451576,37972.0
00530022,torsion,heuristic_sub,extra,0.2943683651261009,0.5838335137451576,37972.0
00530022,torsion,zz_oracle,extra,0.3996808862492613,0.8377904904652227,39134.0
00290076,torsion,coarse,extra,0.8816226159184832,0.9921250449696164,3850.0
00290076,torsion,grefem_max,extra,0.830305914322369,0.9570861673132626,77169.0
00290076,torsion,grefem_mid,extra,0.4253566771851396,0.2708159416861637,123005.0
00290076,torsion,grefem_none,extra,0.8095150817317184,0.9583569004494576,63157.0
00290076,torsion,heuristic,extra,0.4571246800405493,0.1620932705462433,79330.0
00290076,torsion,heuristic_sub,extra,0.6253896130972538,0.7450127925086305,69957.0
00290076,torsion,zz_oracle,extra,0.3438134341464134,0.2338827905055875,70323.0
00240090,torsion,coarse,extra,0.7699707820368469,0.9652458343885352,8246.0
00570009,torsion,coarse,extra,0.5548867890452035,0.9620333471584638,18192.0
00100065,torsion,coarse,extra,0.2125058692650432,0.9846745000282274,12679.0
00230055,torsion,coarse,extra,0.802085217692828,0.97244021712549,7296.0
00200078,torsion,coarse,extra,0.1671048557442409,1.97837738570006,8288.0
00080038,torsion,coarse,extra,0.9302678193709004,0.9988966734378916,2225.0
00080038,torsion,grefem_max,extra,0.8117340059377217,0.9903623672501514,11732.0
00080038,torsion,grefem_mid,extra,0.8096415859967714,0.9882124389295004,46697.0
00080038,torsion,grefem_none,extra,0.7839163422041199,0.9827730607854608,66692.0
00080038,torsion,heuristic,extra,0.9051932115255796,0.9965192507984943,11705.0
00080038,torsion,heuristic_sub,extra,0.9051932115255796,0.9965192507984943,11705.0
00080038,torsion,zz_oracle,extra,0.9026967412617348,0.9963381368262676,10588.0
00420062,torsion,coarse,extra,0.4181445659458221,0.969953188468157,2187.0
00030059,torsion,coarse,extra,0.8973599953407184,0.9343751032638232,4046.0
00380012,torsion,coarse,extra,0.9269693252846803,0.9860436145843636,2095.0
00820090,torsion,coarse,extra,0.6814356535571403,0.9646157779869596,3692.0
00820090,torsion,grefem_max,extra,0.5985923520649017,0.8793601506765648,69220.0
00820090,torsion,grefem_mid,extra,0.612988114679981,0.7216260022112607,74729.0
00820090,torsion,grefem_none,extra,0.5516705425607453,0.6658296418209835,73488.0
00820090,torsion,heuristic,extra,0.5582237730884769,0.8158727936370218,73635.0
00820090,torsion,heuristic_sub,extra,0.4479987253088026,0.5552047990709373,71918.0
00820090,torsion,zz_oracle,extra,0.7004361236379053,0.8933072480127658,66790.0
00830028,torsion,coarse,extra,0.8977608673873191,0.9868618924620132,2595.0
00640016,torsion,coarse,extra,0.8954369734045321,0.9897403350759366,3911.0
00470075,torsion,coarse,extra,0.9207589971346912,0.9909582511481166,3007.0
00890055,torsion,coarse,extra,0.706735957787019,0.9314246440555196,4105.0
00910047,compression,coarse,extra,0.8199100120465438,0.9369754163931324,2363.0
00870050,compression,coarse,extra,0.9632978919227264,0.9983803643904264,2767.0
00650000,compression,coarse,extra,0.8861416883830444,0.9933933289095376,7672.0
00720006,torsion_compression,coarse,extra,0.9485644085894944,0.998085692117072,4156.0
00480062,torsion_compression,coarse,extra,0.9572425652731726,0.999589881344018,2225.0
00930069,torsion_compression,coarse,extra,0.8234694049917287,0.960209708968241,4183.0
00260088,torsion,coarse,extra,0.4526958230490353,0.862997846601351,13108.0
00260088,torsion,grefem_max,extra,0.2878825853686838,0.7420100404925364,51767.0
00260088,torsion,grefem_mid,extra,0.2878825853686838,0.7420100404925364,51767.0
00260088,torsion,grefem_none,extra,2.939184648695537,0.4048042848671186,157327.0
00260088,torsion,heuristic,extra,0.1884187619769256,0.4408739357925425,48454.0
00260088,torsion,heuristic_sub,extra,0.1884187619769256,0.4408739357925425,48454.0
00260088,torsion,zz_oracle,extra,0.1810366471367187,0.8648596795903407,39600.0
00400070,bending_compression,grefem_max,extra,0.4560713298067654,0.5615595028539393,88216.0
00400070,bending_compression,grefem_mid,extra,0.3939424096561487,0.2995165651391132,88484.0
00400070,bending_compression,grefem_none,extra,0.4308440812695512,0.4849933653003789,88964.0
00400070,bending_compression,heuristic,extra,0.4941742856469266,0.7158705862593655,85027.0
00400070,bending_compression,heuristic_sub,extra,0.5360436512909319,0.7735455313160575,84767.0
00400070,bending_compression,zz_oracle,extra,0.0991853559896612,0.3326883472761933,80575.0
00490074,bending_compression,grefem_max,extra,0.9664252259770592,0.9973765607770066,6088.0
00490074,bending_compression,grefem_mid,extra,0.9664252259770592,0.9973765607770066,6088.0
00490074,bending_compression,grefem_none,extra,0.9666112533549014,0.9978182955494068,6801.0
00490074,bending_compression,heuristic,extra,0.9608186180648576,0.9971969710630326,6041.0
00490074,bending_compression,heuristic_sub,extra,0.9608186180648576,0.9971969710630326,6041.0
00490074,bending_compression,zz_oracle,extra,0.9521594636838038,0.9969312024515742,5567.0
00880050,bending_compression,grefem_max,extra,0.1477591318181908,0.8552740066120986,18497.0
00880050,bending_compression,grefem_mid,extra,0.3870534426161287,0.8651868627574513,97067.0
00880050,bending_compression,grefem_none,extra,0.3290984901670021,0.9342072354829744,72279.0
00880050,bending_compression,heuristic,extra,0.3284878228270637,0.8491011211148303,19948.0
00880050,bending_compression,heuristic_sub,extra,0.3284878228270637,0.8491011211148303,19948.0
00880050,bending_compression,zz_oracle,extra,0.7130981449688868,0.9588770309773992,17174.0
00280029,bending_compression,grefem_max,extra,0.7365257383821484,0.9559973507454396,45255.0
00280029,bending_compression,grefem_mid,extra,0.6381569001159314,0.876384966200951,66860.0
00280029,bending_compression,grefem_none,extra,0.8111164904229962,0.9384597931045358,71524.0
00280029,bending_compression,heuristic,extra,0.7837982523116729,0.9676503340572968,45345.0
00280029,bending_compression,heuristic_sub,extra,0.7148912453264229,0.9262250904553284,45283.0
00280029,bending_compression,zz_oracle,extra,0.517803303366229,0.9533844763872787,31389.0
00650012,bending_compression,grefem_max,extra,0.6756690312196884,0.9448687763556928,33784.0
00650012,bending_compression,grefem_mid,extra,0.5951900240397557,0.9124150328812172,34428.0
00650012,bending_compression,grefem_none,extra,0.3115227226530589,0.7757179860096847,39094.0
00650012,bending_compression,heuristic,extra,0.4111554779239088,0.8486424757574239,26882.0
00650012,bending_compression,heuristic_sub,extra,0.5792468884036899,0.8959625980116588,28193.0
00650012,bending_compression,zz_oracle,extra,0.3124840057068188,0.8984452174425253,30975.0
00270002,bending_compression,grefem_max,extra,0.5985017932912337,0.8947198110095127,95512.0
00270002,bending_compression,grefem_mid,extra,0.5985017932912328,0.8947198110095105,95512.0
00270002,bending_compression,grefem_none,extra,0.7719075411630504,0.9598321325740296,102315.0
00270002,bending_compression,heuristic,extra,0.5621998460617833,0.8114860232018597,103670.0
00270002,bending_compression,heuristic_sub,extra,0.5621998460617794,0.8114860232018609,103670.0
00270002,bending_compression,zz_oracle,extra,0.5091203813395896,0.7807649529688284,90662.0
00890073,bending_compression,grefem_max,extra,0.573898486022038,0.7612396527951075,22475.0
00890073,bending_compression,grefem_mid,extra,0.0001260814805846,1.5954327598940918,23320.0
00890073,bending_compression,grefem_none,extra,0.0034126470507809,1.804258924135389,24479.0
00890073,bending_compression,heuristic,extra,0.1106892090585093,1.119572072886952,21188.0
00890073,bending_compression,heuristic_sub,extra,0.1106892090585093,1.119572072886952,21188.0
00890073,bending_compression,zz_oracle,extra,0.0431065247949026,1.04264547963895,20287.0
00080038,bending_compression,grefem_max,extra,0.8751699072906829,0.9948519286804494,43876.0
00080038,bending_compression,grefem_mid,extra,0.7909353106954569,0.9889116016234648,46697.0
00080038,bending_compression,grefem_none,extra,0.8189708228246768,0.9927525955101212,45635.0
00080038,bending_compression,heuristic,extra,0.8891070905512808,0.9922666516248632,43798.0
00080038,bending_compression,heuristic_sub,extra,0.8891070905512808,0.9922666516248632,43798.0
00080038,bending_compression,zz_oracle,extra,0.6022775464531226,0.9831186162028522,14828.0
00840075,bending_compression,grefem_max,extra,0.7509780891391973,0.9725004980165466,109291.0
00840075,bending_compression,grefem_mid,extra,0.8347261237075483,0.9882325140556708,101378.0
00840075,bending_compression,grefem_none,extra,0.762076265499567,0.9707651230432128,115406.0
00840075,bending_compression,heuristic,extra,0.7360653027519218,0.9524138839741354,108036.0
00840075,bending_compression,heuristic_sub,extra,0.7524636724509977,0.974398568635856,107700.0
00840075,bending_compression,zz_oracle,extra,0.7338189773502144,0.9663134794518144,103095.0
00620093,bending_compression,grefem_max,extra,0.223648563795944,0.4374249821998581,16280.0
00620093,bending_compression,grefem_mid,extra,0.4468852924848532,0.7554075605980187,11915.0
00620093,bending_compression,grefem_none,extra,0.3442677929047132,0.4336076340381035,21860.0
00620093,bending_compression,heuristic,extra,0.8365451532649522,0.9661364775649812,13209.0
00620093,bending_compression,heuristic_sub,extra,0.5447050948591222,0.7816943601770414,13175.0
00620093,bending_compression,zz_oracle,extra,0.1570433744670696,0.9081152236658044,14219.0
00230075,bending_compression,grefem_max,extra,0.9999999999998992,1.0,104960.0
00230075,bending_compression,grefem_mid,extra,0.992897897881574,0.9999531883362404,103670.0
00230075,bending_compression,grefem_none,extra,0.999999560353278,0.9999999999998538,103528.0
00230075,bending_compression,heuristic,extra,0.9999994564862426,0.9999999999995872,110202.0
00230075,bending_compression,heuristic_sub,extra,0.9992669933006422,0.9999987421989,107978.0
00230075,bending_compression,zz_oracle,extra,0.9982004815905215,0.9998626981445954,52497.0
00400070,bending_compression,coarse,extra,0.8552707059511265,0.977783036596642,3711.0
00490074,bending_compression,coarse,extra,0.9478094539080608,0.9870562927956338,3489.0
00380054,bending_compression,coarse,extra,0.8688041577481183,0.983212897066564,2762.0
00840052,bending_compression,coarse,extra,0.905872039079803,0.9827555453665414,12582.0
00930001,bending_compression,coarse,extra,0.6318940387900318,0.9941824686432604,21221.0
00930001,bending_compression,grefem_max,extra,0.1582187532257207,0.7045822673120319,266355.0
00930001,bending_compression,grefem_mid,extra,0.1580898167726964,0.7044695271243504,266355.0
00930001,bending_compression,grefem_none,extra,0.2584229931432448,0.82020044433333,269818.0
00930001,bending_compression,heuristic,extra,0.387735131341741,0.869399873841564,282658.0
00930001,bending_compression,heuristic_sub,extra,0.8664393854434811,0.9949495335630146,272579.0
00930001,bending_compression,zz_oracle,extra,0.1212086479473441,0.7384464613079784,268258.0
00360014,compression,coarse,extra,0.8789899442705195,0.9866106571287574,4419.0
00400099,compression,coarse,extra,0.0362093372255316,0.96709720864909,7325.0
00170038,bending,coarse,extra,0.8633103195677598,0.9907491367726072,5263.0
00170038,bending,grefem_max,extra,0.8969028689522576,0.9966825512835938,14400.0
00170038,bending,grefem_mid,extra,0.9483230812982228,0.9990092083135272,27353.0
00170038,bending,grefem_none,extra,0.8752986897053855,0.995181818181616,52541.0
00170038,bending,heuristic,extra,0.95304156885088,0.9992546493653384,14616.0
00170038,bending,heuristic_sub,extra,0.9081069188301806,0.995859701110622,14264.0
00170038,bending,zz_oracle,extra,0.829584218749658,0.9919720888551474,13120.0
00710003,torsion,grefem_max,extra,0.6054451275054733,0.8308648684061937,93912.0
00710003,torsion,grefem_mid,extra,0.5493845288138492,0.6692943587758123,98229.0
00710003,torsion,grefem_none,extra,0.7136897783978998,0.9247806682591992,103568.0
00710003,torsion,heuristic,extra,0.7098333053197624,0.9140119999031746,85641.0
00710003,torsion,heuristic_sub,extra,0.7703559692852949,0.8900025174583639,87437.0
00710003,torsion,zz_oracle,extra,0.6140634762753447,0.9118251925464628,88804.0
00930071,torsion,grefem_max,extra,0.782802123157916,0.8587082624573504,135096.0
00930071,torsion,grefem_mid,extra,0.9894695344640552,0.9998916879280064,134962.0
00930071,torsion,grefem_none,extra,0.9869744738434904,0.9998484558458538,96611.0
00930071,torsion,heuristic,extra,0.3730184219459326,0.4144023803841655,144220.0
00930071,torsion,heuristic_sub,extra,0.5380225067351981,0.6596104248676149,141534.0
00930071,torsion,zz_oracle,extra,0.213394661383336,0.4991069968498609,126763.0
00710003,torsion,coarse,extra,0.7518749380288604,0.9764279286887484,3160.0
00930071,torsion,coarse,extra,0.8291701087805595,0.8781560011416442,13807.0
00360016,torsion,coarse,extra,0.9046719423052147,0.9924014889521148,3757.0
00220069,torsion,coarse,extra,0.8434356070353184,0.9656178182717235,1611.0
00350001,torsion,coarse,extra,0.6977685817339602,0.9217729376208268,4471.0
00650065,torsion,coarse,extra,0.8254451944492192,0.9754619921706716,1736.0
00860026,torsion,coarse,extra,0.9570497449126816,0.997756063287607,5390.0
00480056,torsion,coarse,extra,0.9445859042271711,0.9932142089394804,2981.0
00360036,torsion,coarse,extra,0.932703473283923,0.99856241076203,2226.0
00360036,torsion,grefem_max,extra,0.5345730400094413,0.8679526773296231,44959.0
00360036,torsion,grefem_mid,extra,0.4889662851455235,0.8618466425611732,41018.0
00360036,torsion,grefem_none,extra,0.4840297102993038,0.772994309295977,74331.0
00360036,torsion,heuristic,extra,0.4537632005308067,0.8557890679699974,44492.0
00360036,torsion,heuristic_sub,extra,0.4537632005308062,0.8557890679699969,44492.0
00360036,torsion,zz_oracle,extra,0.6145446978272439,0.8180666468398703,47085.0
00250001,torsion,coarse,extra,0.9213107771800236,0.987864604338138,2847.0
00250001,torsion,grefem_max,extra,0.7612577331584666,0.9773786467178338,18289.0
00250001,torsion,grefem_mid,extra,0.6999487276639115,0.8993879669115565,19140.0
00250001,torsion,grefem_none,extra,0.6470514466274965,0.9634743419009364,13842.0
00250001,torsion,heuristic,extra,0.6927595599942324,0.8704485893213133,19711.0
00250001,torsion,heuristic_sub,extra,0.7585709546458363,0.9704768549031676,19283.0
00250001,torsion,zz_oracle,extra,0.3244820966106718,0.9231667799671804,16688.0
00800055,torsion,coarse,extra,0.8555837387442464,0.972026635235623,5176.0
00800055,torsion,grefem_max,extra,0.7704527308832739,0.9754852703881616,34902.0
00800055,torsion,grefem_mid,extra,0.7391514435958275,0.9132019273182518,39228.0
00800055,torsion,grefem_none,extra,0.6598852349164902,0.9621673977655965,54407.0
00800055,torsion,heuristic,extra,0.4435866749906458,0.7023603188945006,32238.0
00800055,torsion,heuristic_sub,extra,0.4435866749906458,0.7023603188945006,32238.0
00800055,torsion,zz_oracle,extra,0.6396363121568681,0.9811974204111322,24376.0
00230075,torsion,coarse,extra,0.9994914294347323,0.9999995499827457,31549.0
00230075,torsion,grefem_max,extra,0.9998212218856084,0.9999999020428444,105029.0
00230075,torsion,grefem_mid,extra,0.9921546131416952,0.9999440756851125,103670.0
00230075,torsion,grefem_none,extra,0.999999999685786,1.0,103528.0
00230075,torsion,heuristic,extra,0.9992796439774924,0.9999993999924828,113801.0
00230075,torsion,heuristic_sub,extra,0.999999768442892,0.999999999999954,108696.0
00230075,torsion,zz_oracle,extra,0.9999999490941408,0.999999999999995,81067.0
00190048,torsion,coarse,extra,0.2976538829748405,0.8612329287256891,3197.0
00230056,torsion,coarse,extra,0.5992378734442663,0.9339762769496788,7101.0
00650041,torsion,coarse,extra,0.890666960253752,0.9941900638690911,2244.0
00940092,torsion,coarse,extra,0.7947309885917444,0.9503578642851658,7071.0
00870089,torsion,coarse,extra,0.7926419699958195,0.994356771857766,2882.0
00870050,bending_compression,coarse,extra,0.9601717983593224,0.9969383181679348,2767.0
00650000,bending_compression,coarse,extra,0.6929475810312256,0.9264752701136384,7672.0
00870050,torsion,coarse,extra,0.9288916365493982,0.9971885461362282,2767.0
00650000,torsion,coarse,extra,0.4442747766625143,0.7308785273852083,7672.0
00720006,torsion,coarse,extra,0.9263657125811592,0.9923383309851862,4156.0
00480062,torsion,coarse,extra,0.930267824367682,0.9988966737403598,2225.0
00930069,torsion,coarse,extra,0.7287575426299655,0.9599608849831676,4183.0
00710039,compression,coarse,extra,0.3313787658261811,0.9470673154547152,3714.0
00400070,torsion,grefem_max,extra,0.2652957687934756,0.6755665183141564,88181.0
00400070,torsion,grefem_mid,extra,0.2738617225409055,0.3916724829578137,88137.0
00400070,torsion,grefem_none,extra,0.3844093959332261,0.7969338327103105,72281.0
00400070,torsion,heuristic,extra,0.4141366840813133,0.7090068695140322,85308.0
00400070,torsion,heuristic_sub,extra,0.1215125951142302,0.4154366234094238,83831.0
00400070,torsion,zz_oracle,extra,0.2326831849922023,0.6098216773156501,84593.0
00490074,torsion,grefem_max,extra,0.8195457302115738,0.9739373994726576,6329.0
00490074,torsion,grefem_mid,extra,0.7921467721831618,0.960334713318792,6041.0
00490074,torsion,grefem_none,extra,0.7101506501832319,0.903815574877567,6801.0
00490074,torsion,heuristic,extra,0.7921467721831618,0.960334713318792,6041.0
00490074,torsion,heuristic_sub,extra,0.7921467721831618,0.960334713318792,6041.0
00490074,torsion,zz_oracle,extra,0.7921467721831618,0.960334713318792,6041.0
00880050,torsion,grefem_max,extra,0.4313797497875412,0.9688083919356512,51110.0
00880050,torsion,grefem_mid,extra,0.5090906582532901,0.8840698163248257,34542.0
00880050,torsion,grefem_none,extra,0.6962804059506242,0.9815717349648112,73222.0
00880050,torsion,heuristic,extra,0.2808284666619688,0.9052680256603024,42663.0
00880050,torsion,heuristic_sub,extra,0.2808284666619696,0.9052680256603024,42663.0
00880050,torsion,zz_oracle,extra,0.3383544684935848,0.906487565661306,43691.0
00280029,torsion,grefem_max,extra,0.688919910660658,0.8539224908661899,83110.0
00280029,torsion,grefem_mid,extra,0.751220422927333,0.9413952143537672,72288.0
00280029,torsion,grefem_none,extra,0.5771508835343702,0.6777487556233792,92293.0
00280029,torsion,heuristic,extra,0.5981325854174709,0.8445918804602952,84500.0
00280029,torsion,heuristic_sub,extra,0.5981325854174709,0.8445918804602952,84500.0
00280029,torsion,zz_oracle,extra,0.612405979196141,0.7573043932610903,77851.0
00400070,torsion,coarse,extra,0.6925699463085087,0.8725100894908292,3711.0
00490074,torsion,coarse,extra,0.7054941300392517,0.7483306339041708,3489.0
00380054,torsion,coarse,extra,0.9370561333962906,0.9969408999764348,2762.0
00840052,torsion,coarse,extra,0.8598261392592121,0.9910144545580372,12582.0
00930001,torsion,coarse,extra,0.4912145711991304,0.9918508170630874,21221.0
00930001,torsion,grefem_max,extra,0.1922318823400753,0.6648621981736051,271133.0
00930001,torsion,grefem_mid,extra,0.4641916816912332,0.9204117197574448,262002.0
00930001,torsion,grefem_none,extra,0.6943146162051478,0.9691514594050948,233792.0
00930001,torsion,heuristic,extra,0.1907106061924003,0.7206327097169827,282658.0
00930001,torsion,heuristic_sub,extra,0.5052832972737706,0.9413492220893954,266188.0
00930001,torsion,zz_oracle,extra,0.2101185595531761,0.6456274008160429,276429.0
00860010,torsion_compression,grefem_max,extra,0.6512643369050937,0.9277851863503712,74683.0
00860010,torsion_compression,grefem_mid,extra,0.6059687580360998,0.8878334385956209,81072.0
00860010,torsion_compression,grefem_none,extra,0.5241868229677331,0.8002927831423643,101611.0
00860010,torsion_compression,heuristic,extra,0.581103958087408,0.8405159857911125,70946.0
00860010,torsion_compression,heuristic_sub,extra,0.7011231503365104,0.9417780183774792,71711.0
00860010,torsion_compression,zz_oracle,extra,0.4282518152109641,0.8188945793619264,78292.0
00240056,torsion_compression,grefem_max,extra,0.870332124475574,0.9782748184485316,7331.0
00240056,torsion_compression,grefem_mid,extra,0.870332124475574,0.9782748184485316,7331.0
00240056,torsion_compression,grefem_none,extra,0.7632988056482292,0.961987081430985,97117.0
00240056,torsion_compression,heuristic,extra,0.5198079558063873,0.9855325881327248,7442.0
00240056,torsion_compression,heuristic_sub,extra,0.5198079558063873,0.9855325881327248,7442.0
00240056,torsion_compression,zz_oracle,extra,0.6575718073790879,0.9481480185358634,7926.0
00380054,torsion_compression,grefem_max,extra,0.6902198346214712,0.9749148981008062,37827.0
00380054,torsion_compression,grefem_mid,extra,0.82252860835065,0.9913268914903964,38440.0
00380054,torsion_compression,grefem_none,extra,0.868588726538357,0.9924385715724828,40593.0
00380054,torsion_compression,heuristic,extra,0.8295353800243703,0.9890093793326572,39689.0
00380054,torsion_compression,heuristic_sub,extra,0.3425998106385829,0.8624836043895084,39638.0
00380054,torsion_compression,zz_oracle,extra,0.4127065582976813,0.9332259142324828,25426.0
00840052,torsion_compression,grefem_max,extra,0.7348383364758543,0.9508596696724664,14859.0
00840052,torsion_compression,grefem_mid,extra,0.7348383364758543,0.9508596696724664,14859.0
00840052,torsion_compression,grefem_none,extra,0.7348383364758543,0.9508596696724664,14859.0
00840052,torsion_compression,heuristic,extra,0.9138379434037108,0.989446597254818,16282.0
00840052,torsion_compression,heuristic_sub,extra,0.6964403963756136,0.9595128210842284,14703.0
00840052,torsion_compression,zz_oracle,extra,0.8372260320727146,0.9655126208186604,16044.0
00160092,torsion_compression,grefem_max,extra,0.8324014497919479,0.9829195758335418,79028.0
00160092,torsion_compression,grefem_mid,extra,0.8554992306251159,0.984071174162892,67073.0
00160092,torsion_compression,grefem_none,extra,0.7426510584612035,0.9566522300259616,74463.0
00160092,torsion_compression,heuristic,extra,0.7910643520540415,0.9841607476751988,74986.0
00160092,torsion_compression,heuristic_sub,extra,0.7573225161855828,0.979522724326377,81413.0
00160092,torsion_compression,zz_oracle,extra,0.5708735348351127,0.9875870694128536,18450.0
00460016,torsion_compression,grefem_max,extra,0.9239770972069338,0.9965314751700391,125358.0
00460016,torsion_compression,grefem_mid,extra,0.9286304733538404,0.9968505187916312,122806.0
00460016,torsion_compression,grefem_none,extra,0.9324437115978914,0.9964248449581586,133048.0
00460016,torsion_compression,heuristic,extra,0.9395508469447628,0.9976611169153452,113002.0
00460016,torsion_compression,heuristic_sub,extra,0.932338728850136,0.9971826292219496,115812.0
00460016,torsion_compression,zz_oracle,extra,0.5120969048650296,0.8419414404672495,113794.0
00720089,torsion_compression,grefem_max,extra,0.822456262690985,0.9794927321370682,41596.0
00720089,torsion_compression,grefem_mid,extra,0.9019527635862452,0.9874218682672932,44933.0
00720089,torsion_compression,grefem_none,extra,0.8672939496427527,0.9877490098139342,48115.0
00720089,torsion_compression,heuristic,extra,0.8900843714610225,0.9770128221798065,19508.0
00720089,torsion_compression,heuristic_sub,extra,0.8900843714610225,0.9770128221798065,19508.0
00720089,torsion_compression,zz_oracle,extra,0.5026892981899791,0.9008832347656516,39606.0
00760021,torsion_compression,grefem_max,extra,0.7819964233569429,0.968171092117475,248589.0
00760021,torsion_compression,grefem_mid,extra,0.7819964233569429,0.968171092117475,248589.0
00760021,torsion_compression,grefem_none,extra,0.7819964233569429,0.968171092117475,248589.0
00760021,torsion_compression,heuristic,extra,0.7819964233569429,0.968171092117475,248589.0
00760021,torsion_compression,heuristic_sub,extra,0.7819964233569429,0.968171092117475,248589.0
00760021,torsion_compression,zz_oracle,extra,0.7819964233569429,0.968171092117475,248589.0
00300090,torsion_compression,grefem_max,extra,0.7193614054971258,0.9628260808720024,98030.0
00300090,torsion_compression,grefem_mid,extra,0.7471882746420343,0.970263377530186,82583.0
00300090,torsion_compression,grefem_none,extra,0.6091405607285808,0.9223957908572278,89658.0
00300090,torsion_compression,heuristic,extra,0.6540513016912077,0.9552646684856664,104511.0
00300090,torsion_compression,heuristic_sub,extra,0.6540667190885631,0.9552009615750308,104511.0
00300090,torsion_compression,zz_oracle,extra,0.0097084912091543,0.8757722795804169,78816.0
00420062,torsion_compression,grefem_max,extra,0.0710331120132713,0.7060185632268579,70402.0
00420062,torsion_compression,grefem_mid,extra,0.265381199866818,0.3551082388736801,57131.0
00420062,torsion_compression,grefem_none,extra,0.0734962977311598,0.7760106768398584,91332.0
00420062,torsion_compression,heuristic,extra,0.070432792549751,0.9989138087596138,69575.0
00420062,torsion_compression,heuristic_sub,extra,0.0168379930547542,0.6818239783046323,69420.0
00420062,torsion_compression,zz_oracle,extra,1.127748284843323,0.0260395097314112,38288.0
00030059,torsion_compression,grefem_max,extra,0.0386375770840021,2.6184583633886374,5593.0
00030059,torsion_compression,grefem_mid,extra,0.0386375770840021,2.6184583633886374,5593.0
00030059,torsion_compression,grefem_none,extra,0.0386375770840021,2.6184583633886374,5593.0
00030059,torsion_compression,heuristic,extra,0.0386375770840021,2.6184583633886374,5593.0
00030059,torsion_compression,heuristic_sub,extra,0.0386375770840021,2.6184583633886374,5593.0
00030059,torsion_compression,zz_oracle,extra,0.0386375770840021,2.6184583633886374,5593.0
00380012,torsion_compression,grefem_max,extra,0.4706290433118558,0.7237022717843079,48103.0
00380012,torsion_compression,grefem_mid,extra,0.5636528361282441,0.8370046980727531,48110.0
00380012,torsion_compression,grefem_none,extra,0.7748865176472682,0.939793074428489,37130.0
00380012,torsion_compression,heuristic,extra,0.4861469839745905,0.6190380781345904,46169.0
00380012,torsion_compression,heuristic_sub,extra,0.4861469839745905,0.6190380781345904,46169.0
00380012,torsion_compression,zz_oracle,extra,0.0052173462765139,0.6122772709651506,28966.0
00860010,torsion_compression,coarse,extra,0.759703297739358,0.9828916098123496,2326.0
00240056,torsion_compression,coarse,extra,0.7785217177027952,0.9264583345583935,4458.0
00790071,torsion_compression,coarse,extra,0.8673090325408218,0.9987229944731794,6036.0
00450037,torsion_compression,coarse,extra,0.8966321518707927,0.9862235721927002,2679.0
00610003,torsion_compression,coarse,extra,0.9270057588027611,0.9946533546812292,1507.0
00450004,torsion_compression,coarse,extra,0.862673899672954,0.9779651097418964,3103.0
00010055,torsion_compression,coarse,extra,0.7855250790291269,0.9784267625969,4498.0
00720092,torsion_compression,coarse,extra,0.986061518468879,0.9993915953093728,2440.0
00060017,torsion_compression,coarse,extra,0.731014143013153,0.943796306049935,4954.0
00660049,torsion_compression,coarse,extra,0.89271645357846,0.9893552440747312,3315.0
00660049,torsion_compression,grefem_max,extra,0.5153402922519914,0.9235976772670604,26119.0
00660049,torsion_compression,grefem_mid,extra,0.689602438823325,0.959847439806532,22167.0
00660049,torsion_compression,grefem_none,extra,0.7319877712429652,0.973293238065944,32491.0
00660049,torsion_compression,heuristic,extra,0.830973108861789,0.9847321022629456,25755.0
00660049,torsion_compression,heuristic_sub,extra,0.830973108861789,0.9847321022629456,25755.0
00660049,torsion_compression,zz_oracle,extra,0.5598441228738841,0.9768678041119168,24227.0
00360088,torsion_compression,coarse,extra,0.7622679249649311,0.9728628480420104,4159.0
00360088,torsion_compression,grefem_max,extra,0.5322549298960102,0.706255436851169,140125.0
00360088,torsion_compression,grefem_mid,extra,0.6131487801654579,0.8511332357709063,142245.0
00360088,torsion_compression,grefem_none,extra,0.6207946032152083,0.7557571178006792,143180.0
00360088,torsion_compression,heuristic,extra,0.196527425151604,0.2111011778989644,141339.0
00360088,torsion_compression,heuristic_sub,extra,0.196527425151604,0.2111011778989644,141339.0
00360088,torsion_compression,zz_oracle,extra,0.2055542756216983,0.0161433692564248,136568.0
00180018,torsion_compression,coarse,extra,0.1435846564801411,0.8799991051044295,5662.0
00180018,torsion_compression,grefem_max,extra,0.6595934068373677,0.9635178666694284,109969.0
00180018,torsion_compression,grefem_mid,extra,0.5708468003136007,0.9005587494364978,116917.0
00180018,torsion_compression,grefem_none,extra,0.6410781560545844,0.9441260158627444,85066.0
00180018,torsion_compression,heuristic,extra,0.6214366501161734,0.8841998275489605,106521.0
00180018,torsion_compression,heuristic_sub,extra,0.6214366501161734,0.8841998275489605,106521.0
00180018,torsion_compression,zz_oracle,extra,0.4975633293579332,0.8211919896670389,103305.0
00170011,torsion_compression,coarse,extra,0.6207592402221704,0.919152932116,3151.0
00170011,torsion_compression,grefem_max,extra,0.7190260160822224,0.8337335238952533,24833.0
00170011,torsion_compression,grefem_mid,extra,0.7092302773536884,0.9492477571982584,22744.0
00170011,torsion_compression,grefem_none,extra,0.6824259107204217,0.8454824715441568,35704.0
00170011,torsion_compression,heuristic,extra,0.920392195914306,0.9918154626376218,26406.0
00170011,torsion_compression,heuristic_sub,extra,0.7782311543378972,0.9347429548249356,26170.0
00170011,torsion_compression,zz_oracle,extra,0.8366649903080492,0.9865958153020918,22749.0
00380031,torsion_compression,coarse,extra,0.6219636427360042,0.5360103734062949,3814.0
00380031,torsion_compression,grefem_max,extra,0.392362894110855,0.5323534632146932,79804.0
00380031,torsion_compression,grefem_mid,extra,0.3866515077118626,0.4674994606450249,88045.0
00380031,torsion_compression,grefem_none,extra,0.5730244403612864,0.6130597633157233,79784.0
00380031,torsion_compression,heuristic,extra,0.2156426193225854,2.168715896963928,75597.0
00380031,torsion_compression,heuristic_sub,extra,0.2158080068277781,2.1548506312441265,75597.0
00380031,torsion_compression,zz_oracle,extra,0.3464532955753132,0.4317185234401087,27829.0
00250069,torsion_compression,coarse,extra,0.9068755319613476,0.9899131584765376,3656.0
00250069,torsion_compression,grefem_max,extra,0.6497824975972446,0.9051758962405028,52975.0
00250069,torsion_compression,grefem_mid,extra,0.731504697838828,0.9636302646154292,59836.0
00250069,torsion_compression,grefem_none,extra,0.5190337073445471,0.9117524056324606,66291.0
00250069,torsion_compression,heuristic,extra,0.8863935976567558,0.9918182600825134,48835.0
00250069,torsion_compression,heuristic_sub,extra,0.8863935976567558,0.9918182600825134,48835.0
00250069,torsion_compression,zz_oracle,extra,0.5540859907544811,0.9137802981846228,50704.0
00060002,torsion_compression,coarse,extra,0.0668955290568163,0.3946037467512838,4393.0
00060002,torsion_compression,grefem_max,extra,0.6344414491326451,0.8313776229557285,10504.0
00060002,torsion_compression,grefem_mid,extra,0.6344414491326451,0.8313776229557285,10504.0
00060002,torsion_compression,grefem_none,extra,0.6344414491326451,0.8313776229557285,10504.0
00060002,torsion_compression,heuristic,extra,0.6344414491326451,0.8313776229557285,10504.0
00060002,torsion_compression,heuristic_sub,extra,0.6344414491326451,0.8313776229557285,10504.0
00060002,torsion_compression,zz_oracle,extra,0.6344414491326451,0.8313776229557285,10504.0
00410072,torsion_compression,coarse,extra,0.8665639192464797,0.9952151719254692,2862.0
00410072,torsion_compression,grefem_max,extra,0.7547558986501289,0.9665775836481588,84728.0
00410072,torsion_compression,grefem_mid,extra,0.7714360731326075,0.9719208056740825,82161.0
00410072,torsion_compression,grefem_none,extra,0.8293653689251445,0.9885602239411142,93828.0
00410072,torsion_compression,heuristic,extra,0.7507349697274851,0.96974959967506,87360.0
00410072,torsion_compression,heuristic_sub,extra,0.6619645137012915,0.8846749337693532,88217.0
00410072,torsion_compression,zz_oracle,extra,0.6154040382621911,0.9004639319123993,76351.0
00250013,torsion_compression,coarse,extra,0.8700917789879441,0.9875352493225336,4903.0
00250013,torsion_compression,grefem_max,extra,0.8003448309639593,0.9701427576880924,90332.0
00250013,torsion_compression,grefem_mid,extra,0.8704909347512506,0.992284635832006,89701.0
00250013,torsion_compression,grefem_none,extra,0.854730270461895,0.97505950542422,84100.0
00250013,torsion_compression,heuristic,extra,0.7208324709636573,0.937009474268635,91306.0
00250013,torsion_compression,heuristic_sub,extra,0.7678277476364168,0.9548525260734428,91308.0
00250013,torsion_compression,zz_oracle,extra,0.5713366617920084,0.9462014426863062,73502.0
00640087,torsion_compression,coarse,extra,0.9302906236147116,0.9922776391585498,5534.0
00640087,torsion_compression,grefem_max,extra,0.8880059189539238,0.9863785764368348,21580.0
00640087,torsion_compression,grefem_mid,extra,0.8880059189539238,0.9863785764368348,21580.0
00640087,torsion_compression,grefem_none,extra,0.8880059189539238,0.9863785764368348,21580.0
00640087,torsion_compression,heuristic,extra,0.8880059189539238,0.9863785764368348,21580.0
00640087,torsion_compression,heuristic_sub,extra,0.8880059189539238,0.9863785764368348,21580.0
00640087,torsion_compression,zz_oracle,extra,0.8880059189539238,0.9863785764368348,21580.0
00550073,torsion_compression,coarse,extra,0.8922259134450113,0.9757304087324749,3042.0
00550073,torsion_compression,grefem_max,extra,0.4008721719175298,0.7295061540206699,56175.0
00550073,torsion_compression,grefem_mid,extra,0.4008721719175298,0.7295061540206699,56175.0
00550073,torsion_compression,grefem_none,extra,0.4036348102209727,0.8113042334931952,56850.0
00550073,torsion_compression,heuristic,extra,0.1721400219839038,0.5350810252762719,54805.0
00550073,torsion_compression,heuristic_sub,extra,0.1721400219839038,0.5350810252762719,54805.0
00550073,torsion_compression,zz_oracle,extra,0.0090097575013484,0.2848265749344114,52172.0
00860099,torsion_compression,coarse,extra,0.8942157630595319,0.9947248684457368,1914.0
00860099,torsion_compression,grefem_max,extra,0.7471333121167614,0.9693798688504096,34529.0
00860099,torsion_compression,grefem_mid,extra,0.7471333121167614,0.9693798688504096,34529.0
00860099,torsion_compression,grefem_none,extra,0.6906928548596997,0.93650522576967,93223.0
00860099,torsion_compression,heuristic,extra,0.7571915506905352,0.9676277029943388,35242.0
00860099,torsion_compression,heuristic_sub,extra,0.7571915506905352,0.9676277029943388,35242.0
00860099,torsion_compression,zz_oracle,extra,0.7587493046841529,0.976165211269175,36435.0
00330020,bending_compression,grefem_max,extra,0.4321500980267783,0.0183919351083917,164577.0
00330020,bending_compression,grefem_mid,extra,0.6064528583640977,0.5686303001363985,164404.0
00330020,bending_compression,grefem_none,extra,0.5308680101651457,0.2644422908894328,203648.0
00330020,bending_compression,heuristic,extra,0.8548315536310364,0.974260522867644,161886.0
00330020,bending_compression,heuristic_sub,extra,0.7826533704036973,0.9268785170671492,170880.0
00330020,bending_compression,zz_oracle,extra,0.537130293561919,0.6641585177266415,11960.0
00050000,bending_compression,grefem_max,extra,0.0966439082137815,0.972155735491367,37268.0
00050000,bending_compression,grefem_mid,extra,0.3357868803598286,0.8404845966667006,28790.0
00050000,bending_compression,grefem_none,extra,0.4183193694461199,0.5742102286483749,88817.0
00050000,bending_compression,heuristic,extra,0.7371009868937761,0.9487768516768176,37713.0
00050000,bending_compression,heuristic_sub,extra,0.747882474326878,0.9482184387751854,37592.0
00050000,bending_compression,zz_oracle,extra,0.7696618504881217,0.98861256149346,22414.0
00970002,bending_compression,grefem_max,extra,0.4340294133601241,0.8713660485148589,127661.0
00970002,bending_compression,grefem_mid,extra,0.5114751657658285,0.9732577733009178,89312.0
00970002,bending_compression,grefem_none,extra,0.0097372940746779,0.8494404517391545,116929.0
00970002,bending_compression,heuristic,extra,0.281882057873545,0.9061547250427514,132167.0
00970002,bending_compression,heuristic_sub,extra,0.4053970293996741,0.8351823994074362,130606.0
00970002,bending_compression,zz_oracle,extra,0.0643479169588235,0.8368112139376473,82413.0
00860044,bending_compression,grefem_max,extra,0.6022270718016847,0.8595677751231944,72668.0
00860044,bending_compression,grefem_mid,extra,0.5389517440176526,0.8950296986044762,48667.0
00860044,bending_compression,grefem_none,extra,0.4775077247277068,0.6875260796669713,99255.0
00860044,bending_compression,heuristic,extra,0.2198609569560604,0.8038044613202687,72574.0
00860044,bending_compression,heuristic_sub,extra,0.2198609569560604,0.8038044613202687,72574.0
00860044,bending_compression,zz_oracle,extra,0.4228114411014728,0.5592682536531625,71466.0
00240090,bending_compression,grefem_max,extra,0.2977882098091386,0.84357339207943,34204.0
00240090,bending_compression,grefem_mid,extra,0.6147282027439869,0.9254047150559008,34398.0
00240090,bending_compression,grefem_none,extra,0.4960611721505625,0.8038233297645744,72545.0
00240090,bending_compression,heuristic,extra,0.5803958520878739,0.9076575938895548,34386.0
00240090,bending_compression,heuristic_sub,extra,0.7830787425622052,0.9682354967598122,36392.0
00240090,bending_compression,zz_oracle,extra,0.2778145069750778,0.3581216546326485,36002.0
00570009,bending_compression,grefem_max,extra,0.3185310150071938,0.0004300926027684,115394.0
00570009,bending_compression,grefem_mid,extra,0.0960473258473311,0.621709931637554,113149.0
00570009,bending_compression,grefem_none,extra,0.3338873998854629,0.7848612501847524,130304.0
00570009,bending_compression,heuristic,extra,0.1544856026658459,0.132590980576047,114149.0
00570009,bending_compression,heuristic_sub,extra,0.116201912446671,0.4424107292266835,111470.0
00570009,bending_compression,zz_oracle,extra,0.4117412481309913,0.183947514720593,108581.0
00100065,bending_compression,grefem_max,extra,0.3740350932370427,0.764660062258937,188576.0
00100065,bending_compression,grefem_mid,extra,0.6131590515189315,0.924592939965543,189933.0
00100065,bending_compression,grefem_none,extra,0.3845037161293607,0.947604569327041,195272.0
00100065,bending_compression,heuristic,extra,0.1544616097884929,0.6667379739580657,205070.0
00100065,bending_compression,heuristic_sub,extra,0.1544616097884929,0.6667379739580657,205070.0
00100065,bending_compression,zz_oracle,extra,0.7999181856236853,0.9787545257833076,72335.0
00230055,bending_compression,grefem_max,extra,0.7132410973266772,0.9355560587380112,21325.0
00230055,bending_compression,grefem_mid,extra,0.738765219750764,0.9549758488679664,20399.0
00230055,bending_compression,grefem_none,extra,0.5439987971765441,0.7852603616459363,22030.0
00230055,bending_compression,heuristic,extra,0.8100311099025417,0.961211069094906,21464.0
00230055,bending_compression,heuristic_sub,extra,0.8100311099025417,0.961211069094906,21464.0
00230055,bending_compression,zz_oracle,extra,0.7760618460617212,0.9662667391738872,20886.0
00200078,bending_compression,grefem_max,extra,0.8882066920183902,0.994595931663362,39369.0
00200078,bending_compression,grefem_mid,extra,0.1315279679865588,0.8235508762310112,69034.0
00200078,bending_compression,grefem_none,extra,0.2441767437725605,0.4374719014969241,96178.0
00200078,bending_compression,heuristic,extra,0.3067695123576464,0.928410648313902,33956.0
00200078,bending_compression,heuristic_sub,extra,0.3067695123576464,0.928410648313902,33956.0
00200078,bending_compression,zz_oracle,extra,0.6703226033830479,0.9488433047752284,29218.0
00720048,bending_compression,grefem_max,extra,0.262949164501229,0.1201087971945007,57317.0
00720048,bending_compression,grefem_mid,extra,0.9116942694362972,2.277786568821453,51249.0
00720048,bending_compression,grefem_none,extra,1.1825804622935483,4.48931140714794,69384.0
00720048,bending_compression,heuristic,extra,0.3155501099572284,0.398782556918932,57396.0
00720048,bending_compression,heuristic_sub,extra,0.3155501099572284,0.398782556918932,57396.0
00720048,bending_compression,zz_oracle,extra,0.7377912112858164,0.3061165880062628,18182.0
00160091,bending_compression,grefem_max,extra,0.6096887434962389,0.8771044552702383,104660.0
00160091,bending_compression,grefem_mid,extra,0.6616735257430985,0.8695187489540268,86635.0
00160091,bending_compression,grefem_none,extra,0.71838894224305,0.9366830203204476,189646.0
00160091,bending_compression,heuristic,extra,0.7169815704732991,0.8660237991215225,98650.0
00160091,bending_compression,heuristic_sub,extra,0.8229908007346485,0.9704907490136034,99518.0
00160091,bending_compression,zz_oracle,extra,0.1901718192359806,0.8032983951943404,21315.0
00850016,bending_compression,grefem_max,extra,0.7906071233150408,0.9703599990337826,2590.0
00850016,bending_compression,grefem_mid,extra,0.7906071233150408,0.9703599990337826,2590.0
00850016,bending_compression,grefem_none,extra,0.6300937696869116,0.9500122149071384,5396.0
00850016,bending_compression,heuristic,extra,0.7906071233150408,0.9703599990337826,2590.0
00850016,bending_compression,heuristic_sub,extra,0.7906071233150408,0.9703599990337826,2590.0
00850016,bending_compression,zz_oracle,extra,0.7592287613621325,0.9516789243219976,2789.0
00140054,bending_compression,grefem_max,extra,0.7356691722984563,0.9340524411936548,56598.0
00140054,bending_compression,grefem_mid,extra,0.2132931533326408,0.3779431880425941,58225.0
00140054,bending_compression,grefem_none,extra,0.6860411238097107,0.9151256198527308,53945.0
00140054,bending_compression,heuristic,extra,0.6294000512085425,0.8991597441083188,55695.0
00140054,bending_compression,heuristic_sub,extra,0.6294000512085425,0.8991597441083188,55695.0
00140054,bending_compression,zz_oracle,extra,0.266326809224378,0.7360371537031647,51995.0
00480008,bending_compression,grefem_max,extra,0.790369437726729,0.9626246260361876,18624.0
00480008,bending_compression,grefem_mid,extra,0.5822780957024254,0.9471391402706024,18844.0
00480008,bending_compression,grefem_none,extra,0.8921178351130902,0.981812920739448,19547.0
00480008,bending_compression,heuristic,extra,0.6661171214235373,0.9641589884774836,17822.0
00480008,bending_compression,heuristic_sub,extra,0.6661171214235373,0.9641589884774836,17822.0
00480008,bending_compression,zz_oracle,extra,0.1646170649326709,0.8441847160558756,12493.0
00910047,bending_compression,grefem_max,extra,0.800925528328355,0.946818227255477,58632.0
00910047,bending_compression,grefem_mid,extra,0.6317996131166637,0.655623017021421,57571.0
00910047,bending_compression,grefem_none,extra,0.7927557576494209,0.9317074462294924,57041.0
00910047,bending_compression,heuristic,extra,0.7456284025792871,0.8969581802882375,58539.0
00910047,bending_compression,heuristic_sub,extra,0.7456284025792871,0.8969581802882375,58539.0
00910047,bending_compression,zz_oracle,extra,0.5182450842795631,0.5712872149171647,56300.0
00710039,bending_compression,grefem_max,extra,0.5264871111612877,0.784497039755679,52661.0
00710039,bending_compression,grefem_mid,extra,0.5264871111612877,0.784497039755679,52661.0
00710039,bending_compression,grefem_none,extra,0.6033254717616573,0.8682286939335311,52921.0
00710039,bending_compression,heuristic,extra,0.1067057231439854,0.5480243736347395,53140.0
00710039,bending_compression,heuristic_sub,extra,0.1067057231439854,0.5480243736347395,53140.0
00710039,bending_compression,zz_oracle,extra,0.5257372810496993,0.8591600117116511,48806.0
00750000,bending_compression,grefem_max,extra,0.5713585060665465,0.9068258427485788,86458.0
00750000,bending_compression,grefem_mid,extra,0.6012719397274278,0.901495990647323,98499.0
00750000,bending_compression,grefem_none,extra,0.7029208195499442,0.9654075760870048,34024.0
00750000,bending_compression,heuristic,extra,0.7055974350655213,0.9259355452500764,83647.0
00750000,bending_compression,heuristic_sub,extra,0.7055974350655213,0.9259355452500764,83647.0
00750000,bending_compression,zz_oracle,extra,0.2285767029800396,0.7589673168551745,78660.0
00330020,bending_compression,coarse,extra,0.8990198125636488,0.962521709542289,2906.0
00050000,bending_compression,coarse,extra,0.804284022350317,0.9836672949307012,3824.0
00770080,bending_compression,coarse,extra,0.96173055010433,0.9973918295555751,4446.0
00770080,bending_compression,grefem_max,extra,0.7883781889796221,0.9546586745287416,92360.0
00770080,bending_compression,grefem_mid,extra,0.6495859916943655,0.9771390217670566,98361.0
00770080,bending_compression,grefem_none,extra,0.5225682580371811,0.816385925797354,153981.0
00770080,bending_compression,heuristic,extra,0.7276470156142075,0.9404433809073844,87273.0
00770080,bending_compression,heuristic_sub,extra,0.7306488710680374,0.9411949322313116,87273.0
00770080,bending_compression,zz_oracle,extra,0.7400229911831635,0.9797346537708624,26503.0
00740023,bending_compression,coarse,extra,0.8370573248534143,0.9752003422988356,2649.0
00740023,bending_compression,grefem_max,extra,0.2799463122428912,0.8491915066227739,47370.0
00740023,bending_compression,grefem_mid,extra,0.2799463122428912,0.8491915066227739,47370.0
00740023,bending_compression,grefem_none,extra,0.2282809245054008,0.6813802011076242,50846.0
00740023,bending_compression,heuristic,extra,0.3339208592980838,0.8370124346597245,48177.0
00740023,bending_compression,heuristic_sub,extra,0.3339208592989144,0.8370124346602141,48177.0
00740023,bending_compression,zz_oracle,extra,0.317675723721359,0.9325115038601604,10191.0
00650012,bending_compression,coarse,extra,0.8395701396131554,0.9827232062229126,2555.0
00270002,bending_compression,coarse,extra,0.7791776742766764,0.9841407351587128,7224.0
00890073,bending_compression,coarse,extra,0.734109787496201,0.8824742595515638,4729.0
00300090,bending_compression,coarse,extra,0.8696513083239477,0.9967996928018634,5655.0
00860049,bending_compression,coarse,extra,0.947860313297239,0.9970045297275002,2206.0
00860049,bending_compression,grefem_max,extra,0.7677951409276211,0.9523916188991682,24112.0
00860049,bending_compression,grefem_mid,extra,0.7677951409276211,0.9523916188991682,24112.0
00860049,bending_compression,grefem_none,extra,0.7670453603787895,0.9624108450016416,47018.0
00860049,bending_compression,heuristic,extra,0.8586055931684966,0.9377633597808558,12312.0
00860049,bending_compression,heuristic_sub,extra,0.8586055931684966,0.9377633597808558,12312.0
00860049,bending_compression,zz_oracle,extra,0.7609899179785038,0.9599024083893376,23235.0
00800032,bending_compression,coarse,extra,0.9360653396516464,0.9913317440997624,2054.0
00800032,bending_compression,grefem_max,extra,0.8836270739651859,0.9826453722422492,25588.0
00800032,bending_compression,grefem_mid,extra,0.8219173754594352,0.9577044122766568,27735.0
00800032,bending_compression,grefem_none,extra,0.7799417594071341,0.9337960463143438,28443.0
00800032,bending_compression,heuristic,extra,0.7737090149676651,0.9246681000497884,26181.0
00800032,bending_compression,heuristic_sub,extra,0.798934034248032,0.954078448373423,25876.0
00800032,bending_compression,zz_oracle,extra,0.782255369654596,0.9397385828731528,24246.0
00410062,bending_compression,coarse,extra,0.7075798206363011,0.9027648341837144,5643.0
00410062,bending_compression,grefem_max,extra,0.1584096536136656,0.6989367727661693,34865.0
00410062,bending_compression,grefem_mid,extra,0.2637260193921438,0.8685883998786259,33960.0
00410062,bending_compression,grefem_none,extra,0.4495502130678679,0.8385658789513839,20615.0
00410062,bending_compression,heuristic,extra,0.0116253657787341,0.4404158259506656,33910.0
00410062,bending_compression,heuristic_sub,extra,0.0116253657787341,0.4404158259506656,33910.0
00410062,bending_compression,zz_oracle,extra,0.0946510728786435,0.7791093551347474,23211.0
00830083,bending_compression,coarse,extra,0.7956757671889042,0.8923091376850073,3101.0
00830083,bending_compression,grefem_max,extra,0.5557064961124533,0.433272426655352,73214.0
00830083,bending_compression,grefem_mid,extra,0.1668911282253931,0.1180401955435514,162314.0
00830083,bending_compression,grefem_none,extra,0.5171940314591084,0.6523680551498302,95096.0
00830083,bending_compression,heuristic,extra,0.6293575579089221,0.6189892150136159,69986.0
00830083,bending_compression,heuristic_sub,extra,0.6293575579089221,0.6189892150136159,69986.0
00830083,bending_compression,zz_oracle,extra,0.5770207975840281,0.7238018822649854,66831.0
00810023,torsion,coarse,extra,0.8208577949098431,0.8989033127312819,3607.0
00410074,bending_compression,coarse,extra,0.8036211363585118,0.9862722205963208,2177.0
00990059,bending_compression,coarse,extra,0.878730133803629,0.9755015803559132,3873.0
00990059,bending_compression,grefem_max,extra,0.4918463319843089,0.7888092190352564,24447.0
00990059,bending_compression,grefem_mid,extra,0.3549597524870435,0.6329770390010087,36446.0
00990059,bending_compression,grefem_none,extra,0.5085559062793956,0.8568915136238513,30403.0
00990059,bending_compression,heuristic,extra,0.720132092115267,0.9116640566500614,8571.0
00990059,bending_compression,heuristic_sub,extra,0.714822470467262,0.9000360425803029,8573.0
00990059,bending_compression,zz_oracle,extra,0.5901706996721896,0.7198470674972891,25945.0
00700046,bending_compression,coarse,extra,0.9066567141881652,0.9943278311697052,2740.0
00750000,torsion,coarse,extra,0.8023424607955028,0.963433276382779,2282.0
00330020,bending,grefem_max,extra,0.6593105527972282,0.8007331331604076,164404.0
00330020,bending,grefem_mid,extra,0.6592786773153072,0.800670566001441,164404.0
00330020,bending,grefem_none,extra,0.6785767788365757,0.7314825843186574,203648.0
00330020,bending,heuristic,extra,0.9419714152437808,0.9970866164350082,161886.0
00330020,bending,heuristic_sub,extra,0.5931213639155708,0.6674616687322568,163266.0
00330020,bending,zz_oracle,extra,0.5576874090434264,0.9619922738064656,13011.0
00050000,bending,grefem_max,extra,0.4430421739702586,0.8351010721710951,31368.0
00050000,bending,grefem_mid,extra,0.4498348425666534,0.8785264716709091,49081.0
00050000,bending,grefem_none,extra,0.4133206575118604,0.8313569304188155,44688.0
00050000,bending,heuristic,extra,0.6204662405680392,0.7451200158381655,31567.0
00050000,bending,heuristic_sub,extra,0.5644753945811973,0.6434129134231058,31833.0
00050000,bending,zz_oracle,extra,0.7494182604311946,0.9318039978020296,32505.0
00660049,bending,grefem_max,extra,0.6259727448222423,0.9384143914833556,8453.0
00660049,bending,grefem_mid,extra,0.6432723737440396,0.9410908855646988,23967.0
00660049,bending,grefem_none,extra,0.6410819889799718,0.9236976975389768,32258.0
00660049,bending,heuristic,extra,0.8420300970015105,0.988813461550122,7602.0
00660049,bending,heuristic_sub,extra,0.8420300970015105,0.988813461550122,7602.0
00660049,bending,zz_oracle,extra,0.844434282390957,0.989895283121556,8169.0
00360088,bending,grefem_max,extra,0.5683129536507924,0.8322587643514722,106482.0
00360088,bending,grefem_mid,extra,0.5752060805335499,0.8571107459219772,142553.0
00360088,bending,grefem_none,extra,0.4219052620006143,0.1665267374340441,97961.0
00360088,bending,heuristic,extra,0.6748026299211706,0.9171516273144824,105781.0
00360088,bending,heuristic_sub,extra,0.6748026299211706,0.9171516273144824,105781.0
00360088,bending,zz_oracle,extra,0.0571566050373373,0.5108759297434139,56168.0
00180018,bending,grefem_max,extra,0.3012451395917722,0.5709454241908691,96374.0
00180018,bending,grefem_mid,extra,0.1902112997643931,0.447883687227996,101135.0
00180018,bending,grefem_none,extra,0.0071515520495366,0.1708556927539902,72785.0
00180018,bending,heuristic,extra,0.1595302581719776,0.8516365383461184,90003.0
00180018,bending,heuristic_sub,extra,0.1595302581719776,0.8516365383461184,90003.0
00180018,bending,zz_oracle,extra,0.3103937343877473,0.6950269621487047,88817.0
00170011,bending,grefem_max,extra,0.5377997170393924,0.7885633159911473,22771.0
00170011,bending,grefem_mid,extra,0.7530366527763246,0.907144943941872,24833.0
00170011,bending,grefem_none,extra,0.905986479200332,0.9784451390982608,31305.0
00170011,bending,heuristic,extra,0.9664551334353833,0.9989833096333454,24519.0
00170011,bending,heuristic_sub,extra,0.6001486910283677,0.8228112379267307,24245.0
00170011,bending,zz_oracle,extra,0.5921168816061166,0.7333450799022125,20936.0
00720048,bending,grefem_max,extra,0.8117387091679257,0.8918312765130447,50306.0
00720048,bending,grefem_mid,extra,0.7002864088007406,0.7012951794640965,59536.0
00720048,bending,grefem_none,extra,0.6822555074672468,0.8835343062888354,60128.0
00720048,bending,heuristic,extra,0.5109987072200683,0.5614063958701164,49434.0
00720048,bending,heuristic_sub,extra,0.5109987072200683,0.5614063958701164,49434.0
00720048,bending,zz_oracle,extra,0.1996044398390805,0.2570033732282394,20922.0
00710039,bending,grefem_max,extra,0.7394915679673346,0.9531575903571772,47451.0
00710039,bending,grefem_mid,extra,0.7394915679673346,0.9531575903571772,47451.0
00710039,bending,grefem_none,extra,0.6954852983942632,0.9145843012157292,52602.0
00710039,bending,heuristic,extra,0.5992000850113611,0.935942129084687,48878.0
00710039,bending,heuristic_sub,extra,0.5992000850113611,0.935942129084687,48878.0
00710039,bending,zz_oracle,extra,0.4358522801411981,0.921881180361013,38314.0
00750000,bending,grefem_max,extra,0.6366740450604781,0.8212904701137612,26731.0
00750000,bending,grefem_mid,extra,0.5951579115207033,0.8227503735955323,23613.0
00750000,bending,grefem_none,extra,0.6261577950505282,0.8414917540596714,34024.0
00750000,bending,heuristic,extra,0.7298848948129797,0.9124976477796808,25456.0
00750000,bending,heuristic_sub,extra,0.8341995547070069,0.9798696177364868,25961.0
00750000,bending,zz_oracle,extra,0.7935034211885896,0.9476864178448332,25837.0
00330020,bending,coarse,extra,0.8350233898668836,0.938257247665968,2906.0
00050000,bending,coarse,extra,0.6968008310111404,0.9460568955996423,3824.0
00770080,bending,coarse,extra,0.8767540394830694,0.9783043209392964,4446.0
00740023,bending,coarse,extra,0.9447308493372282,0.998470275868742,2649.0
00650012,bending,coarse,extra,0.866036743633391,0.9830399229257606,2555.0
00650012,bending,grefem_max,extra,0.6567360265252058,0.9663926534540276,30864.0
00650012,bending,grefem_mid,extra,0.6672047360557688,0.964422065477112,34186.0
00650012,bending,grefem_none,extra,0.5950197119248034,0.9391034752053758,34481.0
00650012,bending,heuristic,extra,0.5199530594171566,0.8066993033526716,24474.0
00650012,bending,heuristic_sub,extra,0.7107937426617358,0.9385235426231696,24558.0
00650012,bending,zz_oracle,extra,0.3544508935505701,0.7482480920514288,28075.0
00270002,bending,coarse,extra,0.8298173323097762,0.9847155590405224,7224.0
00270002,bending,grefem_max,extra,0.6355792802169743,0.9100063287531008,83932.0
00270002,bending,grefem_mid,extra,0.7883656321158018,0.9670106906739728,91254.0
00270002,bending,grefem_none,extra,0.5685213004189926,0.8224432669403007,108093.0
00270002,bending,heuristic,extra,0.8170094589649074,0.9721772053818584,82693.0
00270002,bending,heuristic_sub,extra,0.8170094589649074,0.9721772053818584,82693.0
00270002,bending,zz_oracle,extra,0.2570171096048964,0.7528752739579748,77092.0
00890073,bending,coarse,extra,0.8826301556703762,0.9460108216523226,4729.0
00890073,bending,grefem_max,extra,0.8674916279447762,0.9206406602207668,22475.0
00890073,bending,grefem_mid,extra,0.8674916279447762,0.9206406602207668,22475.0
00890073,bending,grefem_none,extra,0.958288757936349,0.9873131367632896,24479.0
00890073,bending,heuristic,extra,0.9245597798114824,0.9757360438953624,21188.0
00890073,bending,heuristic_sub,extra,0.9245597798114824,0.9757360438953624,21188.0
00890073,bending,zz_oracle,extra,0.897294494950617,0.9777039760267606,20556.0
00300090,bending,coarse,extra,0.856868991165219,0.9964089123333604,5655.0
00300090,bending,grefem_max,extra,0.6788429036045984,0.9453095341688948,77577.0
00300090,bending,grefem_mid,extra,0.6732042764546988,0.954217336059044,71628.0
00300090,bending,grefem_none,extra,0.8533230521437762,0.9918145594587016,91364.0
00300090,bending,heuristic,extra,0.8264416828568185,0.9901578024817704,81293.0
00300090,bending,heuristic_sub,extra,0.8264416828568185,0.9901578024817704,81293.0
00300090,bending,zz_oracle,extra,0.8413690929676771,0.9978257901700336,57855.0
00860049,bending,coarse,extra,0.9687733039590778,0.9972463253529114,2206.0
00860049,bending,grefem_max,extra,0.7822874928809941,0.9259076675799992,22669.0
00860049,bending,grefem_mid,extra,0.8247215643703032,0.9608444877102292,24112.0
00860049,bending,grefem_none,extra,0.7615848761583474,0.9366718003849308,47018.0
00860049,bending,heuristic,extra,0.8704632396083913,0.9853219567952756,11810.0
00860049,bending,heuristic_sub,extra,0.8704632396083913,0.9853219567952756,11810.0
00860049,bending,zz_oracle,extra,0.0137097173551724,0.1991372727936554,21028.0
00800032,bending,coarse,extra,0.8834396442391226,0.9863922022800178,2054.0
00800032,bending,grefem_max,extra,0.8865285073287824,0.9721333674403396,24096.0
00800032,bending,grefem_mid,extra,0.6977958656967822,0.7307347055912903,27049.0
00800032,bending,grefem_none,extra,0.8488451828215563,0.9543489803883106,32876.0
00800032,bending,heuristic,extra,0.916904754163766,0.9822057073103634,25015.0
00800032,bending,heuristic_sub,extra,0.7488395724274154,0.8727177751183419,25160.0
00800032,bending,zz_oracle,extra,0.7659247443550092,0.8802389309971281,25576.0
00410062,bending,coarse,extra,0.7082315944832077,0.906638916572883,5643.0
00830083,bending,coarse,extra,0.8856912809302654,0.9552309783958788,3101.0
00360058,bending,coarse,extra,0.9480986906450436,0.9915736432951336,2636.0
00760084,bending,coarse,extra,0.5844619264559174,0.8472781444370788,4818.0
00410074,bending,coarse,extra,0.8887538834139774,0.9918321524788158,2177.0
00990059,compression,coarse,extra,0.8593022172969883,0.972152901798126,3873.0
00700046,compression,coarse,extra,0.9232503158873416,0.9944814200865107,2740.0
00810023,compression,coarse,extra,0.7054854780688433,0.7264361303440029,3607.0
00720006,bending_compression,coarse,extra,0.9357116179578346,0.9981973714634782,4156.0
00480062,bending_compression,coarse,extra,0.9625519681737892,0.9995898976629451,2225.0
00930069,bending_compression,coarse,extra,0.8766646575814845,0.9814638683516762,4183.0
00930069,bending_compression,grefem_max,extra,0.7807423077209966,0.9340774982712432,21227.0
00930069,bending_compression,grefem_mid,extra,0.753231179157449,0.936427354557224,22766.0
00930069,bending_compression,grefem_none,extra,0.9380305144775049,0.992292712121679,30246.0
00930069,bending_compression,heuristic,extra,0.7608159746671972,0.9257002386073264,22627.0
00930069,bending_compression,heuristic_sub,extra,0.8538375677721716,0.9713519537159112,22542.0
00930069,bending_compression,zz_oracle,extra,0.8825372171055895,0.964274753814072,16524.0
00260088,torsion_compression,coarse,extra,0.8164321637094558,0.9526359002498954,13108.0
00260088,torsion_compression,grefem_max,extra,0.5244133129980822,0.9084264138279796,51767.0
00260088,torsion_compression,grefem_mid,extra,0.5244133129980822,0.9084264138279796,51767.0
00260088,torsion_compression,grefem_none,extra,0.4425665939065116,0.3194640148318585,121147.0
00260088,torsion_compression,heuristic,extra,0.8196586775889764,0.9386014196843284,48454.0
00260088,torsion_compression,heuristic_sub,extra,0.8196586775889764,0.9386014196843284,48454.0
00260088,torsion_compression,zz_oracle,extra,0.7359244343971781,2.9435080001161724,46821.0
00640066,torsion,grefem_max,extra,0.5884239289939497,0.8554125842221,43640.0
00640066,torsion,grefem_mid,extra,0.7571040559434282,0.9626079106719636,34601.0
00640066,torsion,grefem_none,extra,0.7350807655635855,0.9399639344420077,55621.0
00640066,torsion,heuristic,extra,0.7897130887110886,0.9709986041339046,42807.0
00640066,torsion,heuristic_sub,extra,0.7034932674508477,0.9320805970333784,43196.0
00640066,torsion,zz_oracle,extra,0.7396372310961088,0.9598741029031622,47752.0
00400083,torsion,grefem_max,extra,0.6459799946520978,0.9021288835650852,93794.0
00400083,torsion,grefem_mid,extra,0.6751802633127044,0.909563664452383,93985.0
00400083,torsion,grefem_none,extra,0.6426418836253126,0.9058657640401716,108989.0
00400083,torsion,heuristic,extra,0.6519410143509243,0.8974124747819556,98758.0
00400083,torsion,heuristic_sub,extra,0.6519410143509243,0.8974124747819556,98758.0
00400083,torsion,zz_oracle,extra,0.7476862002384972,0.9764314954058508,91393.0
00700085,torsion,grefem_max,extra,0.8604691490679405,0.9956956850510827,29238.0
00700085,torsion,grefem_mid,extra,0.6665949943113716,0.984277763197973,31593.0
00700085,torsion,grefem_none,extra,0.8110916028971571,0.9768903567278452,24111.0
00700085,torsion,heuristic,extra,0.5704195322881623,0.9712024301605398,27774.0
00700085,torsion,heuristic_sub,extra,0.5704195322881623,0.9712024301605398,27774.0
00700085,torsion,zz_oracle,extra,0.4203072564775731,0.9662754604615388,13325.0
00660055,torsion,grefem_max,extra,0.5065009243482369,0.8974157200464659,100058.0
00660055,torsion,grefem_mid,extra,0.8012080487464266,0.9644627180706732,187125.0
00660055,torsion,grefem_none,extra,0.2374910411522423,0.2900017682851174,184736.0
00660055,torsion,heuristic,extra,0.2152883254633014,0.1214546925225035,97116.0
00660055,torsion,heuristic_sub,extra,0.2196149890774112,1.919047989863922,96722.0
00660055,torsion,zz_oracle,extra,0.771961256308545,0.9506307480023308,102391.0
00720006,torsion,grefem_max,extra,0.7037880740125251,0.9036379700296664,99571.0
00720006,torsion,grefem_mid,extra,0.6565533434858812,0.857637214503628,105818.0
00720006,torsion,grefem_none,extra,0.5131339865686921,0.8643449309009292,48706.0
00720006,torsion,heuristic,extra,0.6341382542541322,0.9290873904569944,97758.0
00720006,torsion,heuristic_sub,extra,0.6341382542541322,0.9290873904569944,97758.0
00720006,torsion,zz_oracle,extra,0.110162445814789,0.6384263383561002,92513.0
00470072,torsion,grefem_max,extra,0.6669848471538048,0.941437472326662,38017.0
00470072,torsion,grefem_mid,extra,0.6669848471538048,0.941437472326662,38017.0
00470072,torsion,grefem_none,extra,0.7506868660696034,0.9752192595242786,44129.0
00470072,torsion,heuristic,extra,0.6666058814803456,0.9492867194853428,35721.0
00470072,torsion,heuristic_sub,extra,0.6666058814803456,0.9492867194853428,35721.0
00470072,torsion,zz_oracle,extra,0.611926806213963,0.8591792148920145,41790.0
00810023,torsion,grefem_max,extra,0.4816163056871805,0.7524743879587782,104212.0
00810023,torsion,grefem_mid,extra,0.7312740329386281,0.9543116622876314,102392.0
00810023,torsion,grefem_none,extra,0.570110750121824,0.8338679148305298,84194.0
00810023,torsion,heuristic,extra,0.5771603611895341,0.8496006747864193,105102.0
00810023,torsion,heuristic_sub,extra,0.5771603611895341,0.8496006747864193,105102.0
00810023,torsion,zz_oracle,extra,0.3157993961044011,0.7450607674613103,94244.0
00640066,torsion,coarse,extra,0.9151382541173418,0.989150515582492,5005.0
00970002,torsion,coarse,extra,14.261846851363122,0.5669174589885927,7194.0
00860044,torsion,coarse,extra,0.8530044382377134,0.9753045680536728,2197.0
00450041,torsion,coarse,extra,0.8558733454143914,0.8844576586295481,1679.0
00450041,torsion,grefem_max,extra,0.7197618362162906,0.9359693740681396,10517.0
00450041,torsion,grefem_mid,extra,0.7197618362162906,0.9359693740681396,10517.0
00450041,torsion,grefem_none,extra,0.5780874753006157,0.806839420543382,10831.0
00450041,torsion,heuristic,extra,0.5779242088989752,0.803698430703439,10172.0
00450041,torsion,heuristic_sub,extra,0.5779242088989752,0.8036984307034389,10172.0
00450041,torsion,zz_oracle,extra,0.8479767717124941,0.879810175549004,2364.0
00380051,torsion,coarse,extra,0.9373498720824124,0.9967525575799794,2355.0
00380051,torsion,grefem_max,extra,0.8815744915460836,0.9950626654877248,5566.0
00380051,torsion,grefem_mid,extra,0.9614585730137614,0.998251746889212,7820.0
00380051,torsion,grefem_none,extra,0.8815744915460836,0.9950626654877248,5566.0
00380051,torsion,heuristic,extra,0.8839934579656515,0.98352745998864,5973.0
00380051,torsion,heuristic_sub,extra,0.8757283212502551,0.9841252000669796,6110.0
00380051,torsion,zz_oracle,extra,0.8819884325169614,0.9941125303861716,5733.0
00490002,torsion,coarse,extra,0.9718007809303508,0.9993134754571108,4974.0
00490002,torsion,grefem_max,extra,0.842694396307714,0.9969597552187024,27189.0
00490002,torsion,grefem_mid,extra,0.8476037422895164,0.993378502165625,24176.0
00490002,torsion,grefem_none,extra,0.8774713605646814,0.9968661753993988,28831.0
00490002,torsion,heuristic,extra,0.8763145336241863,0.997402429246943,28363.0
00490002,torsion,heuristic_sub,extra,0.950939103335126,0.9991353466231788,29326.0
00490002,torsion,zz_oracle,extra,0.7079442793518079,0.9767976933731796,19683.0
00360077,torsion,coarse,extra,0.6284617367370465,0.9766480916717528,4479.0
00910047,bending_compression,coarse,extra,0.8525145741053355,0.9183957348459768,2363.0
00720006,compression,coarse,extra,0.8490707962845522,0.9802390523331364,4156.0
00480062,compression,coarse,extra,0.8701937599540465,0.9963893134221148,2225.0
00930069,compression,coarse,extra,0.7401637893905142,0.9355030023388912,4183.0
00660055,compression,coarse,extra,0.9941356727160529,0.9999713697193208,13449.0
00630027,compression,coarse,extra,0.6739380596768589,0.9655826391232594,3758.0
00690084,torsion_compression,grefem_max,extra,0.8267621788199379,0.997027624811638,12790.0
00690084,torsion_compression,grefem_mid,extra,0.8276723539649149,0.9838470933355732,14163.0
00690084,torsion_compression,grefem_none,extra,0.9119228136664016,0.9955576822321756,16327.0
00690084,torsion_compression,heuristic,extra,0.8791315819564314,0.9787258249668276,13766.0
00690084,torsion_compression,heuristic_sub,extra,0.8455819008843743,0.9441229629595668,13460.0
00690084,torsion_compression,zz_oracle,extra,0.4535278129325564,0.9151662930832256,6000.0
00470088,torsion_compression,grefem_max,extra,0.3374534781876212,0.6626980118959476,101859.0
00470088,torsion_compression,grefem_mid,extra,0.3417206535795941,0.6029024016176648,102190.0
00470088,torsion_compression,grefem_none,extra,0.618099405372009,0.8920642860462392,113441.0
00470088,torsion_compression,heuristic,extra,0.7093759035303968,0.9229452515048522,96522.0
00470088,torsion_compression,heuristic_sub,extra,0.7093759035303968,0.9229452515048522,96522.0
00470088,torsion_compression,zz_oracle,extra,0.521228732388351,0.9356609021591364,56041.0
00160031,torsion_compression,grefem_max,extra,0.5595547743270393,0.907319635661418,18208.0
00160031,torsion_compression,grefem_mid,extra,0.5595547743270393,0.907319635661418,18208.0
00160031,torsion_compression,grefem_none,extra,0.5834911216719004,0.9485172357104849,24759.0
00160031,torsion_compression,heuristic,extra,0.5712962674571981,0.8946313436756134,16537.0
00160031,torsion_compression,heuristic_sub,extra,0.3883259542406632,0.8081824621311138,17442.0
00160031,torsion_compression,zz_oracle,extra,0.6067757406482147,0.8920238042538722,16492.0
00550067,torsion_compression,grefem_max,extra,0.7657600918773253,0.9614795957844012,63278.0
00550067,torsion_compression,grefem_mid,extra,0.7197450410693881,0.9510286767492616,63045.0
00550067,torsion_compression,grefem_none,extra,0.6755559045419585,0.9396975345191144,63322.0
00550067,torsion_compression,heuristic,extra,0.6107763195278799,0.9350848311544128,58671.0
00550067,torsion_compression,heuristic_sub,extra,0.6107763195278799,0.9350848311544128,58671.0
00550067,torsion_compression,zz_oracle,extra,0.5024224596735425,0.8097558657387097,59330.0
00380080,torsion_compression,grefem_max,extra,0.695250574267833,0.9408078637377292,90706.0
00380080,torsion_compression,grefem_mid,extra,0.7238952946241816,0.9511943277912024,61305.0
00380080,torsion_compression,grefem_none,extra,0.7217840181387076,0.9370299430900632,118166.0
00380080,torsion_compression,heuristic,extra,0.7361335675080798,0.9474006784404776,89479.0
00380080,torsion_compression,heuristic_sub,extra,0.7333442932151537,0.944668448596844,89586.0
00380080,torsion_compression,zz_oracle,extra,0.7073537269775179,0.9348645571108278,83648.0
00410062,torsion_compression,grefem_max,extra,0.372294518010125,0.7497058066800375,37682.0
00410062,torsion_compression,grefem_mid,extra,0.0568732148067815,0.4798694933768362,39763.0
00410062,torsion_compression,grefem_none,extra,0.6125363831020252,0.9257615392926318,53388.0
00410062,torsion_compression,heuristic,extra,0.0679781600973326,0.1466198415260466,36041.0
00410062,torsion_compression,heuristic_sub,extra,0.0679781600973326,0.1466198415260466,36041.0
00410062,torsion_compression,zz_oracle,extra,0.0586517488893472,0.5722807667421099,20124.0
00830083,torsion_compression,grefem_max,extra,0.2999588610633554,0.0481884791021914,90149.0
00830083,torsion_compression,grefem_mid,extra,0.7048212784239423,0.8490294771855076,60514.0
00830083,torsion_compression,grefem_none,extra,0.5668730180108695,0.8978132034435596,74917.0
00830083,torsion_compression,heuristic,extra,0.6528338929392343,0.8372003568314883,91345.0
00830083,torsion_compression,heuristic_sub,extra,0.6528338929392343,0.8372003568314883,91345.0
00830083,torsion_compression,zz_oracle,extra,1.0901723382799504,0.7173725085241396,60570.0
00360014,torsion_compression,grefem_max,extra,0.64923527637003,0.8772497634021444,136765.0
00360014,torsion_compression,grefem_mid,extra,0.6793874903702052,0.7797007557746615,151333.0
00360014,torsion_compression,grefem_none,extra,0.9141051420611964,0.9849088776999826,156373.0
00360014,torsion_compression,heuristic,extra,0.7008208170175149,0.925747851595028,145580.0
00360014,torsion_compression,heuristic_sub,extra,0.7008208170175149,0.925747851595028,145580.0
00360014,torsion_compression,zz_oracle,extra,0.2338326520772251,0.5681532924790863,41725.0
00870050,torsion_compression,grefem_max,extra,0.7563417455292358,0.9702569420457317,37721.0
00870050,torsion_compression,grefem_mid,extra,0.6403213100872593,0.9467364490349788,73154.0
00870050,torsion_compression,grefem_none,extra,0.4016523053281465,0.4274980575278834,120496.0
00870050,torsion_compression,heuristic,extra,0.7189267001190031,0.969662309919896,23726.0
00870050,torsion_compression,heuristic_sub,extra,0.6916852192958682,0.8951712500043135,24239.0
00870050,torsion_compression,zz_oracle,extra,0.8366457917509069,0.9968347338324124,24270.0
00140014,torsion_compression,grefem_max,extra,0.7609404946287617,0.9352285187314736,50360.0
00140014,torsion_compression,grefem_mid,extra,0.7609404946287617,0.9352285187314736,50360.0
00140014,torsion_compression,grefem_none,extra,0.7609404946287617,0.9352285187314736,50360.0
00140014,torsion_compression,heuristic,extra,0.9474729982012108,0.9926816739658522,49493.0
00140014,torsion_compression,heuristic_sub,extra,0.7414305778199856,0.9163779036041858,47968.0
00140014,torsion_compression,zz_oracle,extra,0.9086526776178044,0.9884495107479296,47228.0
00320057,torsion_compression,grefem_max,extra,0.5874831070898394,0.9147820143713732,158757.0
00320057,torsion_compression,grefem_mid,extra,0.6407458703267941,0.8912717509667285,304478.0
00320057,torsion_compression,grefem_none,extra,0.0915710887520549,0.188676995392111,360528.0
00320057,torsion_compression,heuristic,extra,0.5481159382843867,0.8418510382970488,163612.0
00320057,torsion_compression,heuristic_sub,extra,0.5107662290085767,0.887038859523507,161374.0
00320057,torsion_compression,zz_oracle,extra,0.6717917466323207,0.941254550120498,143419.0
00700046,torsion_compression,grefem_max,extra,0.863218363745882,0.9944326090170924,28326.0
00700046,torsion_compression,grefem_mid,extra,0.8207023831098695,0.99501108241668,12702.0
00700046,torsion_compression,grefem_none,extra,0.618302422394255,0.9068818728446764,10901.0
00700046,torsion_compression,heuristic,extra,0.7790757352188316,0.9387637013004696,30385.0
00700046,torsion_compression,heuristic_sub,extra,0.8672607191158702,0.990281983563453,30606.0
00700046,torsion_compression,zz_oracle,extra,0.2841202334557598,0.9660328758460994,16840.0
00400099,torsion_compression,grefem_max,extra,0.1830037551569565,0.7856574180724151,152982.0
00400099,torsion_compression,grefem_mid,extra,0.3665067978715084,0.904202821633018,134068.0
00400099,torsion_compression,grefem_none,extra,0.2781102118402621,0.8840007101316848,138920.0
00400099,torsion_compression,heuristic,extra,0.5348177128786438,0.8990388494146838,143729.0
00400099,torsion_compression,heuristic_sub,extra,0.5348177128786438,0.8990388494146838,143729.0
00400099,torsion_compression,zz_oracle,extra,0.042972967815484,0.7448918110430042,83416.0
00650000,torsion_compression,grefem_max,extra,0.3644439260970938,0.7517632564185011,77134.0
00650000,torsion_compression,grefem_mid,extra,0.4208516777364481,0.8635147444309563,14687.0
00650000,torsion_compression,grefem_none,extra,0.4094948035191894,0.7811911786174606,90034.0
00650000,torsion_compression,heuristic,extra,0.331981147491256,0.8279755261817667,53512.0
00650000,torsion_compression,heuristic_sub,extra,0.5493303874215725,0.9050652505844734,48587.0
00650000,torsion_compression,zz_oracle,extra,0.7768228240346661,0.8272081661729617,12392.0
00690084,torsion_compression,coarse,extra,0.9868461327476014,0.9996856960493145,1618.0
00530022,torsion_compression,coarse,extra,0.8770732773694992,0.9813182065061088,2739.0
00290076,torsion_compression,coarse,extra,0.8609883744649257,0.9912842105754346,3850.0
00240090,torsion_compression,coarse,extra,0.5828135955765914,0.9347451851731554,8246.0
00240090,torsion_compression,grefem_max,extra,0.4667848993899051,0.893509676561032,34204.0
00240090,torsion_compression,grefem_mid,extra,0.5605847762895186,0.9430060773389372,34398.0
00240090,torsion_compression,grefem_none,extra,0.5894846149929504,0.8905399167278809,91761.0
00240090,torsion_compression,heuristic,extra,0.6597308247841129,0.9649880739599214,34386.0
00240090,torsion_compression,heuristic_sub,extra,0.7471573137612274,0.9676124327636152,36392.0
00240090,torsion_compression,zz_oracle,extra,0.535842608274106,0.9023039675009216,34411.0
00570009,torsion_compression,coarse,extra,0.4547895122108388,0.9454173977023852,18192.0
00570009,torsion_compression,grefem_max,extra,0.4172212994096457,0.7703820985033939,116470.0
00570009,torsion_compression,grefem_mid,extra,0.618466996783762,0.7623124045973299,121595.0
00570009,torsion_compression,grefem_none,extra,0.2977088125762585,0.1184770665440493,118823.0
00570009,torsion_compression,heuristic,extra,0.1678310538406955,0.1663653458177989,114149.0
00570009,torsion_compression,heuristic_sub,extra,0.0994480840686401,0.6540571313725263,112698.0
00570009,torsion_compression,zz_oracle,extra,0.2618045180484698,0.1022572898716493,110111.0
00100065,torsion_compression,coarse,extra,0.624037283667751,0.9924471292609892,12679.0
00100065,torsion_compression,grefem_max,extra,0.520057345912181,0.8996890207511977,186333.0
00100065,torsion_compression,grefem_mid,extra,0.6366596479323141,0.9456358195693936,207263.0
00100065,torsion_compression,grefem_none,extra,0.0721406645578573,0.5190275755318241,190885.0
00100065,torsion_compression,heuristic,extra,0.1467357656869383,0.7415603429963901,181211.0
00100065,torsion_compression,heuristic_sub,extra,0.1467357656869383,0.7415603429963901,181211.0
00100065,torsion_compression,zz_oracle,extra,0.205515257529709,0.5763405631827888,67692.0
00230055,torsion_compression,coarse,extra,0.838462971250139,0.9747230094270056,7296.0
00230055,torsion_compression,grefem_max,extra,0.95019329052605,0.9966636082423528,10649.0
00230055,torsion_compression,grefem_mid,extra,0.8007659347346785,0.975707899978288,18818.0
00230055,torsion_compression,grefem_none,extra,0.6531381050293577,0.9077521613880716,22030.0
00230055,torsion_compression,heuristic,extra,0.8003143371290578,0.9562726821032524,11550.0
00230055,torsion_compression,heuristic_sub,extra,0.8003143371290578,0.9562726821032524,11550.0
00230055,torsion_compression,zz_oracle,extra,0.8368916250387629,0.9635844843235152,11396.0
00200078,torsion_compression,coarse,extra,0.1558294354595453,0.9658600039247048,8288.0
00200078,torsion_compression,grefem_max,extra,0.3973049193517594,0.1360295234013635,48073.0
00200078,torsion_compression,grefem_mid,extra,0.1711561529383963,0.2773161752059594,41149.0
00200078,torsion_compression,grefem_none,extra,0.2055465420188557,0.5428220515200818,57452.0
00200078,torsion_compression,heuristic,extra,0.4938448893185294,0.8391980668517653,33956.0
00200078,torsion_compression,heuristic_sub,extra,0.4938448893185294,0.8391980668517653,33956.0
00200078,torsion_compression,zz_oracle,extra,0.7698135778731882,0.7387908119123373,18079.0
00080038,torsion_compression,coarse,extra,0.9571829222693636,0.9995886659468108,2225.0
00080038,torsion_compression,grefem_max,extra,0.9156758396172886,0.9963146909033372,43876.0
00080038,torsion_compression,grefem_mid,extra,0.9156758396172886,0.9963146909033372,43876.0
00080038,torsion_compression,grefem_none,extra,0.7368915595269897,0.972403888956264,72275.0
00080038,torsion_compression,heuristic,extra,0.876763209246345,0.991810655259197,43798.0
00080038,torsion_compression,heuristic_sub,extra,0.876763209246345,0.991810655259197,43798.0
00080038,torsion_compression,zz_oracle,extra,0.4938368955757624,0.9680668318426268,19141.0
00420062,torsion_compression,coarse,extra,0.734655406430921,0.9723218141439968,2187.0
00030059,torsion_compression,coarse,extra,0.5316443551840244,0.3792170774381511,4046.0
00380012,torsion_compression,coarse,extra,0.8539012827783689,0.9779684026804718,2095.0
00820090,torsion_compression,coarse,extra,0.0817356387148438,0.8359782561912749,3692.0
00820090,torsion_compression,grefem_max,extra,0.3525166900272807,0.3160369484526778,65542.0
00820090,torsion_compression,grefem_mid,extra,0.3625017061855712,0.1243223894073798,72902.0
00820090,torsion_compression,grefem_none,extra,0.3838858275087858,0.2310091033673146,75896.0
00820090,torsion_compression,heuristic,extra,0.4478140248274969,0.8250069862717808,65638.0
00820090,torsion_compression,heuristic_sub,extra,0.3903556674136787,0.3026471947345447,71937.0
00820090,torsion_compression,zz_oracle,extra,0.3868521079387862,0.4726902232769497,61203.0
00830028,torsion_compression,coarse,extra,0.8649004818785337,0.9776506561861158,2595.0
00640016,torsion_compression,coarse,extra,0.9566622794263234,0.9964149874341416,3911.0
00470075,torsion_compression,coarse,extra,0.8505040814474932,0.98072899053137,3007.0
00890055,torsion_compression,coarse,extra,0.3211854381405756,0.4784734421900083,4105.0
00870089,compression,coarse,extra,0.8274449929592578,0.9864958857030208,2882.0
00360014,torsion_compression,coarse,extra,0.8148452302348951,0.9526033359371764,4419.0
00400099,torsion_compression,coarse,extra,1.1301254321498728,0.9020341301762244,7325.0
00750000,bending,coarse,extra,0.7421219522213641,0.9587801358351647,2282.0
00400070,torsion_compression,grefem_max,extra,0.6708813322547328,0.933730332685152,87970.0
00400070,torsion_compression,grefem_mid,extra,0.5627659147037342,0.8594432229442153,88599.0
00400070,torsion_compression,grefem_none,extra,0.6744973677700759,0.9270007363247972,67954.0
00400070,torsion_compression,heuristic,extra,0.7075923478092785,0.9308999198411124,83518.0
00400070,torsion_compression,heuristic_sub,extra,0.6618425776970034,0.8485131917485017,83778.0
00400070,torsion_compression,zz_oracle,extra,0.2846845783181617,0.7390599413804395,80567.0
00490074,torsion_compression,grefem_max,extra,0.9682683555034338,0.9978296827075356,6273.0
00490074,torsion_compression,grefem_mid,extra,0.9072271201173056,0.9918417065960012,6041.0
00490074,torsion_compression,grefem_none,extra,0.9643336363212536,0.997887456728576,6801.0
00490074,torsion_compression,heuristic,extra,0.9072271201173056,0.9918417065960012,6041.0
00490074,torsion_compression,heuristic_sub,extra,0.9072271201173056,0.9918417065960012,6041.0
00490074,torsion_compression,zz_oracle,extra,0.965984876511878,0.9980838983407062,6070.0
00880050,torsion_compression,grefem_max,extra,0.1640184472237778,0.8781629209379055,35136.0
00880050,torsion_compression,grefem_mid,extra,0.1695178408884599,0.8818577996147092,51940.0
00880050,torsion_compression,grefem_none,extra,0.386519922865666,0.934123471673538,76753.0
00880050,torsion_compression,heuristic,extra,0.0718030116396303,0.8306121229972785,35284.0
00880050,torsion_compression,heuristic_sub,extra,0.0718030119613764,0.8306121230999226,35284.0
00880050,torsion_compression,zz_oracle,extra,0.4814019141565235,0.9461044761653016,31644.0
00280029,torsion_compression,grefem_max,extra,0.7009439902363055,0.9156188651221082,54926.0
00280029,torsion_compression,grefem_mid,extra,0.8024238481914839,0.944550924018946,62777.0
00280029,torsion_compression,grefem_none,extra,0.8027268056321348,0.9751959345588208,79321.0
00280029,torsion_compression,heuristic,extra,0.7126059437177721,0.8975062726631662,55697.0
00280029,torsion_compression,heuristic_sub,extra,0.7656124799348984,0.9255640003599256,54963.0
00280029,torsion_compression,zz_oracle,extra,0.1309944536643539,0.7633700283886339,31139.0
00650012,torsion_compression,grefem_max,extra,0.7926839590381233,0.9850214613596364,30746.0
00650012,torsion_compression,grefem_mid,extra,0.8127846397985012,0.9752788334489826,44142.0
00650012,torsion_compression,grefem_none,extra,0.7907599035420249,0.9787244153544252,37693.0
00650012,torsion_compression,heuristic,extra,0.6966036930181915,0.9498284729953976,24453.0
00650012,torsion_compression,heuristic_sub,extra,0.7653781954784818,0.9738667667389465,26948.0
00650012,torsion_compression,zz_oracle,extra,0.772764361786766,0.979659776472997,28643.0
00270002,torsion_compression,grefem_max,extra,0.5966585104631339,0.8912975197265353,95328.0
00270002,torsion_compression,grefem_mid,extra,0.6444361025154816,0.9445501562107677,90470.0
00270002,torsion_compression,grefem_none,extra,0.6227684110114794,0.9106949764167028,103432.0
00270002,torsion_compression,heuristic,extra,0.6003439584148244,0.8790203802651327,103670.0
00270002,torsion_compression,heuristic_sub,extra,0.6003439584148244,0.8790203802651327,103670.0
00270002,torsion_compression,zz_oracle,extra,0.6112749950613102,0.9183388396685686,92805.0
00890073,torsion_compression,grefem_max,extra,0.8003148538242048,0.7960103097951317,22475.0
00890073,torsion_compression,grefem_mid,extra,0.8003148538242048,0.7960103097951317,22475.0
00890073,torsion_compression,grefem_none,extra,0.5094387026860753,0.5178765018196302,24479.0
00890073,torsion_compression,heuristic,extra,0.5511219555462158,0.5338740951669734,21188.0
00890073,torsion_compression,heuristic_sub,extra,0.5511219555462158,0.5338740951669734,21188.0
00890073,torsion_compression,zz_oracle,extra,0.5036797309157901,0.6537204952182456,21217.0
00400070,torsion_compression,coarse,extra,0.7843084967263956,0.961345337362139,3711.0
00490074,torsion_compression,coarse,extra,0.8921217022726065,0.9612849207725545,3489.0
00380054,torsion_compression,coarse,extra,0.9036928589237916,0.9865939592988058,2762.0
00840052,torsion_compression,coarse,extra,0.9381466203286712,0.9961732104662104,12582.0
00930001,torsion_compression,coarse,extra,0.6922252130280097,0.994631959155543,21221.0
00930001,torsion_compression,grefem_max,extra,0.4404986851641631,0.9249223601979668,266009.0
00930001,torsion_compression,grefem_mid,extra,0.5340913271110803,0.95285004307801,268270.0
00930001,torsion_compression,grefem_none,extra,0.7895910273047138,0.986369406663153,270331.0
00930001,torsion_compression,heuristic,extra,0.3266253625227537,0.8386041781897967,282658.0
00750000,torsion_compression,coarse,extra,0.914820951622437,0.9854316359149636,2282.0
00470088,bending,coarse,extra,0.8258746808187601,0.9736040676903964,11469.0
00720048,bending,coarse,extra,0.8969164481167136,0.9789551190306448,4892.0
00460090,bending,coarse,extra,0.9366939698264224,0.992824055232447,2566.0
00950068,bending,coarse,extra,0.8645817073422518,0.981336852383358,3113.0
00860010,compression,grefem_max,extra,0.7862823377725447,0.9806927245124526,29116.0
00860010,compression,grefem_mid,extra,0.7862823377725275,0.9806927245124514,29116.0
00860010,compression,grefem_none,extra,0.6013177420690979,0.9118398303311378,104366.0
00860010,compression,heuristic,extra,0.5111998242399542,0.9127469418407236,27987.0
00860010,compression,heuristic_sub,extra,0.5537715537904037,0.9581781587891716,27409.0
00860010,compression,zz_oracle,extra,0.7958597021736602,0.981045097513644,26694.0
00240056,compression,grefem_max,extra,0.3034622169311551,0.9687569946276324,12789.0
00240056,compression,grefem_mid,extra,0.8002325870745961,0.985020291100428,7770.0
00240056,compression,grefem_none,extra,0.7051358488281122,0.2051356102289508,75390.0
00240056,compression,heuristic,extra,4.086259578531455,0.7836001735925086,7546.0
00240056,compression,heuristic_sub,extra,4.086259578531455,0.7836001735925086,7546.0
00240056,compression,zz_oracle,extra,0.2691493758116562,0.977216370127108,10247.0
00420062,compression,grefem_max,extra,0.667842988429801,0.8832788961685398,67161.0
00420062,compression,grefem_mid,extra,0.4847980461967487,0.3167432709830057,94240.0
00420062,compression,grefem_none,extra,0.191596843420518,0.0174401680826305,94481.0
00420062,compression,heuristic,extra,0.6025195771199097,0.862427054136985,61490.0
00420062,compression,heuristic_sub,extra,0.6025195771199097,0.862427054136985,61490.0
00420062,compression,zz_oracle,extra,0.1614260247436861,0.3803308417106508,61351.0
00030059,compression,grefem_max,extra,0.7291031537738374,0.7391089547468122,5593.0
00030059,compression,grefem_mid,extra,0.7291031537738374,0.7391089547468122,5593.0
00030059,compression,grefem_none,extra,0.7291031537738374,0.7391089547468122,5593.0
00030059,compression,heuristic,extra,0.7291031537738374,0.7391089547468122,5593.0
00030059,compression,heuristic_sub,extra,0.7291031537738374,0.7391089547468122,5593.0
00030059,compression,zz_oracle,extra,0.7291031537738374,0.7391089547468122,5593.0
00380012,compression,grefem_max,extra,0.7059492541996708,0.91804482994251,48110.0
00380012,compression,grefem_mid,extra,0.9095170719193428,0.9854770560443192,48002.0
00380012,compression,grefem_none,extra,0.7736374468367055,0.9738931048448888,36308.0
00380012,compression,heuristic,extra,0.7057044592403797,0.8425627826533039,46169.0
00380012,compression,heuristic_sub,extra,0.7057044592403797,0.8425627826533039,46169.0
00380012,compression,zz_oracle,extra,0.4304088175449477,0.9207143921800468,29527.0
00870089,compression,grefem_max,extra,0.6296487495163158,0.8678942061427668,38503.0
00870089,compression,grefem_mid,extra,0.2758594480501367,0.6139670496160538,41324.0
00870089,compression,grefem_none,extra,0.7307722377496724,0.9664580569586194,98071.0
00870089,compression,heuristic,extra,0.3135210130711056,0.5027112613076143,37815.0
00870089,compression,heuristic_sub,extra,0.3135210130711056,0.5027112613076143,37815.0
00870089,compression,zz_oracle,extra,0.530220058721977,0.872292036308119,20117.0
00860010,compression,coarse,extra,0.9516870152866994,0.9980387670132248,2326.0
00240056,compression,coarse,extra,0.256438754828627,0.918582754838722,4458.0
00790071,compression,coarse,extra,0.5650268457138695,0.9889628977848944,6036.0
00450037,compression,coarse,extra,0.8311483533942988,0.8149538557562598,2679.0
00610003,compression,coarse,extra,0.9389989974716314,0.9960090458872184,1507.0
00450004,compression,coarse,extra,0.884992469011721,0.9819163318948186,3103.0
00010055,compression,coarse,extra,0.8278539297734799,0.9860733523062511,4498.0
00720092,compression,coarse,extra,0.8815191807784523,0.9817875562422832,2440.0
00060017,compression,coarse,extra,0.7665401967122055,0.8283636795122777,4954.0
00660049,compression,coarse,extra,0.8681048842858733,0.9898444472910926,3315.0
00360088,compression,coarse,extra,0.8501922613510529,0.9738096266550822,4159.0
00180018,compression,coarse,extra,12.341752094152795,2.743340036437548,5662.0
00170011,compression,coarse,extra,0.6563640411709504,0.9382951115067988,3151.0
00380031,compression,coarse,extra,0.7514696649128916,0.7747621113366273,3814.0
00250069,compression,coarse,extra,0.905129607522503,0.9904415661850754,3656.0
00060002,compression,coarse,extra,0.7611151526835137,0.9350849608394608,4393.0
00410072,compression,coarse,extra,0.8738550617321857,0.996421628318186,2862.0
00250013,compression,coarse,extra,0.5996939050419893,0.9202287680073088,4903.0
00640087,compression,coarse,extra,0.6817123975817594,0.9248635952015,5534.0
00550073,compression,coarse,extra,0.9521554741815568,0.9958114335472532,3042.0
00860099,compression,coarse,extra,0.9591855903602062,0.9974403937374512,1914.0
00660055,bending_compression,coarse,extra,0.999754637982472,0.999999939129718,13449.0
00630027,bending_compression,coarse,extra,0.8274149448541909,0.9843453201207554,3758.0
00990059,bending,coarse,extra,0.8268980898073132,0.9694159678863938,3873.0
00700046,bending,coarse,extra,0.925017607728806,0.9953095763569382,2740.0
00710003,bending_compression,grefem_max,extra,0.6197604165458118,0.6236084358403232,102361.0
00710003,bending_compression,grefem_mid,extra,0.6629020807397866,0.7509993748754853,98786.0
00710003,bending_compression,grefem_none,extra,0.729415835006435,0.9295929558883896,103568.0
00710003,bending_compression,heuristic,extra,0.5847758756412516,0.650974072518909,95707.0
00710003,bending_compression,heuristic_sub,extra,0.5490612237896944,0.4628085214296406,96607.0
00710003,bending_compression,zz_oracle,extra,0.031018261995212,0.3314927665973501,72064.0
00930071,bending_compression,grefem_max,extra,0.9204017295656428,0.9842854805545256,137436.0
00930071,bending_compression,grefem_mid,extra,0.951177841483906,0.9976271944279584,132702.0
00930071,bending_compression,grefem_none,extra,0.9241050113038246,0.9967970161510162,96611.0
00930071,bending_compression,heuristic,extra,0.8415573461955865,0.9737434922901944,146195.0
00930071,bending_compression,heuristic_sub,extra,0.94659460328096,0.996636747325085,135834.0
00930071,bending_compression,zz_oracle,extra,0.9777804136601944,0.999613555753372,127325.0
00710003,bending_compression,coarse,extra,0.6986448216979153,0.9372902678078338,3160.0
00930071,bending_compression,coarse,extra,0.9571759684480746,0.9985149126230344,13807.0
00360016,bending_compression,coarse,extra,0.9138816549229948,0.9936525945750208,3757.0
00360016,bending_compression,grefem_max,extra,0.7675533566029458,0.9614798705210316,21683.0
00360016,bending_compression,grefem_mid,extra,0.8430634009965697,0.9822821675966902,24479.0
00360016,bending_compression,grefem_none,extra,0.5800703579359375,0.9306552806596632,13440.0
00360016,bending_compression,heuristic,extra,0.8789293721060198,0.9907263902961724,23380.0
00360016,bending_compression,heuristic_sub,extra,0.865903683559908,0.9838720122129048,23415.0
00360016,bending_compression,zz_oracle,extra,0.3659537564506583,0.6223625072444117,20042.0
00220069,bending_compression,coarse,extra,0.8034512024284923,0.9758975596031376,1611.0
00220069,bending_compression,grefem_max,extra,0.839423126846631,0.9764715607323676,36361.0
00220069,bending_compression,grefem_mid,extra,0.8903520034883525,0.9780975124544922,37154.0
00220069,bending_compression,grefem_none,extra,0.6866287789067962,0.9775501124712994,29132.0
00220069,bending_compression,heuristic,extra,0.6705366508898228,0.8631412184910107,32903.0
00220069,bending_compression,heuristic_sub,extra,0.804432645804633,0.9851206847983752,33053.0
00220069,bending_compression,zz_oracle,extra,2.5825568854544607,0.4823529840876287,13152.0
00350001,bending_compression,coarse,extra,0.9480562632522336,0.9992542335970572,4471.0
00350001,bending_compression,grefem_max,extra,0.8946266619974917,0.9974382405136424,65115.0
00350001,bending_compression,grefem_mid,extra,0.5468610207196402,0.717626179825896,78238.0
00350001,bending_compression,grefem_none,extra,0.0273343773764751,0.8812457321187778,132822.0
00350001,bending_compression,heuristic,extra,0.9479662823179716,0.99921731248704,66154.0
00350001,bending_compression,heuristic_sub,extra,0.582082020568598,0.5446919165780068,65789.0
00350001,bending_compression,zz_oracle,extra,0.4502683051035718,0.5398792627764499,62612.0
00650065,bending_compression,coarse,extra,0.8267540433788072,0.9576095572767276,1736.0
00650065,bending_compression,grefem_max,extra,0.5752357817645589,0.6574512316804275,31678.0
00650065,bending_compression,grefem_mid,extra,0.6815303101591733,0.9141506162340944,5685.0
00650065,bending_compression,grefem_none,extra,0.6047535941023034,0.6374886664573622,58125.0
00650065,bending_compression,heuristic,extra,0.6131557796900198,0.7603923890536878,32238.0
00650065,bending_compression,heuristic_sub,extra,0.6131557796900198,0.7603923890536878,32238.0
00650065,bending_compression,zz_oracle,extra,0.5582383709481422,0.9397408724727756,7778.0
00860026,bending_compression,coarse,extra,0.922713596279726,0.990751161722821,5390.0
00860026,bending_compression,grefem_max,extra,0.8083585858135406,0.9639740552505568,162839.0
00860026,bending_compression,grefem_mid,extra,0.8083585858135406,0.9639740552505568,162839.0
00860026,bending_compression,grefem_none,extra,0.8083585858135406,0.9639740552505568,162839.0
00860026,bending_compression,heuristic,extra,0.7001386719188055,0.8973587956568492,163573.0
00860026,bending_compression,heuristic_sub,extra,0.7830724499785271,0.9552428061089236,162810.0
00860026,bending_compression,zz_oracle,extra,0.69257666424836,0.8871494114947607,163814.0
00480056,bending_compression,coarse,extra,0.964442833922608,0.9982815334691566,2981.0
00480056,bending_compression,grefem_max,extra,0.869164929335358,0.9925450005610348,3983.0
00480056,bending_compression,grefem_mid,extra,0.869164929335358,0.9925450005610348,3983.0
00480056,bending_compression,grefem_none,extra,0.8637510815738246,0.9976334919468324,6771.0
00480056,bending_compression,heuristic,extra,0.9056192716950716,0.996605131524046,4452.0
00480056,bending_compression,heuristic_sub,extra,0.8053244868038055,0.9853536101778488,3853.0
00480056,bending_compression,zz_oracle,extra,0.9268049429592966,0.9971912139031052,4016.0
00360036,bending_compression,coarse,extra,0.9315517795772684,0.9987069964358202,2226.0
00360036,bending_compression,grefem_max,extra,0.7415583440283102,0.9597058414164262,43873.0
00360036,bending_compression,grefem_mid,extra,0.6428225977102214,0.939453157664579,44959.0
00360036,bending_compression,grefem_none,extra,0.7415583440282648,0.9597058414164236,43873.0
00360036,bending_compression,heuristic,extra,0.7948129213567446,0.9497601887136076,43603.0
00360036,bending_compression,heuristic_sub,extra,0.7948129213567442,0.9497601887136068,43603.0
00360036,bending_compression,zz_oracle,extra,0.1192985551061215,0.8969319815325698,13127.0
00250001,bending_compression,coarse,extra,0.9437386524616036,0.9885191446808426,2847.0
00250001,bending_compression,grefem_max,extra,0.8178472432668723,0.976581419780586,18289.0
00250001,bending_compression,grefem_mid,extra,0.8178472432668723,0.976581419780586,18289.0
00250001,bending_compression,grefem_none,extra,0.8202574356262254,0.9845593154983237,10047.0
00250001,bending_compression,heuristic,extra,0.6961236219365622,0.8780935675945033,19711.0
00250001,bending_compression,heuristic_sub,extra,0.7293686361768952,0.9046316182752324,19717.0
00250001,bending_compression,zz_oracle,extra,0.4246587655299736,0.9434723675477292,12543.0
00800055,bending_compression,coarse,extra,0.9075427614370488,0.9914622840724708,5176.0
00800055,bending_compression,grefem_max,extra,0.7718876866540851,0.984043760285248,34891.0
00800055,bending_compression,grefem_mid,extra,0.6724901922934144,0.9753653894687964,37277.0
00800055,bending_compression,grefem_none,extra,0.5087690360263175,0.9117891604857746,59542.0
00800055,bending_compression,heuristic,extra,0.7256403283306241,0.9813595104770868,32437.0
00800055,bending_compression,heuristic_sub,extra,0.7256403283306241,0.9813595104770868,32437.0
00800055,bending_compression,zz_oracle,extra,0.8019498654915651,0.9718631968058744,35971.0
00230075,bending_compression,coarse,extra,0.8566116408028366,0.9609322460903684,31549.0
00190048,bending_compression,coarse,extra,0.539380115251865,0.8519085906466276,3197.0
00230056,bending_compression,coarse,extra,0.8531379279692362,0.9681451809360168,7101.0
00650041,bending_compression,coarse,extra,0.9137880076508476,0.98398833624513,2244.0
00940092,bending_compression,coarse,extra,0.8435906110767073,0.9542882315887063,7071.0
00870089,bending_compression,coarse,extra,0.8545680270217934,0.9748865434224956,2882.0
00330020,torsion_compression,grefem_max,extra,0.6090331192427693,0.5685307526054243,164404.0
00330020,torsion_compression,grefem_mid,extra,0.6869767238177465,0.7586725854702837,180998.0
00330020,torsion_compression,grefem_none,extra,0.4872832640588894,0.1175660587156812,203648.0
00330020,torsion_compression,heuristic,extra,0.8572993606830887,0.9746466669337736,161886.0
00330020,torsion_compression,heuristic_sub,extra,0.7231618742893624,0.8402134918523811,158899.0
00330020,torsion_compression,zz_oracle,extra,0.3956910278456726,0.7453572902554332,24642.0
00050000,torsion_compression,grefem_max,extra,0.4972164713125723,0.9505562230861174,43608.0
00050000,torsion_compression,grefem_mid,extra,1.114926686040357,0.6738757993100591,52208.0
00050000,torsion_compression,grefem_none,extra,0.3432187318502909,0.7810511124877765,56543.0
00050000,torsion_compression,heuristic,extra,0.4606242172068939,0.458467768740435,44342.0
00050000,torsion_compression,heuristic_sub,extra,0.3824144706702027,0.5209998994699275,44337.0
00050000,torsion_compression,zz_oracle,extra,0.6000409149293577,0.9648992469765544,20827.0
00720048,torsion_compression,grefem_max,extra,0.028050284941951,0.7101768470606762,60725.0
00720048,torsion_compression,grefem_mid,extra,0.5431470712039729,0.5083044832182855,63891.0
00720048,torsion_compression,grefem_none,extra,0.4338669469481543,0.4142085401872337,66833.0
00720048,torsion_compression,heuristic,extra,0.347938611082789,0.2162890620151471,57314.0
00720048,torsion_compression,heuristic_sub,extra,0.347938611082789,0.2162890620151471,57314.0
00720048,torsion_compression,zz_oracle,extra,0.4802145677119926,0.9346612970143864,16756.0
00160091,torsion_compression,grefem_max,extra,0.6561818543737893,0.9018023509102204,46666.0
00160091,torsion_compression,grefem_mid,extra,0.5186336571819307,0.6306391135458631,76533.0
00160091,torsion_compression,grefem_none,extra,0.5345113134916104,0.7697781730353118,198103.0
00160091,torsion_compression,heuristic,extra,0.6756541393023142,0.8651799470625735,44098.0
00160091,torsion_compression,heuristic_sub,extra,0.6497330190744735,0.7155867193242633,45294.0
00160091,torsion_compression,zz_oracle,extra,0.0188498120595529,0.8047277667031587,17067.0
00850016,torsion_compression,grefem_max,extra,0.8647388597028932,0.9662614943433132,2590.0
00850016,torsion_compression,grefem_mid,extra,0.7126705656067195,0.9653082809456772,5324.0
00850016,torsion_compression,grefem_none,extra,0.6788021825803978,0.9271021924492576,6235.0
00850016,torsion_compression,heuristic,extra,0.8647388597028932,0.9662614943433132,2590.0
00850016,torsion_compression,heuristic_sub,extra,0.8647388597028932,0.9662614943433132,2590.0
00850016,torsion_compression,zz_oracle,extra,0.8524377652833054,0.9641389113954056,2822.0
00140054,torsion_compression,grefem_max,extra,0.6574069422244507,0.975531067283633,37471.0
00140054,torsion_compression,grefem_mid,extra,0.2749642889361742,0.6681477344438297,58228.0
00140054,torsion_compression,grefem_none,extra,0.4505468852252069,0.8326461717306866,53902.0
00140054,torsion_compression,heuristic,extra,0.2984870216640811,0.8340931216053942,36670.0
00140054,torsion_compression,heuristic_sub,extra,0.2984870216640811,0.8340931216053942,36670.0
00140054,torsion_compression,zz_oracle,extra,0.6312894931371886,0.9439248379074644,34786.0
00480008,torsion_compression,grefem_max,extra,0.6464106628584136,0.9496837292226824,20699.0
00480008,torsion_compression,grefem_mid,extra,0.7663875115580124,0.9695794300652772,19053.0
00480008,torsion_compression,grefem_none,extra,0.7313786800358747,0.9864895610360755,20546.0
00480008,torsion_compression,heuristic,extra,0.8461575193974024,0.9710795951894344,19625.0
00480008,torsion_compression,heuristic_sub,extra,0.8461575193974024,0.9710795951894344,19625.0
00480008,torsion_compression,zz_oracle,extra,0.8724859950515784,0.9942640449337532,19366.0
00910047,torsion_compression,grefem_max,extra,0.7226597069003438,0.8911143385221284,61484.0
00910047,torsion_compression,grefem_mid,extra,0.6725173558751291,0.8862560195136744,58948.0
00910047,torsion_compression,grefem_none,extra,0.7195987280322482,0.9219404936690216,57984.0
00910047,torsion_compression,heuristic,extra,0.6383002371004635,0.8838832796950464,61384.0
00910047,torsion_compression,heuristic_sub,extra,0.6383002371004635,0.8838832796950464,61384.0
00910047,torsion_compression,zz_oracle,extra,0.818762378879754,0.9737575845510014,56936.0
00710039,torsion_compression,grefem_max,extra,1.9723405064025767,3.21126228746146,44885.0
00710039,torsion_compression,grefem_mid,extra,3.103236701040601,5.952901195722839,52661.0
00710039,torsion_compression,grefem_none,extra,0.5304596709379255,0.8478009396923265,52602.0
00710039,torsion_compression,heuristic,extra,0.5424130911603499,0.0080046263118814,46513.0
00710039,torsion_compression,heuristic_sub,extra,0.5424130911603499,0.0080046263118814,46513.0
00710039,torsion_compression,zz_oracle,extra,1.9457424895520488,2.657700944415617,42226.0
00750000,torsion_compression,grefem_max,extra,0.5500917252964675,0.9668414653380556,23613.0
00750000,torsion_compression,grefem_mid,extra,0.7521401463713672,0.9525798382248424,92010.0
00750000,torsion_compression,grefem_none,extra,0.566913843900484,0.952356483050948,34024.0
00750000,torsion_compression,heuristic,extra,0.8845007990801592,0.980874581089201,22388.0
00750000,torsion_compression,heuristic_sub,extra,0.808881370474755,0.9465976184783098,22421.0
00750000,torsion_compression,zz_oracle,extra,0.6066729219722623,0.9290931242577436,22882.0
00330020,torsion_compression,coarse,extra,0.8948561614872984,0.9609659839260268,2906.0
00050000,torsion_compression,coarse,extra,0.126860553664717,0.8566855413157666,3824.0
00770080,torsion_compression,coarse,extra,0.9584872445168148,0.9972895277699056,4446.0
00770080,torsion_compression,grefem_max,extra,0.3977522914883534,0.8608937307805913,89225.0
00770080,torsion_compression,grefem_mid,extra,0.7643077961980738,0.9830113116825128,95466.0
00770080,torsion_compression,grefem_none,extra,0.805095531481407,0.9800494414143346,117585.0
00770080,torsion_compression,heuristic,extra,0.7746817928532052,0.9570601895823136,83926.0
00770080,torsion_compression,heuristic_sub,extra,0.3829503784082175,0.5956154475388574,83914.0
00770080,torsion_compression,zz_oracle,extra,0.515482460975572,0.941770672690098,28973.0
00740023,torsion_compression,coarse,extra,0.823195714130401,0.976269909685314,2649.0
00740023,torsion_compression,grefem_max,extra,0.7093210662372235,0.927376760901138,61358.0
00740023,torsion_compression,grefem_mid,extra,0.5374746168283765,0.7726543258184226,55745.0
00740023,torsion_compression,grefem_none,extra,0.5887851676455919,0.8319586316552345,50846.0
00740023,torsion_compression,heuristic,extra,0.559610074396443,0.8194615339019887,56935.0
00740023,torsion_compression,heuristic_sub,extra,0.559610074396443,0.8194615339019887,56935.0
00740023,torsion_compression,zz_oracle,extra,0.5438827564009113,0.9696902230475616,18038.0
00650012,torsion_compression,coarse,extra,0.9192059032640256,0.9934619003077604,2555.0
00270002,torsion_compression,coarse,extra,0.7639248152473692,0.9665638067309208,7224.0
00890073,torsion_compression,coarse,extra,0.8512764782312304,0.9184205348604894,4729.0
00300090,torsion_compression,coarse,extra,0.8985431265691217,0.995806427447044,5655.0
00860049,torsion_compression,coarse,extra,0.9516204553354116,0.9981021836767876,2206.0
00860049,torsion_compression,grefem_max,extra,0.9100687471728142,0.9763542664279324,24112.0
00860049,torsion_compression,grefem_mid,extra,0.6078410103345603,0.8855519615796388,46876.0
00860049,torsion_compression,grefem_none,extra,0.6699419200224247,0.9438536995815552,47018.0
00860049,torsion_compression,heuristic,extra,0.8791984403759282,0.9657820716233082,12312.0
00860049,torsion_compression,heuristic_sub,extra,0.8791984403759282,0.9657820716233082,12312.0
00860049,torsion_compression,zz_oracle,extra,0.2570059680003744,0.7631928190838496,22876.0
00800032,torsion_compression,coarse,extra,0.8656929697328182,0.9603640588964468,2054.0
00410062,torsion_compression,coarse,extra,0.4868610312813754,0.849479264775006,5643.0
00830083,torsion_compression,coarse,extra,0.6960557778667482,0.8052723666736628,3101.0
00360058,torsion_compression,coarse,extra,0.8733484772667454,0.9422996906019852,2636.0
00760084,torsion_compression,coarse,extra,0.697982413419539,0.7733864383847641,4818.0
00410074,torsion_compression,coarse,extra,0.8616722050816715,0.9874078566148928,2177.0
00260088,bending,coarse,extra,0.9552356441013878,0.9976828644066008,13108.0
00260088,bending,grefem_max,extra,0.9606077672320076,0.9968607151291996,51767.0
00260088,bending,grefem_mid,extra,0.9603574678060628,0.9967865619302628,51767.0
00260088,bending,grefem_none,extra,0.4389294717011505,0.7297289063947695,154509.0
00260088,bending,heuristic,extra,0.9568844266880312,0.9966509663240434,48454.0
00260088,bending,heuristic_sub,extra,0.95689742089467,0.9966509057961944,48454.0
00260088,bending,zz_oracle,extra,0.8320026255068574,0.9604899668367992,48149.0
00860010,bending,grefem_max,extra,0.7043329344452345,0.9598253634782092,29116.0
00860010,bending,grefem_mid,extra,0.6461358326650521,0.91046343853011,99485.0
00860010,bending,grefem_none,extra,0.5568641614679111,0.922398975938776,62795.0
00860010,bending,heuristic,extra,0.7225130326191875,0.9436592351429686,27987.0
00860010,bending,heuristic_sub,extra,0.8439219524851705,0.9879828053646994,27140.0
00860010,bending,zz_oracle,extra,0.6792694417061983,0.970014196553582,27449.0
00240056,bending,grefem_max,extra,0.7382645862129705,0.9880742372010042,7770.0
00240056,bending,grefem_mid,extra,0.2268601747068221,0.7401871209396468,18566.0
00240056,bending,grefem_none,extra,0.2370031694414359,0.2413367623032996,96596.0
00240056,bending,heuristic,extra,0.5588730337829176,0.9868631767186254,7442.0
00240056,bending,heuristic_sub,extra,0.5588730337829176,0.9868631767186254,7442.0
00240056,bending,zz_oracle,extra,0.4922769698544066,0.956417766809212,8133.0
00380054,bending,grefem_max,extra,0.6675592219276097,0.957545475205272,25924.0
00380054,bending,grefem_mid,extra,0.523263679537241,0.8145165087796599,35662.0
00380054,bending,grefem_none,extra,0.4652465662433186,0.8990071476110056,41185.0
00380054,bending,heuristic,extra,0.5094500094232942,0.8763487117869037,27506.0
00380054,bending,heuristic_sub,extra,0.585176635014305,0.9379797039258306,27203.0
00380054,bending,zz_oracle,extra,0.3188442956537861,0.8532817048182371,23875.0
00840052,bending,grefem_max,extra,0.7723960836153817,0.9579401291463262,14859.0
00840052,bending,grefem_mid,extra,0.7723960836153817,0.9579401291463262,14859.0
00840052,bending,grefem_none,extra,0.7723960836153817,0.9579401291463262,14859.0
00840052,bending,heuristic,extra,0.8527940262490985,0.9875063047234454,16282.0
00840052,bending,heuristic_sub,extra,0.7362550935040318,0.907599210859222,14704.0
00840052,bending,zz_oracle,extra,0.8043774367306917,0.9394734685844816,16141.0
00720000,bending,grefem_max,extra,0.8408309752373947,0.981435448766778,6731.0
00720000,bending,grefem_mid,extra,0.8408309752373947,0.981435448766778,6731.0
00720000,bending,grefem_none,extra,0.8408309752373947,0.981435448766778,6731.0
00720000,bending,heuristic,extra,0.8408309752373947,0.981435448766778,6731.0
00720000,bending,heuristic_sub,extra,0.8408309752373947,0.981435448766778,6731.0
00720000,bending,zz_oracle,extra,0.8408309752373947,0.981435448766778,6731.0
00650066,bending,grefem_max,extra,0.7332552741755417,0.9030208421491844,56654.0
00650066,bending,grefem_mid,extra,0.6918106053918117,0.8240159223156736,65476.0
00650066,bending,grefem_none,extra,0.7170914247233408,0.8853630182920225,60305.0
00650066,bending,heuristic,extra,0.5432775774082107,0.7283820449699353,53360.0
00650066,bending,heuristic_sub,extra,0.5432775774082107,0.7283820449699353,53360.0
00650066,bending,zz_oracle,extra,0.5291640279823365,0.8866174364824049,52085.0
00190048,bending,grefem_max,extra,0.669688719340931,0.8285000813718963,21450.0
00190048,bending,grefem_mid,extra,0.642528384133642,0.7795831927197641,26968.0
00190048,bending,grefem_none,extra,0.3968567230909767,0.4510454650033658,30439.0
00190048,bending,heuristic,extra,0.4763100095819259,0.6822617428313257,19728.0
00190048,bending,heuristic_sub,extra,0.4763100095819259,0.6822617428313257,19728.0
00190048,bending,zz_oracle,extra,0.4409314082714695,0.5978159824828123,11009.0
00230056,bending,grefem_max,extra,0.4961873113121229,0.7954009875198781,70511.0
00230056,bending,grefem_mid,extra,0.5312444881305195,0.8150302519514686,71131.0
00230056,bending,grefem_none,extra,0.7419898464078397,0.9483443397952422,67969.0
00230056,bending,heuristic,extra,0.4491284508655911,0.8483713646161034,72054.0
00230056,bending,heuristic_sub,extra,0.4491284508655911,0.8483713646161034,72054.0
00230056,bending,zz_oracle,extra,0.0380299353398782,0.8208962067748184,51371.0
00650041,bending,grefem_max,extra,0.8989297032152803,0.9930689674777904,61813.0
00650041,bending,grefem_mid,extra,0.8989297032152803,0.9930689674777904,61813.0
00650041,bending,grefem_none,extra,0.9240057342479516,0.9950970019063125,62210.0
00650041,bending,heuristic,extra,0.9047146970563822,0.987751458378656,59491.0
00650041,bending,heuristic_sub,extra,0.9047146970563822,0.987751458378656,59491.0
00650041,bending,zz_oracle,extra,0.925498038651822,0.9947385538201308,58242.0
00940092,bending,grefem_max,extra,0.7992546031021486,0.9809686661265276,55454.0
00940092,bending,grefem_mid,extra,0.7292237535790622,0.8916382106393739,173456.0
00940092,bending,grefem_none,extra,0.612976086357073,0.8381438623680679,176114.0
00940092,bending,heuristic,extra,0.7046121642205685,0.917848056877538,57592.0
00940092,bending,heuristic_sub,extra,0.7046121642205685,0.917848056877538,57592.0
00940092,bending,zz_oracle,extra,0.8458398098905411,0.9886997422981162,51507.0
00870089,bending,grefem_max,extra,0.6539361898536246,0.8651226351315457,27070.0
00870089,bending,grefem_mid,extra,0.1694682345498483,0.3319616560437998,30300.0
00870089,bending,grefem_none,extra,0.1662683450544551,0.7211179249751445,53970.0
00870089,bending,heuristic,extra,0.7236714679026609,0.9171126684732244,26290.0
00870089,bending,heuristic_sub,extra,0.7236714679026609,0.9171126684732244,26290.0
00870089,bending,zz_oracle,extra,0.639821802004988,0.9703555125777068,16691.0
00860010,bending,coarse,extra,0.935094111881256,0.9981182556520802,2326.0
00240056,bending,coarse,extra,0.5103197347295996,0.630637302807719,4458.0
00790071,bending,coarse,extra,0.3454305572826198,0.9797450063886088,6036.0
00790071,bending,grefem_max,extra,0.5371944605897158,0.7857066644385688,88047.0
00790071,bending,grefem_mid,extra,0.4823187935719428,0.8905988178353587,108236.0
00790071,bending,grefem_none,extra,0.8491006747546943,0.9874801429891495,94092.0
00790071,bending,heuristic,extra,0.6426974138752901,0.9560507863459105,72980.0
00790071,bending,heuristic_sub,extra,0.7852161233040947,0.9846954299066808,68295.0
00790071,bending,zz_oracle,extra,0.4859337540512116,0.917364756826129,82256.0
00450037,bending,coarse,extra,0.843476712871087,0.9372049932517392,2679.0
00450037,bending,grefem_max,extra,0.6834179706610611,0.8425202809765192,10626.0
00450037,bending,grefem_mid,extra,0.4819985152333654,0.0287193971012421,13227.0
00450037,bending,grefem_none,extra,0.4819985152333654,0.0287193971012421,13227.0
00450037,bending,heuristic,extra,0.5007422011281953,0.4177437372396447,10255.0
00450037,bending,heuristic_sub,extra,0.5007422011281953,0.4177437372396447,10255.0
00450037,bending,zz_oracle,extra,0.6074986720223908,0.7804123254064058,9661.0
00610003,bending,coarse,extra,0.9339351661690236,0.996749643156498,1507.0
00610003,bending,grefem_max,extra,0.9120186506780844,0.9964836157639472,1679.0
00610003,bending,grefem_mid,extra,0.9120186506780844,0.9964836157639472,1679.0
00610003,bending,grefem_none,extra,0.8264297867701801,0.9913957403012564,3714.0
00610003,bending,heuristic,extra,0.9120186506780844,0.9964836157639472,1679.0
00610003,bending,heuristic_sub,extra,0.9120186506780844,0.9964836157639472,1679.0
00610003,bending,zz_oracle,extra,0.8856311634518479,0.9872558960127216,1751.0
00450004,bending,coarse,extra,0.8042567501183736,0.967333880463413,3103.0
00450004,bending,grefem_max,extra,0.3483334708880548,0.7326812439028909,43963.0
00450004,bending,grefem_mid,extra,0.6044186722014423,0.96163120440978,46296.0
00450004,bending,grefem_none,extra,0.2782811239951619,0.6525452063927544,55743.0
00450004,bending,heuristic,extra,0.3648500219599204,0.78534551127599,45527.0
00450004,bending,heuristic_sub,extra,0.3802688663915061,0.7670691115495172,45063.0
00450004,bending,zz_oracle,extra,0.2449805940459185,0.7427686282432561,39976.0
00010055,bending,coarse,extra,0.8331857536097844,0.9871726902918914,4498.0
00010055,bending,grefem_max,extra,0.5410533460224025,0.6209543118023957,69708.0
00010055,bending,grefem_mid,extra,0.5410533460223992,0.620954311802392,69708.0
00010055,bending,grefem_none,extra,0.6712667647290189,0.8312860066656595,88100.0
00010055,bending,heuristic,extra,0.5451867648109038,0.5719616762837871,69232.0
00010055,bending,heuristic_sub,extra,0.7825155282829775,0.9538088465505548,76171.0
00010055,bending,zz_oracle,extra,0.6765254732785004,0.8795119910808822,68119.0
00720092,bending,coarse,extra,0.8719313853861387,0.9806862506311268,2440.0
00720092,bending,grefem_max,extra,0.8070280891030985,0.9616532206436824,5368.0
00720092,bending,grefem_mid,extra,0.8070280891030985,0.9616532206436824,5368.0
00720092,bending,grefem_none,extra,0.8070280891030985,0.9616532206436824,5368.0
00720092,bending,heuristic,extra,0.8070280891030985,0.9616532206436824,5368.0
00720092,bending,heuristic_sub,extra,0.8070280891030985,0.9616532206436824,5368.0
00720092,bending,zz_oracle,extra,0.8070280891030985,0.9616532206436824,5368.0
00060017,bending,coarse,extra,0.7509827252172917,0.9020964181571174,4954.0
00660049,bending,coarse,extra,0.8670607259406508,0.9863847115859904,3315.0
00360088,bending,coarse,extra,0.7494629150858663,0.9620666625617836,4159.0
00180018,bending,coarse,extra,5.792355601698052,0.1411344678335878,5662.0
00170011,bending,coarse,extra,0.4547681251331616,0.8118873000243694,3151.0
00380031,bending,coarse,extra,0.6698500204531618,0.670726500863275,3814.0
00250069,bending,coarse,extra,0.9338969920210318,0.9937370320710318,3656.0
00250069,bending,grefem_max,extra,0.8346884394360947,0.9746036793469176,50275.0
00250069,bending,grefem_mid,extra,0.627777376752327,0.8846582184810416,69176.0
00250069,bending,grefem_none,extra,0.6934722681506282,0.902115496894462,93074.0
00250069,bending,heuristic,extra,0.7838549183959553,0.9778521189817868,45868.0
00250069,bending,heuristic_sub,extra,0.7838549183959553,0.9778521189817868,45868.0
00250069,bending,zz_oracle,extra,0.8235593208986862,0.9659596480992728,46722.0
00060002,bending,coarse,extra,0.6886460588364364,0.9052627750617152,4393.0
00060002,bending,grefem_max,extra,0.8666330185649989,0.9733014096262592,10504.0
00060002,bending,grefem_mid,extra,0.8666330185649989,0.9733014096262592,10504.0
00060002,bending,grefem_none,extra,0.8666330185649989,0.9733014096262592,10504.0
00060002,bending,heuristic,extra,0.8666330185649989,0.9733014096262592,10504.0
00060002,bending,heuristic_sub,extra,0.8666330185649989,0.9733014096262592,10504.0
00060002,bending,zz_oracle,extra,0.8666330185649989,0.9733014096262592,10504.0
00410072,bending,coarse,extra,0.8124993089997242,0.9912147227136424,2862.0
00410072,bending,grefem_max,extra,0.9627978909776188,0.9993098807228392,79821.0
00410072,bending,grefem_mid,extra,0.726050709382444,0.9660381283325244,82900.0
00410072,bending,grefem_none,extra,0.7038251775936997,0.9538208958637496,89529.0
00410072,bending,heuristic,extra,0.8352858300991503,0.9925281911059886,84915.0
00410072,bending,heuristic_sub,extra,0.7361396149340459,0.9729161135431124,84692.0
00410072,bending,zz_oracle,extra,0.7205153613438176,0.9605453114087864,79572.0
00250013,bending,coarse,extra,0.7035939649893451,0.9521819434889488,4903.0
00250013,bending,grefem_max,extra,0.6174764943558734,0.8194244910326014,90776.0
00250013,bending,grefem_mid,extra,0.6479578833797297,0.9254889813456372,89885.0
00250013,bending,grefem_none,extra,0.6565500085718232,0.861941351195581,97722.0
00250013,bending,heuristic,extra,0.4641704141091696,0.6725453023044841,91306.0
00250013,bending,heuristic_sub,extra,0.6515054545252232,0.8825962713282755,91159.0
00250013,bending,zz_oracle,extra,0.2419409684340794,0.7948881341749083,72321.0
00640087,bending,coarse,extra,0.719831972841582,0.9647239569699172,5534.0
00640087,bending,grefem_max,extra,0.7506296176353969,0.9506263600906758,21580.0
00640087,bending,grefem_mid,extra,0.7506296176353969,0.9506263600906758,21580.0
00640087,bending,grefem_none,extra,0.7506296176353969,0.9506263600906758,21580.0
00640087,bending,heuristic,extra,0.7506296176353969,0.9506263600906758,21580.0
00640087,bending,heuristic_sub,extra,0.7506296176353969,0.9506263600906758,21580.0
00640087,bending,zz_oracle,extra,0.7506296176353969,0.9506263600906758,21580.0
00550073,bending,coarse,extra,0.9342151923365708,0.9957893408547616,3042.0
00550073,bending,grefem_max,extra,0.5827557792408623,0.8340634849741919,56175.0
00550073,bending,grefem_mid,extra,0.643717780086935,0.9596158017217188,17600.0
00550073,bending,grefem_none,extra,0.7830390566501245,0.9615967580571002,56939.0
00550073,bending,heuristic,extra,0.4028772539273542,0.7278483752925945,54805.0
00550073,bending,heuristic_sub,extra,0.4028772539273542,0.7278483752925945,54805.0
00550073,bending,zz_oracle,extra,0.5500976402644058,0.8623451391621582,50695.0
00860099,bending,coarse,extra,0.949411069998732,0.9989224512975964,1914.0
00860099,bending,grefem_max,extra,0.8323267353064947,0.990669580621151,34529.0
00860099,bending,grefem_mid,extra,0.7990127292651527,0.963082463051787,35861.0
00860099,bending,grefem_none,extra,0.7766422789303082,0.9593165934956508,60679.0
00860099,bending,heuristic,extra,0.7866333190915039,0.9667565040306252,35242.0
00860099,bending,heuristic_sub,extra,0.8062730625166692,0.9816263574964263,34259.0
00860099,bending,zz_oracle,extra,0.7974714842027133,0.981003542623928,36643.0
00690084,compression,grefem_max,extra,0.7295214774904016,0.9526763097316489,12629.0
00690084,compression,grefem_mid,extra,0.7543554117675197,0.97313234446622,13933.0
00690084,compression,grefem_none,extra,0.7000554556974568,0.9456322528298324,18302.0
00690084,compression,heuristic,extra,0.9390580105429546,0.9958337236894296,13810.0
00690084,compression,heuristic_sub,extra,0.8480787049139299,0.9679510663838722,13413.0
00690084,compression,zz_oracle,extra,0.6914852306418774,0.940517690741976,11395.0
00470088,compression,grefem_max,extra,0.5608975399495778,0.7383992914597902,101789.0
00470088,compression,grefem_mid,extra,0.6760979027526955,0.9059419314921784,102190.0
00470088,compression,grefem_none,extra,0.6580769150358119,0.8849063475104146,102729.0
00470088,compression,heuristic,extra,0.7952147226867823,0.9581075469036168,96522.0
00470088,compression,heuristic_sub,extra,0.7952147226867823,0.9581075469036168,96522.0
00470088,compression,zz_oracle,extra,0.6354161732898712,0.9335622416515452,92877.0
00360014,compression,grefem_max,extra,0.4963758072284522,0.7859066704890549,155672.0
00360014,compression,grefem_mid,extra,0.5600170231730882,0.8005806893588615,150869.0
00360014,compression,grefem_none,extra,0.6018809028475344,0.8266597655448544,163071.0
00360014,compression,heuristic,extra,0.4761003250487514,0.7485312030900667,145580.0
00360014,compression,heuristic_sub,extra,0.4761003250487514,0.7485312030900667,145580.0
00360014,compression,zz_oracle,extra,0.5946589583634839,0.8841818720891397,157745.0
00870050,compression,grefem_max,extra,0.9557479818057408,0.9971251644575122,19519.0
00870050,compression,grefem_mid,extra,0.7179530464695564,0.9933719155500256,22022.0
00870050,compression,grefem_none,extra,0.6490978512150324,0.8808871320893183,132055.0
00870050,compression,heuristic,extra,0.8724572531624675,0.9885916507356136,20080.0
00870050,compression,heuristic_sub,extra,0.8507085201246559,0.986463742996964,20118.0
00870050,compression,zz_oracle,extra,0.706476945965798,0.9835856897302592,18107.0
00140014,compression,grefem_max,extra,0.7993054567448078,0.950798514289578,50360.0
00140014,compression,grefem_mid,extra,0.7993054567448078,0.950798514289578,50360.0
00140014,compression,grefem_none,extra,0.7993054567448078,0.950798514289578,50360.0
00140014,compression,heuristic,extra,0.8048615520501979,0.9265950308165242,49493.0
00140014,compression,heuristic_sub,extra,0.7721406768178695,0.9095737958961012,47968.0
00140014,compression,zz_oracle,extra,0.7707430010361092,0.9304169552497212,47228.0
00320057,compression,grefem_max,extra,0.7984517953731015,0.9667997775311408,304478.0
00320057,compression,grefem_mid,extra,0.5430728736117382,0.8473995451889647,264577.0
00320057,compression,grefem_none,extra,0.5728840728925865,0.7811002869164955,360590.0
00320057,compression,heuristic,extra,0.4650124213876371,0.7644281253189432,311972.0
00320057,compression,heuristic_sub,extra,0.3467513405184353,0.5239371646334644,299602.0
00320057,compression,zz_oracle,extra,0.6346896304142877,0.9557688836554602,258242.0
00700046,compression,grefem_max,extra,0.5037065882188663,0.9220461261544473,10195.0
00700046,compression,grefem_mid,extra,0.8799159574610257,0.9941050033091888,12702.0
00700046,compression,grefem_none,extra,0.7965244239528442,0.9743377265012554,58786.0
00700046,compression,heuristic,extra,0.9591758532529776,0.997379267879261,10196.0
00700046,compression,heuristic_sub,extra,0.9655076208974304,0.9974867405654346,10937.0
00700046,compression,zz_oracle,extra,0.8132662370421159,0.9898510568792872,10391.0
00400099,compression,grefem_max,extra,0.5593256599525889,0.8854092709565098,98663.0
00400099,compression,grefem_mid,extra,0.4877007334710025,0.828072000746357,115670.0
00400099,compression,grefem_none,extra,0.437203661657861,0.6563327458637852,203301.0
00400099,compression,heuristic,extra,0.1860844420061481,0.5884190288045309,97193.0
00400099,compression,heuristic_sub,extra,0.1860844420061481,0.5884190288045309,97193.0
00400099,compression,zz_oracle,extra,0.1794495476320473,0.7793815982315043,42728.0
00650000,compression,grefem_max,extra,0.848058603743567,0.9682448154543546,93724.0
00650000,compression,grefem_mid,extra,0.95744894682777,0.9953666841817288,95002.0
00650000,compression,grefem_none,extra,0.4373125304819806,0.7463272858499204,226215.0
00650000,compression,heuristic,extra,0.7937661693362428,0.9656728293107464,53512.0
00650000,compression,heuristic_sub,extra,0.7937661693362428,0.9656728293107464,53512.0
00650000,compression,zz_oracle,extra,0.9296741395966032,0.9931843779353056,85770.0
00690084,compression,coarse,extra,0.9085270071648504,0.9966956589548503,1618.0
00530022,compression,coarse,extra,0.8455850911254335,0.9512005817178584,2739.0
00290076,compression,coarse,extra,0.8415122337801895,0.9871590482696438,3850.0
00240090,compression,coarse,extra,0.6066231705495948,0.8586968116382042,8246.0
00570009,compression,coarse,extra,0.3496556286266451,0.9507794959573026,18192.0
00100065,compression,coarse,extra,0.2569513276531751,0.991791353889648,12679.0
00230055,compression,coarse,extra,0.8405572418330356,0.9816452673396444,7296.0
00200078,compression,coarse,extra,0.5052690007297552,0.3561790853611488,8288.0
00080038,compression,coarse,extra,0.8701937599540465,0.9963893134221148,2225.0
00420062,compression,coarse,extra,0.7920364223349675,0.9871719732561698,2187.0
00030059,compression,coarse,extra,0.8561445674901647,0.8493253771661249,4046.0
00380012,compression,coarse,extra,0.9646199534203944,0.9976453862164864,2095.0
00820090,compression,coarse,extra,0.7758116615469509,0.961424874885794,3692.0
00820090,compression,grefem_max,extra,0.4383886721906382,0.1269695005794066,70812.0
00820090,compression,grefem_mid,extra,0.4676708792002103,0.6243210200596007,67017.0
00820090,compression,grefem_none,extra,0.5332020882589411,0.7392167604562887,69752.0
00820090,compression,heuristic,extra,0.5546542472212861,0.6873741926934042,73635.0
00820090,compression,heuristic_sub,extra,0.5302868938188989,0.6779875174752883,71156.0
00820090,compression,zz_oracle,extra,0.4764728819670576,0.6693559960666015,68250.0
00830028,compression,coarse,extra,0.904777019290546,0.9829061058567984,2595.0
00640016,compression,coarse,extra,0.9503750041301186,0.9935969831210072,3911.0
00470075,compression,coarse,extra,0.940369936283288,0.9907288833196048,3007.0
00890055,compression,coarse,extra,0.719815490271349,0.9391455279848724,4105.0
00300036,bending,coarse,extra,0.8235841147799967,0.9788672705727778,2322.0
00300036,bending,grefem_max,extra,0.8147537352245482,0.9644265639708688,12915.0
00300036,bending,grefem_mid,extra,0.7154187682381873,0.9765886607204024,20455.0
00300036,bending,grefem_none,extra,0.2238630669963181,0.5985133195620942,33621.0
00300036,bending,heuristic,extra,0.4073778545369544,0.7257428330713378,13088.0
00300036,bending,heuristic_sub,extra,0.6400608826871442,0.9083975055307186,12458.0
00300036,bending,zz_oracle,extra,0.7575223375939294,0.9698626517602584,7898.0
00140014,bending,coarse,extra,0.9084130856172624,0.9922645886860408,2300.0
00710039,bending_compression,coarse,extra,0.8142019268967275,0.8144619756293715,3714.0
00750000,bending_compression,coarse,extra,0.8829654852080241,0.9798591559107862,2282.0
00760084,bending_compression,coarse,extra,0.7264520855335002,0.7925655667904858,4818.0
00690084,bending_compression,grefem_max,extra,0.6527958696356516,0.9427736576058195,13113.0
00690084,bending_compression,grefem_mid,extra,0.6400505794889007,0.9306501975527428,13131.0
00690084,bending_compression,grefem_none,extra,0.7287811953371517,0.980120281400902,16607.0
00690084,bending_compression,heuristic,extra,0.8417373744874435,0.953899225213842,14276.0
00690084,bending_compression,heuristic_sub,extra,0.8030954268806619,0.9244827794911308,13850.0
00690084,bending_compression,zz_oracle,extra,0.794151966972745,0.9886369857116633,6210.0
00570051,bending_compression,grefem_max,extra,0.9127279028132528,0.9961610401048472,11369.0
00570051,bending_compression,grefem_mid,extra,0.9053599419407852,0.9982334862351934,9730.0
00570051,bending_compression,grefem_none,extra,0.933992506060525,0.9989795015305998,10097.0
00570051,bending_compression,heuristic,extra,0.9369767736766677,0.9994531662065148,8710.0
00570051,bending_compression,heuristic_sub,extra,0.9369767736766677,0.9994531662065148,8710.0
00570051,bending_compression,zz_oracle,extra,0.9494258520860408,0.9989656963608368,7831.0
00470088,bending_compression,grefem_max,extra,0.4862766462002229,0.7393763989597137,91296.0
00470088,bending_compression,grefem_mid,extra,0.4689185537521061,0.8518790583580126,94832.0
00470088,bending_compression,grefem_none,extra,0.3730263804937537,0.6544513866644609,113441.0
00470088,bending_compression,heuristic,extra,0.7527031574987122,0.9240772832951072,96522.0
00470088,bending_compression,heuristic_sub,extra,0.7527031574987122,0.9240772832951072,96522.0
00470088,bending_compression,zz_oracle,extra,0.401086383321916,0.7365705631175465,51602.0
00160031,bending_compression,grefem_max,extra,0.5819949577555603,0.8814683607261815,18208.0
00160031,bending_compression,grefem_mid,extra,0.5562983510235525,0.8921962973159763,19867.0
00160031,bending_compression,grefem_none,extra,0.4085024818393161,0.7980195022708623,22834.0
00160031,bending_compression,heuristic,extra,0.5138264996697701,0.7867257315942141,16537.0
00160031,bending_compression,heuristic_sub,extra,0.6984064940888051,0.9592938343371616,16733.0
00160031,bending_compression,zz_oracle,extra,0.5125586414763327,0.8345200750568722,16418.0
00550067,bending_compression,grefem_max,extra,0.596503217888541,0.8082876785374234,63278.0
00550067,bending_compression,grefem_mid,extra,0.596503217888541,0.8082876785374234,63278.0
00550067,bending_compression,grefem_none,extra,0.6756667522217693,0.8916131833805874,63264.0
00550067,bending_compression,heuristic,extra,0.4064266988026275,0.7835565825344474,58671.0
00550067,bending_compression,heuristic_sub,extra,0.4064266988026275,0.7835565825344474,58671.0
00550067,bending_compression,zz_oracle,extra,0.4321597726401337,0.7709631425802251,59039.0
00380080,bending_compression,grefem_max,extra,0.4892909566013342,0.8913164328329627,89992.0
00380080,bending_compression,grefem_mid,extra,0.6011195058416343,0.921583032861218,82781.0
00380080,bending_compression,grefem_none,extra,0.5291289369795329,0.9112304795709032,98835.0
00380080,bending_compression,heuristic,extra,0.3932626750509329,0.8594475174782334,88715.0
00380080,bending_compression,heuristic_sub,extra,0.4642175423904383,0.898713981383572,89926.0
00380080,bending_compression,zz_oracle,extra,0.4973939576133511,0.8663816445785074,84478.0
00360014,bending_compression,grefem_max,extra,0.7874107327290483,0.9577633725021646,136765.0
00360014,bending_compression,grefem_mid,extra,0.7924294103462468,0.9382493741829798,151333.0
00360014,bending_compression,grefem_none,extra,0.7312989129082378,0.908997081349606,163071.0
00360014,bending_compression,heuristic,extra,0.7672295924241851,0.9609368612016478,145580.0
00360014,bending_compression,heuristic_sub,extra,0.7672295924241851,0.9609368612016478,145580.0
00360014,bending_compression,zz_oracle,extra,0.2340577522091667,0.5691854148495217,34154.0
00870050,bending_compression,grefem_max,extra,0.5449572595910639,0.9426164355070984,73154.0
00870050,bending_compression,grefem_mid,extra,0.4796666802314764,0.8972096161756606,73389.0
00870050,bending_compression,grefem_none,extra,0.4538189085761355,0.8176644091800247,132417.0
00870050,bending_compression,heuristic,extra,0.3372067268325218,0.5309577167438376,69507.0
00870050,bending_compression,heuristic_sub,extra,0.550409053552992,0.8580160293077524,70108.0
00870050,bending_compression,zz_oracle,extra,0.009863597458276,0.7918604009006769,25714.0
00140014,bending_compression,grefem_max,extra,0.794527341725676,0.957133840446973,50360.0
00140014,bending_compression,grefem_mid,extra,0.794527341725676,0.957133840446973,50360.0
00140014,bending_compression,grefem_none,extra,0.794527341725676,0.957133840446973,50360.0
00140014,bending_compression,heuristic,extra,0.8993206689726695,0.9830715822854716,49493.0
00140014,bending_compression,heuristic_sub,extra,0.7747668232644607,0.9408822174657144,47968.0
00140014,bending_compression,zz_oracle,extra,0.7504451625510481,0.922658735551068,47228.0
00320057,bending_compression,grefem_max,extra,0.0116835505089963,0.0193747415589479,228619.0
00320057,bending_compression,grefem_mid,extra,0.8135024949464323,0.9678341930840484,313123.0
00320057,bending_compression,grefem_none,extra,0.0998412671695912,0.0877614899692429,360590.0
00320057,bending_compression,heuristic,extra,0.3460462737161182,0.7326168861377709,233017.0
00320057,bending_compression,heuristic_sub,extra,0.2678791438199305,0.6199234570785539,240495.0
00320057,bending_compression,zz_oracle,extra,0.0145886986941621,0.7478787371025181,204920.0
00700046,bending_compression,grefem_max,extra,0.6214522989743294,0.8952774200669283,27689.0
00700046,bending_compression,grefem_mid,extra,0.5624957743026038,0.8840365493510044,49298.0
00700046,bending_compression,grefem_none,extra,0.5006995210692777,0.851495294520229,10901.0
00700046,bending_compression,heuristic,extra,0.6949834028632469,0.877605853477952,29705.0
00700046,bending_compression,heuristic_sub,extra,0.6910233980153097,0.8793798134959762,29848.0
00700046,bending_compression,zz_oracle,extra,0.5539991809946404,0.9647944718998372,25475.0
00400099,bending_compression,grefem_max,extra,0.3065664889412041,0.8259881398804929,138214.0
00400099,bending_compression,grefem_mid,extra,0.3318186977557646,0.8074794501522095,137464.0
00400099,bending_compression,grefem_none,extra,0.6367373973102541,0.9322165778482598,139372.0
00400099,bending_compression,heuristic,extra,0.7596142084847014,0.9443794095689568,143729.0
00400099,bending_compression,heuristic_sub,extra,0.7596142084847014,0.9443794095689568,143729.0
00400099,bending_compression,zz_oracle,extra,0.2978426155343542,0.7377464745403218,69938.0
00650000,bending_compression,grefem_max,extra,0.566733769610108,0.9301586430433636,95002.0
00650000,bending_compression,grefem_mid,extra,0.64892862649087,0.8991069025635955,78696.0
00650000,bending_compression,grefem_none,extra,0.3843060622513499,0.784395102459079,90034.0
00650000,bending_compression,heuristic,extra,0.3192681133209597,0.8355906229339222,53512.0
00650000,bending_compression,heuristic_sub,extra,0.5838523418080922,0.9416118531789388,48587.0
00650000,bending_compression,zz_oracle,extra,0.319769347981658,0.976278485974182,12686.0
00690084,bending_compression,coarse,extra,0.9724928548766228,0.9985435082011712,1618.0
00530022,bending_compression,coarse,extra,0.862078889255687,0.954551537996738,2739.0
00530022,bending_compression,grefem_max,extra,0.3690068174518209,0.854019572036861,34905.0
00530022,bending_compression,grefem_mid,extra,0.3346132945638007,0.8272676670551738,40932.0
00530022,bending_compression,grefem_none,extra,0.467838260860928,0.9106464034506369,37779.0
00530022,bending_compression,heuristic,extra,0.3750098460817826,0.7660280544271809,37972.0
00530022,bending_compression,heuristic_sub,extra,0.3750098460817826,0.7660280544271809,37972.0
00530022,bending_compression,zz_oracle,extra,0.4489377696384206,0.7267379383525895,25001.0
00290076,bending_compression,coarse,extra,0.8968512555450603,0.9935019685311374,3850.0
00290076,bending_compression,grefem_max,extra,0.8242623318764296,0.966537778084354,121448.0
00290076,bending_compression,grefem_mid,extra,0.5873046235327476,0.8672541347255274,92571.0
00290076,bending_compression,grefem_none,extra,0.8283059535712961,0.9828026814845604,122800.0
00290076,bending_compression,heuristic,extra,0.773189627595375,0.9640978456165648,125986.0
00290076,bending_compression,heuristic_sub,extra,0.773189627595375,0.9640978456165648,125986.0
00290076,bending_compression,zz_oracle,extra,0.7343085553877932,0.984596494250125,91062.0
00240090,bending_compression,coarse,extra,0.7089145465017448,0.9506104895950124,8246.0
00570009,bending_compression,coarse,extra,0.5274245892195278,0.960981005663246,18192.0
00100065,bending_compression,coarse,extra,0.7083388213321141,0.994245307644156,12679.0
00230055,bending_compression,coarse,extra,0.8531932284947809,0.9772000270290376,7296.0
00200078,bending_compression,coarse,extra,0.5236325591277641,0.9926926849978316,8288.0
00080038,bending_compression,coarse,extra,0.9625519734567084,0.9995898974052272,2225.0
00420062,bending_compression,coarse,extra,0.8339686584092996,0.976658313770769,2187.0
00030059,bending_compression,coarse,extra,0.6626733895574883,0.6260524906426544,4046.0
00380012,bending_compression,coarse,extra,0.8310452958414477,0.9709852367527264,2095.0
00820090,bending_compression,coarse,extra,0.4441615142023633,0.8928452194081049,3692.0
00820090,bending_compression,grefem_max,extra,0.5212365857307591,0.8016866522344344,70686.0
00820090,bending_compression,grefem_mid,extra,0.3836191408699941,0.6310952521715747,67017.0
00820090,bending_compression,grefem_none,extra,0.33871127266427,0.4577372487855424,63198.0
00820090,bending_compression,heuristic,extra,0.3336125558798603,0.5458070977172407,73635.0
00820090,bending_compression,heuristic_sub,extra,0.2621323130935393,0.3485305722979955,70293.0
00820090,bending_compression,zz_oracle,extra,0.3972471887274694,0.2031618488192962,67776.0
00830028,bending_compression,coarse,extra,0.8678506693847395,0.9851785583303606,2595.0
00830028,bending_compression,grefem_max,extra,0.6870308174133368,0.878801761831756,32446.0
00830028,bending_compression,grefem_mid,extra,0.6905828659915962,0.926045871945681,48311.0
00830028,bending_compression,grefem_none,extra,0.6230993564566603,0.7917780413091057,39397.0
00830028,bending_compression,heuristic,extra,0.7774410422783073,0.9229068929601862,34475.0
00830028,bending_compression,heuristic_sub,extra,0.7580389470046576,0.8735409605506215,34467.0
00830028,bending_compression,zz_oracle,extra,0.6690950323477955,0.6763487061115808,33959.0
00640016,bending_compression,coarse,extra,0.9589290264212086,0.9955388595455842,3911.0
00640016,bending_compression,grefem_max,extra,0.7574132569459496,0.9787652139905112,32021.0
00640016,bending_compression,grefem_mid,extra,0.7057493812306821,0.9470332321547932,47192.0
00640016,bending_compression,grefem_none,extra,0.9133622717975476,0.9965892689716148,13156.0
00640016,bending_compression,heuristic,extra,0.805556444296434,0.9825731434495688,34089.0
00640016,bending_compression,heuristic_sub,extra,0.805556444296434,0.9825731434495688,34089.0
00640016,bending_compression,zz_oracle,extra,0.2041508779324771,0.8156151391494655,29469.0
00470075,bending_compression,coarse,extra,0.9010670676725931,0.9716274708305128,3007.0
00470075,bending_compression,grefem_max,extra,0.6337817761335657,0.953367101785393,56610.0
00470075,bending_compression,grefem_mid,extra,0.6337817761335657,0.953367101785393,56610.0
00470075,bending_compression,grefem_none,extra,0.7511564324139111,0.962602943069538,61826.0
00710073,torsion_compression,coarse,extra,0.8729855761613937,0.9911668966705875,5417.0
00320057,torsion_compression,coarse,extra,0.7306430838569262,0.9313050213709378,50462.0
00470088,torsion,coarse,extra,0.8539908149909592,0.9743002256333322,11469.0
00720048,torsion,coarse,extra,0.8371724801683847,0.9155532386064308,4892.0
00460090,torsion,coarse,extra,0.7555336190514194,0.9910279569029544,2566.0
00950068,torsion,coarse,extra,0.8139554369137489,0.9453182551472514,3113.0
00640066,bending_compression,grefem_max,extra,0.5789676901738892,0.9032792595186776,33952.0
00640066,bending_compression,grefem_mid,extra,0.578967690173888,0.9032792595186796,33952.0
00640066,bending_compression,grefem_none,extra,0.7860199453380983,0.9612323269488984,55621.0
00640066,bending_compression,heuristic,extra,0.8237475193747053,0.9354642880338616,33774.0
00640066,bending_compression,heuristic_sub,extra,0.873496034323182,0.9792154960209434,33284.0
00640066,bending_compression,zz_oracle,extra,0.7033194305442483,0.8650702895717791,27044.0
00580068,bending_compression,grefem_max,extra,0.7386390589625749,0.9575046992028232,50107.0
00580068,bending_compression,grefem_mid,extra,0.7386390589625749,0.9575046992028232,50107.0
00580068,bending_compression,grefem_none,extra,0.7283211126327283,0.9219850139051884,54788.0
00580068,bending_compression,heuristic,extra,0.3615951909521157,0.7662709534415287,47881.0
00580068,bending_compression,heuristic_sub,extra,0.3615951909521158,0.7662709534415287,47881.0
00580068,bending_compression,zz_oracle,extra,0.2141248663354469,0.5133115637792489,45395.0
00620020,bending_compression,grefem_max,extra,0.7543413809781712,0.8769673249372982,68184.0
00620020,bending_compression,grefem_mid,extra,0.5881710874619938,0.6867668837437939,93983.0
00620020,bending_compression,grefem_none,extra,0.7760610870673503,0.9250877201207,75267.0
00620020,bending_compression,heuristic,extra,0.8464724274077999,0.96748517140755,66795.0
00620020,bending_compression,heuristic_sub,extra,0.8464724274077999,0.96748517140755,66795.0
00620020,bending_compression,zz_oracle,extra,0.2884166081727461,0.5405181752633689,55160.0
00530025,bending_compression,grefem_max,extra,0.6281865097615932,0.927956737261086,77309.0
00530025,bending_compression,grefem_mid,extra,0.6238732232525217,0.9106020203031254,76782.0
00530025,bending_compression,grefem_none,extra,0.6502899180764882,0.918153010540383,84819.0
00530025,bending_compression,heuristic,extra,0.2917993143830583,0.920315075640598,72642.0
00530025,bending_compression,heuristic_sub,extra,0.2917993143830583,0.920315075640598,72642.0
00530025,bending_compression,zz_oracle,extra,0.0571301724688428,0.8258349582600558,61070.0
00400083,bending_compression,grefem_max,extra,0.484272585304465,0.7639014314569197,103352.0
00400083,bending_compression,grefem_mid,extra,0.6119915745625268,0.8814578360351404,94293.0
00400083,bending_compression,grefem_none,extra,0.6855083590158791,0.922630860066508,109076.0
00400083,bending_compression,heuristic,extra,0.4472995827757228,0.7458690228283884,98758.0
00400083,bending_compression,heuristic_sub,extra,0.4472995827757228,0.7458690228283884,98758.0
00400083,bending_compression,zz_oracle,extra,0.2451409795554425,0.9243822585454748,79166.0
00700085,bending_compression,grefem_max,extra,0.6122424781963532,0.9507572326363865,22456.0
00700085,bending_compression,grefem_mid,extra,0.8950614477590356,0.9876091957115096,12717.0
00700085,bending_compression,grefem_none,extra,0.5801433181754031,0.906476850187395,24111.0
00700085,bending_compression,heuristic,extra,0.0325276421975933,0.712621520972952,20763.0
00700085,bending_compression,heuristic_sub,extra,0.0325491410547506,0.7126304862922358,20763.0
00700085,bending_compression,zz_oracle,extra,0.0476686772422313,0.8688456268550867,13597.0
00660055,bending_compression,grefem_max,extra,0.8529231713614173,0.987193150717018,99995.0
00660055,bending_compression,grefem_mid,extra,0.8529513223815613,0.9871680466324376,99995.0
00660055,bending_compression,grefem_none,extra,0.4650425219221197,0.678377515660717,184736.0
00660055,bending_compression,heuristic,extra,0.8171249774067094,0.9769453094516504,97148.0
00660055,bending_compression,heuristic_sub,extra,0.2334067966438353,0.0204315297261733,98805.0
00660055,bending_compression,zz_oracle,extra,0.6486599750439636,0.9019931541411182,94355.0
00720006,bending_compression,grefem_max,extra,0.5290882834001991,0.5416291171177098,100454.0
00720006,bending_compression,grefem_mid,extra,0.6063466528546178,0.7964156343010798,106533.0
00720006,bending_compression,grefem_none,extra,0.8932047391592463,0.9905410489757492,49870.0
00720006,bending_compression,heuristic,extra,0.7367287890585894,0.935323298982472,110295.0
00720006,bending_compression,heuristic_sub,extra,0.7367287890585894,0.935323298982472,110295.0
00720006,bending_compression,zz_oracle,extra,0.4614861284764457,0.8046286032830449,64025.0
00470072,bending_compression,grefem_max,extra,0.6990159483200798,0.9513909714446768,38017.0
00470072,bending_compression,grefem_mid,extra,0.6990159483200798,0.9513909714446768,38017.0
00470072,bending_compression,grefem_none,extra,0.719359907558452,0.9408386484364252,50495.0
00470072,bending_compression,heuristic,extra,0.7872735979325758,0.9693636700962764,35721.0
00470072,bending_compression,heuristic_sub,extra,0.7872735979325758,0.9693636700962764,35721.0
00470072,bending_compression,zz_oracle,extra,0.2269057441546662,0.9268865338773334,15567.0
00360058,bending_compression,grefem_max,extra,0.8886553898023242,0.9871290259674536,3415.0
00360058,bending_compression,grefem_mid,extra,0.8886553898023242,0.9871290259674536,3415.0
00360058,bending_compression,grefem_none,extra,0.5481147497998617,0.850232734076686,33437.0
00360058,bending_compression,heuristic,extra,0.8886553898023242,0.9871290259674536,3415.0
00360058,bending_compression,heuristic_sub,extra,0.8886553898023242,0.9871290259674536,3415.0
00360058,bending_compression,zz_oracle,extra,0.8886553898023242,0.9871290259674536,3415.0
00760084,bending_compression,grefem_max,extra,0.5004668131310172,0.5234784186186792,88899.0
00760084,bending_compression,grefem_mid,extra,0.5010618719955571,0.4892576877614997,87124.0
00760084,bending_compression,grefem_none,extra,0.7486714649555419,0.920563519612788,93300.0
00760084,bending_compression,heuristic,extra,0.7704198849757914,0.9361086063297606,90493.0
00760084,bending_compression,heuristic_sub,extra,0.5077679430634248,0.6817779254880957,90458.0
00760084,bending_compression,zz_oracle,extra,0.3413763970528048,0.7923006197179487,77742.0
00410074,bending_compression,grefem_max,extra,0.6568454658547438,0.9212271473735748,28864.0
00410074,bending_compression,grefem_mid,extra,0.8710132770031357,0.9878372048372086,33424.0
00410074,bending_compression,grefem_none,extra,0.5912167069131752,0.8470731693661395,37933.0
00410074,bending_compression,heuristic,extra,0.0583508593518386,0.7390325982115372,27647.0
00410074,bending_compression,heuristic_sub,extra,0.0583508593518386,0.7390325982115372,27647.0
00410074,bending_compression,zz_oracle,extra,0.6579682109312944,0.5233631800866241,27603.0
00810023,bending_compression,grefem_max,extra,0.7958405368266106,0.9274871087614952,98543.0
00810023,bending_compression,grefem_mid,extra,0.7207875302412136,0.9334625568368816,91358.0
00810023,bending_compression,grefem_none,extra,0.7671383715591569,0.9195136670709508,88603.0
00810023,bending_compression,heuristic,extra,0.7934177013291165,0.9274301579078534,93371.0
00810023,bending_compression,heuristic_sub,extra,0.7934177013291165,0.9274301579078534,93371.0
00810023,bending_compression,zz_oracle,extra,0.3636094551434124,0.7450815402937243,70966.0
00640066,bending_compression,coarse,extra,0.8913798678712488,0.9748323074376948,5005.0
00970002,bending_compression,coarse,extra,4.409524787675397,0.7650815741836164,7194.0
00860044,bending_compression,coarse,extra,0.7881869862194416,0.953143357650669,2197.0
00450041,bending_compression,coarse,extra,0.8928674885527119,0.948922565750782,1679.0
00450041,bending_compression,grefem_max,extra,0.8447004695783988,0.964979834312672,10517.0
00450041,bending_compression,grefem_mid,extra,0.8447004695783988,0.964979834312672,10517.0
00450041,bending_compression,grefem_none,extra,0.7283642560528651,0.9184777185544404,10831.0
00450041,bending_compression,heuristic,extra,0.7276056155569529,0.9078298657808924,10172.0
00450041,bending_compression,heuristic_sub,extra,0.7276056155569529,0.9078298657808924,10172.0
00450041,bending_compression,zz_oracle,extra,0.177502838814076,0.7446833947577701,7861.0
00380051,bending_compression,coarse,extra,0.9572708594700752,0.9980903604254068,2355.0
00380051,bending_compression,grefem_max,extra,0.9526171714223698,0.99744363341148,5566.0
00380051,bending_compression,grefem_mid,extra,0.9526171714223698,0.99744363341148,5566.0
00380051,bending_compression,grefem_none,extra,0.9526171714223698,0.99744363341148,5566.0
00380051,bending_compression,heuristic,extra,0.8909531118184463,0.9942144929018004,5973.0
00380051,bending_compression,heuristic_sub,extra,0.96009491055964,0.9971478455387052,5948.0
00380051,bending_compression,zz_oracle,extra,0.9587538884056584,0.9976996171926794,4622.0
00490002,bending_compression,coarse,extra,0.9301330182873728,0.9956084326683956,4974.0
00490002,bending_compression,grefem_max,extra,0.9382580404295248,0.9964460990991169,24761.0
00490002,bending_compression,grefem_mid,extra,0.8055928743645129,0.9848739537822015,28190.0
00490002,bending_compression,grefem_none,extra,0.8853211385797288,0.9921533137567208,28831.0
00490002,bending_compression,heuristic,extra,0.8548551196876807,0.9880320549785552,26363.0
00490002,bending_compression,heuristic_sub,extra,0.8470925757200088,0.984797464023634,26292.0
00490002,bending_compression,zz_oracle,extra,0.5239947640483901,0.9705465351180792,19514.0
00360077,bending_compression,coarse,extra,0.6662737544524536,0.9725747171461904,4479.0
00400070,bending,grefem_max,extra,0.0460949681285803,0.3608674503159058,83788.0
00400070,bending,grefem_mid,extra,0.0280686737376389,0.3289469395236713,87757.0
00400070,bending,grefem_none,extra,0.1944333710628667,0.470965152192199,91772.0
00400070,bending,heuristic,extra,0.2823829113953328,0.2972401803052664,79794.0
00400070,bending,heuristic_sub,extra,0.6346447686084618,0.8644432932159716,79475.0
00400070,bending,zz_oracle,extra,0.0306922440180516,0.4492772935550972,75906.0
00490074,bending,grefem_max,extra,0.8698768440631226,0.9772727543598052,6041.0
00490074,bending,grefem_mid,extra,0.9229706341279952,0.9857765346917532,6516.0
00490074,bending,grefem_none,extra,0.7537638200369192,0.955403023593136,6801.0
00490074,bending,heuristic,extra,0.8698768440631226,0.9772727543598052,6041.0
00490074,bending,heuristic_sub,extra,0.8698768440631226,0.9772727543598052,6041.0
00490074,bending,zz_oracle,extra,0.8698768440631226,0.9772727543598052,6041.0
00840075,bending,grefem_max,extra,0.7410820320974283,0.9834111862589268,84100.0
00840075,bending,grefem_mid,extra,0.7124118602747722,0.9835092214136094,84563.0
00840075,bending,grefem_none,extra,0.6701358260757546,0.9330983643612156,81691.0
00840075,bending,heuristic,extra,0.8519714028467505,0.992180745750845,84859.0
00840075,bending,heuristic_sub,extra,0.8391470832131801,0.9909784904407878,84971.0
00840075,bending,zz_oracle,extra,0.6864210257595639,0.954063779415961,79167.0
00620093,bending,grefem_max,extra,0.8609591510171312,0.9695904052574212,12588.0
00620093,bending,grefem_mid,extra,0.84841481261708,0.956845157125749,11025.0
00620093,bending,grefem_none,extra,0.7590705583490192,0.939017848976134,20711.0
00620093,bending,heuristic,extra,0.9990430027536654,0.999997551356598,13068.0
00620093,bending,heuristic_sub,extra,0.8709514048342013,0.984493179777992,11998.0
00620093,bending,zz_oracle,extra,0.7714477298077833,0.9223145943266412,12013.0
00230075,bending,grefem_max,extra,0.9999999684426082,0.9999999999999988,104337.0
00230075,bending,grefem_mid,extra,0.9940665040684392,0.9999675254179704,105029.0
00230075,bending,grefem_none,extra,0.9999999217083207,0.999999999999989,103528.0
00230075,bending,heuristic,extra,0.9999999964351608,0.9999999999999996,113459.0
00230075,bending,heuristic_sub,extra,0.9994999342639846,0.9999996761113368,110188.0
00230075,bending,zz_oracle,extra,0.9998807235307304,0.9999997246868296,84730.0
00400070,bending,coarse,extra,0.6255409343152594,0.8087230227227679,3711.0
00490074,bending,coarse,extra,0.774453487378176,0.8995696153025883,3489.0
00380054,bending,coarse,extra,0.9466564154230888,0.9935556005164452,2762.0
00840052,bending,coarse,extra,0.824129531799002,0.9774731110363396,12582.0
00930001,bending,coarse,extra,0.3703014824262525,0.9843730632740456,21221.0
00930001,bending,grefem_max,extra,0.1833253532847397,0.8189258330482495,262002.0
00930001,bending,grefem_mid,extra,0.8059036694615185,0.9859248560580778,266490.0
00480008,bending_compression,coarse,extra,0.7977822491474944,0.9795856077816304,2535.0
00170038,bending_compression,coarse,extra,0.9289800133476366,0.9970221794841556,5263.0
00170038,bending_compression,grefem_max,extra,0.8880552164982914,0.9982796199753444,19310.0
00170038,bending_compression,grefem_mid,extra,0.8723770903076533,0.9950624957342477,16908.0
00170038,bending_compression,grefem_none,extra,0.8930492877452493,0.9980288065353332,50257.0
00170038,bending_compression,heuristic,extra,0.8936284458394885,0.9972889101043834,19652.0
00170038,bending_compression,heuristic_sub,extra,0.9341345584006924,0.998397544058529,17485.0
00170038,bending_compression,zz_oracle,extra,0.9430232148284688,0.999376153573937,13324.0
00260088,bending_compression,coarse,extra,0.9132643801590722,0.9817173560155056,13108.0
00260088,bending_compression,grefem_max,extra,0.57522134410534,0.8802626707482423,51767.0
00260088,bending_compression,grefem_mid,extra,0.57522134410534,0.8802626707482423,51767.0
00260088,bending_compression,grefem_none,extra,0.0480623623991248,0.2187623578099158,93849.0
00260088,bending_compression,heuristic,extra,0.895127805993038,0.9721989687094964,48454.0
00260088,bending_compression,heuristic_sub,extra,0.895127805993038,0.9721989687094964,48454.0
00260088,bending_compression,zz_oracle,extra,0.216955534189046,0.0838140249145344,46942.0
00750000,compression,coarse,extra,0.8412339855541976,0.9684356452354932,2282.0
00990059,torsion_compression,coarse,extra,0.7832169580165018,0.9428466881753316,3873.0
00700046,torsion_compression,coarse,extra,0.9149054566253532,0.9965343594234952,2740.0
00840053,bending,grefem_max,extra,0.5853532552407424,0.7360373606956481,142788.0
00840053,bending,grefem_mid,extra,0.6012412696841964,0.8445608722587343,120830.0
00840053,bending,grefem_none,extra,0.5736696694821669,0.6387918274208628,187829.0
00840053,bending,heuristic,extra,0.6637974638543034,0.7716234252255499,143842.0
00840053,bending,heuristic_sub,extra,0.6643327642740696,0.7771215099894032,142624.0
00840053,bending,zz_oracle,extra,0.9124868443611388,0.9818187984102712,147487.0
00360016,bending,grefem_max,extra,0.5698779899265981,0.8577485267880959,11820.0
00360016,bending,grefem_mid,extra,0.4876870643659751,0.8813584022263657,30264.0
00360016,bending,grefem_none,extra,0.4987412874105162,0.8788495961334689,13440.0
00360016,bending,heuristic,extra,0.8675015581574209,0.991334121834234,11620.0
00360016,bending,heuristic_sub,extra,0.6388688677026165,0.9282629433786236,11677.0
00360016,bending,zz_oracle,extra,0.8839006358175975,0.9808834059996432,12815.0
00710073,bending,grefem_max,extra,0.5658784367182557,0.8277258523418346,40338.0
00710073,bending,grefem_mid,extra,0.5658784367182557,0.8277258523418346,40338.0
00710073,bending,grefem_none,extra,0.3973526673315925,0.1270551359476998,97108.0
00710073,bending,heuristic,extra,0.656904337310787,0.901526483957062,41466.0
00710073,bending,heuristic_sub,extra,0.5661138606163657,0.5522379529602663,41155.0
00710073,bending,zz_oracle,extra,0.1879431192887204,0.2503870718326231,38398.0
00990059,bending,grefem_max,extra,0.4791896613887022,0.8128734320894608,36446.0
00990059,bending,grefem_mid,extra,0.4964077687581592,0.6699864070942755,64059.0
00990059,bending,grefem_none,extra,0.4984085133244693,0.7899723992420029,36776.0
00990059,bending,heuristic,extra,0.6212307528340288,0.819590266223001,38461.0
00990059,bending,heuristic_sub,extra,0.8327708277689868,0.987552868949656,38437.0
00990059,bending,zz_oracle,extra,0.5120320003124205,0.8930982404531216,34711.0
00930069,bending,grefem_max,extra,0.7595284229358316,0.933038912472205,10644.0
00930069,bending,grefem_mid,extra,0.5321942716037421,0.8075920267260913,18706.0
00930069,bending,grefem_none,extra,0.7226762897960842,0.921440672666901,22613.0
00930069,bending,heuristic,extra,0.7778161353458501,0.9486794897962908,8637.0
00930069,bending,heuristic_sub,extra,0.7651634038471725,0.9480051488379346,10354.0
00930069,bending,zz_oracle,extra,0.7377141392492135,0.9290431797800308,11206.0
00950068,bending,grefem_max,extra,0.8840120963812907,0.9872526538905602,46510.0
00950068,bending,grefem_mid,extra,0.8840120963812907,0.9872526538905602,46510.0
00950068,bending,grefem_none,extra,0.8765969834835949,0.9930044331879287,46975.0
00950068,bending,heuristic,extra,0.807326432360834,0.9827180975084152,44412.0
00950068,bending,heuristic_sub,extra,0.807326432360834,0.9827180975084152,44412.0
00950068,bending,zz_oracle,extra,0.7417740949323767,0.9731733644446876,45219.0
00840053,bending,coarse,extra,0.9646677902498564,0.9980955332870926,6893.0
00570051,bending,coarse,extra,0.9154416064342898,0.996876219514431,3800.0
00580068,bending,coarse,extra,0.8048917290289098,0.8558795141714033,2957.0
00620020,bending,coarse,extra,0.9600347406732718,0.9962577245998732,3100.0
00530025,bending,coarse,extra,0.8718736963100404,0.9853594086368488,2944.0
00340068,bending,coarse,extra,0.7868709343672297,0.9563781079707704,3029.0
00840075,bending,coarse,extra,0.8436881505263476,0.9976952409543064,5266.0
00620093,bending,coarse,extra,0.8538611430089145,0.9569624348782836,3209.0
00720000,bending,coarse,extra,0.9044831184587412,0.9845892503180554,3728.0
00650066,bending,coarse,extra,0.7828082397014691,0.982543733615664,2869.0
00830032,bending,coarse,extra,0.1553875602881119,0.3958104818477085,6286.0
00830032,bending,grefem_max,extra,0.3130136397110651,0.664125159069595,39101.0
00830032,bending,grefem_mid,extra,0.584102381186303,0.8712357632145017,72628.0
00830032,bending,grefem_none,extra,0.0112079913762169,0.4159658150014911,72658.0
00830032,bending,heuristic,extra,0.73711859704593,0.9274922953806052,41348.0
00830032,bending,heuristic_sub,extra,0.7683876625163706,0.9476474866126516,41787.0
00830032,bending,zz_oracle,extra,0.5207464164904861,0.919638723557109,35892.0
00240025,bending,coarse,extra,0.8500401702649817,0.9647659941611352,2544.0
00240025,bending,grefem_max,extra,0.6916691986835466,0.9271662479089644,9235.0
00240025,bending,grefem_mid,extra,0.6916675800241363,0.9271663576388588,9236.0
00240025,bending,grefem_none,extra,0.531672928348993,0.5262564459395911,15023.0
00240025,bending,heuristic,extra,0.6778003945702036,0.7191094771401269,9442.0
00240025,bending,heuristic_sub,extra,0.6815594574848177,0.6622965364380212,9836.0
00240025,bending,zz_oracle,extra,0.4294164606213413,0.3968684362422966,8422.0
00970056,bending,coarse,extra,0.960184367846374,0.9986641059911652,7921.0
00970056,bending,grefem_max,extra,0.9159839985656328,0.994288137033724,126904.0
00970056,bending,grefem_mid,extra,0.9159839985656328,0.994288137033724,126904.0
00970056,bending,grefem_none,extra,0.8395309753501224,0.9690418056134056,15269.0
00970056,bending,heuristic,extra,0.8903920585062359,0.9954204252168806,17955.0
00970056,bending,heuristic_sub,extra,0.8903920585062359,0.9954204252168806,17955.0
00970056,bending,zz_oracle,extra,0.6702424504848883,0.9594015159325552,120286.0
00380009,bending,coarse,extra,0.9227748216584516,0.9874604878479312,2502.0
00380009,bending,grefem_max,extra,0.7190222845179782,0.9127353261065212,86367.0
00380009,bending,grefem_mid,extra,0.7577680476602189,0.9306213067695196,88166.0
00380009,bending,grefem_none,extra,0.9709733414046028,0.9897101596532972,26988.0
00380009,bending,heuristic,extra,0.4946408462023594,0.4275029469779665,88915.0
00380009,bending,heuristic_sub,extra,0.4946408462023594,0.4275029469779665,88915.0
00380009,bending,zz_oracle,extra,0.1787081219944638,0.7066460701740656,36988.0
00720006,bending,coarse,extra,0.7369506237572652,0.90311139213615,4156.0
00480062,bending,coarse,extra,0.9314603541586716,0.9988176607898684,2225.0
00930069,bending,coarse,extra,0.7248787199782291,0.9511525916898168,4183.0
00400083,torsion,coarse,extra,0.8433176954378302,0.9854186028001204,2861.0
00610091,torsion,coarse,extra,0.3173396653195134,0.979046238982108,3715.0
00970010,torsion,coarse,extra,0.7534408170634096,0.910225699105143,6175.0
00840053,bending_compression,grefem_max,extra,0.5584636908914333,0.747894354960348,153605.0
00840053,bending_compression,grefem_mid,extra,0.409142254120658,0.4934243804291707,142788.0
00840053,bending_compression,grefem_none,extra,0.5584636908909624,0.747894354959686,153605.0
00840053,bending_compression,heuristic,extra,0.4398191429396248,0.5281584335776663,143842.0
00840053,bending_compression,heuristic_sub,extra,0.4398191429395888,0.5281584335775803,143842.0
00840053,bending_compression,zz_oracle,extra,0.6133651861496968,0.8059195680680052,62200.0
00840053,bending_compression,coarse,extra,0.9307064917573874,0.9920235378549634,6893.0
00570051,bending_compression,coarse,extra,0.9340366549497928,0.9981092998132234,3800.0
00580068,bending_compression,coarse,extra,0.6980491276542464,0.8431059497629293,2957.0
00620020,bending_compression,coarse,extra,0.949757269001212,0.9921277019300933,3100.0
00530025,bending_compression,coarse,extra,0.8760799123756465,0.9858479449090244,2944.0
00340068,bending_compression,coarse,extra,0.7656395767749262,0.9505764913970356,3029.0
00340068,bending_compression,grefem_max,extra,0.0895015619107273,0.1585292683050533,72690.0
00340068,bending_compression,grefem_mid,extra,0.234932278078791,0.5617696187939151,67615.0
00340068,bending_compression,grefem_none,extra,0.2164340882556146,0.5167585960421686,67474.0
00340068,bending_compression,heuristic,extra,0.1654408381847565,0.468979777002014,69062.0
00340068,bending_compression,heuristic_sub,extra,0.1654408381847661,0.4689797770020169,69062.0
00340068,bending_compression,zz_oracle,extra,0.3674282237617175,0.9251803252862182,70728.0
00840075,bending_compression,coarse,extra,0.7519585059191961,0.9895924428040432,5266.0
00620093,bending_compression,coarse,extra,0.8096754346906511,0.9359843520446482,3209.0
00720000,bending_compression,coarse,extra,0.8734193746118485,0.9885088525726142,3728.0
00650066,bending_compression,coarse,extra,0.8194129099313197,0.97277693385283,2869.0
00830032,bending_compression,coarse,extra,0.0530797675235333,0.3507838021648563,6286.0
00830032,bending_compression,grefem_max,extra,0.6307409019523447,0.8993084838336846,42210.0
00830032,bending_compression,grefem_mid,extra,0.0199449644642817,0.3820804511361009,39101.0
00830032,bending_compression,grefem_none,extra,0.3685205461829626,2.3522314459114013,73058.0
00830032,bending_compression,heuristic,extra,0.628722925856376,0.792476694058288,43982.0
00830032,bending_compression,heuristic_sub,extra,0.8040912599116463,0.958510162205139,44926.0
00830032,bending_compression,zz_oracle,extra,0.6443791214570436,0.9065597568800812,40156.0
00240025,bending_compression,coarse,extra,0.810764351779854,0.9530450616209338,2544.0
00240025,bending_compression,grefem_max,extra,0.8348228245358379,0.936573790315408,9236.0
00240025,bending_compression,grefem_mid,extra,0.8348228245358379,0.936573790315408,9236.0
00240025,bending_compression,grefem_none,extra,0.3218661200792546,0.5204214126188026,15002.0
00240025,bending_compression,heuristic,extra,0.5287867193882579,0.5242115210973248,9327.0
00240025,bending_compression,heuristic_sub,extra,0.4147718844009003,0.1525085899170929,9158.0
00240025,bending_compression,zz_oracle,extra,0.7540504981850789,0.9098040703350664,8540.0
00970056,bending_compression,coarse,extra,0.9847614140655742,0.9997753954171268,7921.0
00970056,bending_compression,grefem_max,extra,0.8702332690927833,0.9780334670496412,23658.0
00970056,bending_compression,grefem_mid,extra,0.8432715877554665,0.9821743177075676,127494.0
00970056,bending_compression,grefem_none,extra,0.974463356750764,0.9995510542802956,127222.0
00970056,bending_compression,heuristic,extra,0.7512426365445309,0.9769466402788736,18184.0
00970056,bending_compression,heuristic_sub,extra,0.7512426365445309,0.9769466402788736,18184.0
00970056,bending_compression,zz_oracle,extra,0.7517590752575973,0.9823547369088714,25982.0
00380009,bending_compression,coarse,extra,0.9377434758270148,0.9874891418116436,2502.0
00380009,bending_compression,grefem_max,extra,0.6552432165392521,0.8362614398192811,87498.0
00380009,bending_compression,grefem_mid,extra,0.7634490643783389,0.856701812759824,86874.0
00380009,bending_compression,grefem_none,extra,0.6083691499566578,0.8055065613099031,52016.0
00380009,bending_compression,heuristic,extra,0.2872283240080395,0.0065733062048329,90129.0
00380009,bending_compression,heuristic_sub,extra,0.2872282418453833,0.0065733547246394,90129.0
00380009,bending_compression,zz_oracle,extra,0.4413989091183427,0.3294564994984059,43959.0
00400083,bending_compression,coarse,extra,0.8720748185396388,0.9875489649152586,2861.0
00610091,bending_compression,coarse,extra,11.718984474774317,0.9004496987234882,3715.0
00470075,bending_compression,heuristic,extra,0.389880185817608,0.8144977828470026,55846.0
00470075,bending_compression,heuristic_sub,extra,0.389880185817608,0.8144977828470026,55846.0
00470075,bending_compression,zz_oracle,extra,0.2852274042005351,0.6470657566312842,23805.0
00970010,bending_compression,coarse,extra,0.7938789090808641,0.9111549108098264,6175.0
00380009,torsion_compression,coarse,extra,0.9242876336431,0.9875901714847448,2502.0
00380009,torsion_compression,grefem_max,extra,0.6485695274352591,0.8705366531919604,88166.0
00380009,torsion_compression,grefem_mid,extra,0.4769776407619171,0.7274257549012871,87440.0
00380009,torsion_compression,grefem_none,extra,0.7620316447682861,0.9696462433703292,82448.0
00380009,torsion_compression,heuristic,extra,0.7568643327285836,0.9619131128496184,90552.0
00380009,torsion_compression,heuristic_sub,extra,0.7568856658255376,0.961911874580614,90552.0
00380009,torsion_compression,zz_oracle,extra,0.3257693897315176,0.935793309562464,32080.0
00710039,torsion_compression,coarse,extra,2.416969062156396,0.5297644297053556,3714.0
00470088,bending_compression,coarse,extra,0.8483673634744163,0.9625657641773244,11469.0
00720048,bending_compression,coarse,extra,0.7010909369012517,0.9034048736904574,4892.0
00460090,bending_compression,coarse,extra,0.9168551458170832,0.9930564734613536,2566.0
00950068,bending_compression,coarse,extra,0.8099444106264454,0.9231361104369148,3113.0
00950068,bending_compression,grefem_max,extra,0.9315293153082402,0.9896867487529803,46510.0
00950068,bending_compression,grefem_mid,extra,0.9315293153082402,0.9896867487529803,46510.0
00950068,bending_compression,grefem_none,extra,0.8250981889650117,0.9624188283885884,46939.0
00950068,bending_compression,heuristic,extra,0.8482298779664791,0.951826104902691,44412.0
00950068,bending_compression,heuristic_sub,extra,0.8482298779664791,0.951826104902691,44412.0
00950068,bending_compression,zz_oracle,extra,0.1114344274617176,0.8388223334259081,20110.0
00170038,torsion,coarse,extra,0.8582443001455684,0.989524502971377,5263.0
00170038,torsion,grefem_max,extra,0.7291206828536599,0.9720902268731988,33917.0
00170038,torsion,grefem_mid,extra,0.8956877616124242,0.9956153000882786,16946.0
00170038,torsion,grefem_none,extra,0.9128324539508836,0.9977470647555216,53996.0
00170038,torsion,heuristic,extra,0.8467046720067852,0.9957649680014748,30895.0
00170038,torsion,heuristic_sub,extra,0.8542855694513775,0.9949564821645224,30869.0
00170038,torsion,zz_oracle,extra,0.9504216704934084,0.9991140125449752,25879.0
00700085,bending,coarse,extra,0.7481135377009731,0.8521571842601013,2821.0
00170059,bending,coarse,extra,0.8214611583516856,0.9852597266862182,5850.0
00880096,bending,coarse,extra,0.4968487997497064,0.7888135912748143,7232.0
00700085,bending_compression,coarse,extra,0.756560185182558,0.9420107802415424,2821.0
00170059,bending_compression,coarse,extra,0.9251661497828236,0.991255612362268,5850.0
00890055,bending_compression,coarse,extra,0.7177268800525431,0.9097740369218704,4105.0
00890055,bending_compression,grefem_max,extra,1.8565944505137069,6.276984439532043,114358.0
00890055,bending_compression,grefem_mid,extra,1.28780290713031,0.8655190957136806,111613.0
00890055,bending_compression,grefem_none,extra,1.933187925275976,9.76676703650134,118085.0
00890055,bending_compression,heuristic,extra,1.3456317366452095,2.346452452245749,103578.0
00890055,bending_compression,heuristic_sub,extra,1.3456318982107314,2.346452857290426,103578.0
00890055,bending_compression,zz_oracle,extra,0.296399787529509,0.786288254782455,25894.0
00880096,bending_compression,coarse,extra,0.779637818379578,0.9240529877662904,7232.0
00700085,torsion_compression,coarse,extra,0.6552705622764156,0.9242690050439164,2821.0
00170059,torsion_compression,coarse,extra,0.9433818820193663,0.9951238428301488,5850.0
00880096,torsion_compression,coarse,extra,0.6755725157450432,0.9428075061048868,7232.0
00660055,torsion_compression,coarse,extra,0.9999223663577996,0.999999995049988,13449.0
00630027,torsion_compression,coarse,extra,0.8279969291768999,0.9812073546952188,3758.0
00810023,bending,coarse,extra,0.8359526342195287,0.908083675298174,3607.0
00700085,compression,coarse,extra,0.7351313999228649,0.8911321677088755,2821.0
00170059,compression,coarse,extra,0.7809403355591937,0.978394181132668,5850.0
00880096,compression,coarse,extra,0.6586872861119532,0.8994766892580635,7232.0
00710003,bending,grefem_max,extra,0.6181714283186869,0.8681612638355235,104990.0
00710003,bending,grefem_mid,extra,0.7500505140497924,0.8568937124182054,96876.0
00710003,bending,grefem_none,extra,0.6792806645643247,0.9092442247961072,93183.0
00710003,bending,heuristic,extra,0.6154205087420695,0.8647717530456446,98692.0
00710003,bending,heuristic_sub,extra,0.5089706547424091,0.8038821512275351,99751.0
00710003,bending,zz_oracle,extra,0.116633097203388,0.2075121490765616,97884.0
00930071,bending,grefem_max,extra,0.8706153937627102,0.9837243562786564,137456.0
00930071,bending,grefem_mid,extra,0.8426287201046937,0.986789303685238,131368.0
00930071,bending,grefem_none,extra,0.8869420365049199,0.992988024585952,105130.0
00930071,bending,heuristic,extra,0.749204196141894,0.9254918876843128,146345.0
00930071,bending,heuristic_sub,extra,0.7478206907129235,0.9527282849889894,134387.0
00930071,bending,zz_oracle,extra,0.9999574152939796,0.9999998081681424,125815.0
00710003,bending,coarse,extra,0.8208405991425106,0.9914314612407854,3160.0
00930071,bending,coarse,extra,0.9767838759902312,0.9997279323897116,13807.0
00360016,bending,coarse,extra,0.8678709512007333,0.987734477283613,3757.0
00220069,bending,coarse,extra,0.7848033937850154,0.9679477433371276,1611.0
00350001,bending,coarse,extra,0.644502117503027,0.8953299422852753,4471.0
00650065,bending,coarse,extra,0.8037977296748895,0.9600341495037952,1736.0
00860026,bending,coarse,extra,0.9405838834620712,0.9922674512367244,5390.0
00480056,bending,coarse,extra,0.9421493290863492,0.992740312743192,2981.0
00360036,bending,coarse,extra,0.968041951133675,0.9992718823276991,2226.0
00250001,bending,coarse,extra,0.8957920899332419,0.9810931531750005,2847.0
00800055,bending,coarse,extra,0.888030695388749,0.9820045222909626,5176.0
00230075,bending,coarse,extra,0.9987992684031772,0.9999955378288524,31549.0
00190048,bending,coarse,extra,0.3511354984387053,0.8245639860748514,3197.0
00230056,bending,coarse,extra,0.6302989280400353,0.9273260860363752,7101.0
00650041,bending,coarse,extra,0.9405430103468584,0.995887758299061,2244.0
00940092,bending,coarse,extra,0.9282783009442184,0.994395947281712,7071.0
00870089,bending,coarse,extra,0.7766621368064653,0.994824719091586,2882.0
00770000,torsion_compression,grefem_max,extra,0.5834437322980368,0.9462262548397322,77165.0
00770000,torsion_compression,grefem_mid,extra,0.884538943349318,0.9790510936955692,97706.0
00770000,torsion_compression,grefem_none,extra,0.8765732137828657,0.98358247196878,89998.0
00770000,torsion_compression,heuristic,extra,0.6363157018031576,0.9702684772354044,75211.0
00770000,torsion_compression,heuristic_sub,extra,0.6363157018031576,0.9702684772354044,75211.0
00770000,torsion_compression,zz_oracle,extra,0.6973197469508223,0.9538322162379465,74233.0
00610091,torsion_compression,grefem_max,extra,0.1894357476919425,0.7487680056477957,46353.0
00610091,torsion_compression,grefem_mid,extra,0.7104133012521632,0.9442035589071588,65888.0
00610091,torsion_compression,grefem_none,extra,0.7324880016703088,0.9679125730038756,77931.0
00610091,torsion_compression,heuristic,extra,0.3709872325977807,0.8813083394260499,42773.0
00610091,torsion_compression,heuristic_sub,extra,0.37111315361985,0.8813409571088082,42773.0
00610091,torsion_compression,zz_oracle,extra,0.3422143646745109,0.8993050364516922,31013.0
00170059,torsion_compression,grefem_max,extra,0.6789289481964106,0.8751256676354584,57314.0
00170059,torsion_compression,grefem_mid,extra,0.7542479462554199,0.9636563012351932,52388.0
00170059,torsion_compression,grefem_none,extra,0.6256254987328981,0.8963715208686186,70814.0
00170059,torsion_compression,heuristic,extra,0.9013259334815512,0.9833517634933184,56415.0
00170059,torsion_compression,heuristic_sub,extra,0.6130814940176721,0.8672263765474462,60850.0
00170059,torsion_compression,zz_oracle,extra,0.8547199656154579,0.9830629866023772,52701.0
00630027,torsion_compression,grefem_max,extra,0.5965806345945229,0.808679493288171,109894.0
00630027,torsion_compression,grefem_mid,extra,0.6419132183830815,0.8735917375197171,97998.0
00630027,torsion_compression,grefem_none,extra,0.6179259023145212,0.8232465729479305,113390.0
00630027,torsion_compression,heuristic,extra,0.5631110325569273,0.7506051640467665,111089.0
00630027,torsion_compression,heuristic_sub,extra,0.6545470782320087,0.8545158436997345,110444.0
00630027,torsion_compression,zz_oracle,extra,0.6713484080240387,0.9132009706047686,102652.0
00480062,torsion_compression,grefem_max,extra,0.8394067605596927,0.992020476333324,44631.0
00480062,torsion_compression,grefem_mid,extra,0.8068849579402728,0.9901148113803864,46697.0
00480062,torsion_compression,grefem_none,extra,0.7601566895086053,0.982322407380435,66692.0
00480062,torsion_compression,heuristic,extra,0.8695173102837951,0.99605152109243,44044.0
00480062,torsion_compression,heuristic_sub,extra,0.8695173102837951,0.99605152109243,44044.0
00480062,torsion_compression,zz_oracle,extra,0.693401116685434,0.995448830923742,16146.0
00460090,torsion_compression,grefem_max,extra,0.7118086604358911,0.9256314804564836,20867.0
00460090,torsion_compression,grefem_mid,extra,0.8477429381535542,0.9787303598430196,49079.0
00460090,torsion_compression,grefem_none,extra,0.901644234667108,0.9867398998414448,67368.0
00460090,torsion_compression,heuristic,extra,0.7480114163845901,0.9880527746797786,10440.0
00460090,torsion_compression,heuristic_sub,extra,0.7480114163845901,0.9880527746797786,10440.0
00460090,torsion_compression,zz_oracle,extra,0.7915334292543671,0.9558792614605938,19415.0
00970010,torsion_compression,grefem_max,extra,0.7605457210512838,0.960678304928421,20377.0
00970010,torsion_compression,grefem_mid,extra,0.8347045246357041,0.9430032621944096,13826.0
00970010,torsion_compression,grefem_none,extra,0.6632452955206245,0.8444863047905271,28101.0
00970010,torsion_compression,heuristic,extra,0.4600648226970107,0.6523137417015842,21053.0
00970010,torsion_compression,heuristic_sub,extra,0.5612994778358048,0.7352209781600055,20693.0
00970010,torsion_compression,zz_oracle,extra,0.2348315768217168,0.6934789136235843,21198.0
00880096,torsion_compression,grefem_max,extra,0.3954325827159682,0.797687715715512,60176.0
00880096,torsion_compression,grefem_mid,extra,0.6047115089202898,0.8604252819278952,63520.0
00880096,torsion_compression,grefem_none,extra,0.5323394512368907,0.8961849857319947,63486.0
00880096,torsion_compression,heuristic,extra,0.2544647167630004,0.7661535433707688,55463.0
00880096,torsion_compression,heuristic_sub,extra,0.6197997734488674,0.9263950273075188,58031.0
00880096,torsion_compression,zz_oracle,extra,0.3372965420404715,0.805705699897185,54767.0
00770000,torsion_compression,coarse,extra,0.8629288006809241,0.9576705052993996,2731.0
00880050,torsion_compression,coarse,extra,0.6669611649228943,0.9789766586998744,7053.0
00280029,torsion_compression,coarse,extra,0.9148982036761006,0.9853148321136808,2714.0
00160092,torsion_compression,coarse,extra,0.8895364675858276,0.998531032651891,4236.0
00460016,torsion_compression,coarse,extra,0.8443356299528569,0.9915723676465544,3807.0
00720089,torsion_compression,coarse,extra,0.8832497588737572,0.9740373997984222,3988.0
00760021,torsion_compression,coarse,extra,0.53292701741939,0.9144962130925768,69991.0
00160047,torsion_compression,coarse,extra,0.9681018780161372,0.9984149066230252,6313.0
00160047,torsion_compression,grefem_max,extra,0.3016974490906406,0.1068356247709511,47784.0
00160047,torsion_compression,grefem_mid,extra,0.2714180976135071,0.1768742281197114,36999.0
00160047,torsion_compression,grefem_none,extra,0.2853787042677481,0.0553077707479309,58101.0
00160047,torsion_compression,heuristic,extra,0.1238987715617782,1.3846523913957107,50250.0
00160047,torsion_compression,heuristic_sub,extra,0.1850830574166218,1.6267353731288352,49763.0
00160047,torsion_compression,zz_oracle,extra,0.6773818642031092,2.785182677860643,44997.0
00990038,torsion_compression,coarse,extra,0.3590764711265537,0.7312028148856464,82839.0
00160031,torsion_compression,coarse,extra,0.5602407811867597,0.9449205835276546,2338.0
00550067,torsion_compression,coarse,extra,0.8734049005884212,0.9666355756358708,3051.0
00380080,torsion_compression,coarse,extra,0.8711725555499661,0.9954805851970492,7674.0
00470072,torsion_compression,coarse,extra,0.9729739671685363,0.9985267151557574,2871.0
00160091,torsion_compression,coarse,extra,0.6406234928468416,0.9248175532223,4700.0
00850016,torsion_compression,coarse,extra,0.8383920301122845,0.963337823269714,2360.0
00140054,torsion_compression,coarse,extra,0.7457372842237371,0.9330208436513724,3212.0
00480008,torsion_compression,coarse,extra,0.8567389087083557,0.987870187992314,2535.0
00360014,torsion,coarse,extra,0.9740199675214422,0.9989355266172618,4419.0
00400099,torsion,coarse,extra,0.4681182393423845,0.9859658016930424,7325.0
00930001,torsion_compression,heuristic_sub,extra,0.329575285171426,0.8517883295278006,262816.0
00930001,torsion_compression,zz_oracle,extra,0.0091072580773917,0.7000153238705984,266087.0
00400083,torsion_compression,coarse,extra,0.8460586888266682,0.9763991096568976,2861.0
00610091,torsion_compression,coarse,extra,8.789088007776947,0.9170830897846346,3715.0
00970010,torsion_compression,coarse,extra,0.8744508586307856,0.9722461083504264,6175.0
00990059,torsion,coarse,extra,0.8498776112752566,0.9700004565964472,3873.0
00700046,torsion,coarse,extra,0.9018051126122928,0.9954013617735692,2740.0
00660055,torsion,coarse,extra,0.8662071215616931,0.9919798630091282,13449.0
00630027,torsion,coarse,extra,0.80098524460539,0.9807071848787684,3758.0
00770000,torsion,grefem_max,extra,0.7242139031389964,0.933783121588084,77607.0
00770000,torsion,grefem_mid,extra,0.4741362357535829,0.894048395369882,97706.0
00770000,torsion,grefem_none,extra,0.5075639717069012,0.7475858546162975,60207.0
00770000,torsion,heuristic,extra,0.7083516244921799,0.9206134879021334,75737.0
00770000,torsion,heuristic_sub,extra,0.7083516244921799,0.9206134879021334,75737.0
00770000,torsion,zz_oracle,extra,0.0178833295107522,0.8666675381586353,46184.0
00610091,torsion,grefem_max,extra,0.8929181985124122,0.9914271053632044,39261.0
00610091,torsion,grefem_mid,extra,0.8710672107922239,0.9864162105937636,67675.0
00610091,torsion,grefem_none,extra,0.8546353722415939,0.9948761070417768,77680.0
00610091,torsion,heuristic,extra,0.6873823537737259,0.9930843016377784,36661.0
00610091,torsion,heuristic_sub,extra,0.6887654428004307,0.9931453776433138,36661.0
00610091,torsion,zz_oracle,extra,0.7937166842264414,0.9623027093574464,38515.0
00170059,torsion,grefem_max,extra,0.6870867915183472,0.9072929680651542,57003.0
00170059,torsion,grefem_mid,extra,0.6585972574429241,0.9351553277340492,55825.0
00170059,torsion,grefem_none,extra,0.704126580422517,0.942417488823227,65296.0
00170059,torsion,heuristic,extra,0.7079216143374961,0.9435091561412122,56088.0
00170059,torsion,heuristic_sub,extra,0.828566860018355,0.9838811466925708,61738.0
00170059,torsion,zz_oracle,extra,0.5231260379082134,0.9338278778550422,52150.0
00630027,torsion,grefem_max,extra,0.6179313542422666,0.8411841690250896,92649.0
00630027,torsion,grefem_mid,extra,0.6975308100552391,0.8128241973115385,108452.0
00630027,torsion,grefem_none,extra,0.5603574957389567,0.8457436494782388,97577.0
00630027,torsion,heuristic,extra,0.6068000940857233,0.7546199330205449,92842.0
00630027,torsion,heuristic_sub,extra,0.6143938241355762,0.7566611867531263,92756.0
00630027,torsion,zz_oracle,extra,0.1935432406562392,0.2962254462320367,83531.0
00480062,torsion,grefem_max,extra,0.8568062134868221,0.9926817744212924,43876.0
00480062,torsion,grefem_mid,extra,0.8165866844617086,0.9870330474590818,40787.0
00480062,torsion,grefem_none,extra,0.8014938235530139,0.9839424698752632,64868.0
00480062,torsion,heuristic,extra,0.799396297699391,0.9887709446556732,39505.0
00480062,torsion,heuristic_sub,extra,0.799396297699391,0.9887709446556732,39505.0
00480062,torsion,zz_oracle,extra,0.8654117027674816,0.98681923800237,45857.0
00460090,torsion,grefem_max,extra,0.6621127507238325,0.8595410931965646,27852.0
00460090,torsion,grefem_mid,extra,0.6621127507238325,0.8595410931965646,27852.0
00460090,torsion,grefem_none,extra,0.8422084179228017,0.9716384697059068,67140.0
00460090,torsion,heuristic,extra,0.717078136771259,0.9677406039008584,13206.0
00460090,torsion,heuristic_sub,extra,0.7321849416216464,0.9751272463897936,13405.0
00460090,torsion,zz_oracle,extra,0.6548987724622404,0.8784634769739819,28147.0
00970010,torsion,grefem_max,extra,0.7941618931415223,0.954822703548972,20377.0
00970010,torsion,grefem_mid,extra,0.5179619059828147,0.9730246782172924,14223.0
00970010,torsion,grefem_none,extra,0.3685553474121406,0.8084162978397157,28083.0
00970010,torsion,heuristic,extra,0.6659430282505429,0.9284924262632724,21053.0
00970010,torsion,heuristic_sub,extra,0.4101622318073991,0.7632141119230405,20973.0
00970010,torsion,zz_oracle,extra,0.641052454603337,0.93175996995795,20520.0
00880096,torsion,grefem_max,extra,0.166742359644871,0.4608919022358865,60360.0
00880096,torsion,grefem_mid,extra,0.4404588474051047,0.0994581145650683,55785.0
00880096,torsion,grefem_none,extra,0.0142922926096409,0.6275129512537109,58928.0
00880096,torsion,heuristic,extra,0.5776442708095492,0.4425988588762538,55341.0
00880096,torsion,heuristic_sub,extra,0.0205107551777199,0.72340779474045,56041.0
00880096,torsion,zz_oracle,extra,0.9803439899327676,2.1116989678392644,54706.0
00770000,torsion,coarse,extra,0.8540819316578538,0.9755306502948556,2731.0
00880050,torsion,coarse,extra,0.6184866809011998,0.9640475598245414,7053.0
00280029,torsion,coarse,extra,0.917330466018403,0.9873617225883804,2714.0
00160092,torsion,coarse,extra,0.8505634910216348,0.9957084198099948,4236.0
00460016,torsion,coarse,extra,0.9591536535375974,0.9988638866086824,3807.0
00720089,torsion,coarse,extra,0.7066269858137025,0.91081568987787,3988.0
00760021,torsion,coarse,extra,0.1622758713181122,0.5396629990326475,69991.0
00160047,torsion,coarse,extra,0.9510001489548092,0.9978535528935104,6313.0
00160047,torsion,grefem_max,extra,0.4879726149841347,0.4658579227960197,52839.0
00160047,torsion,grefem_mid,extra,0.5030761658108033,0.4877160701724983,57889.0
00160047,torsion,grefem_none,extra,0.8255783355490576,0.9724662967543928,23146.0
00160047,torsion,heuristic,extra,0.5571750224614683,0.6840845726481734,54615.0
00160047,torsion,heuristic_sub,extra,0.590181140226399,0.8181913500997967,57151.0
00160047,torsion,zz_oracle,extra,0.2976417691112322,0.5076173465381588,47826.0
00990038,torsion,coarse,extra,0.4420938689265127,0.5254644379033827,82839.0
00160031,torsion,coarse,extra,3.7354827947707503,0.8064717876998513,2338.0
00550067,torsion,coarse,extra,0.8128474780682147,0.9144799328135964,3051.0
00380080,torsion,coarse,extra,0.6282231083554146,0.9886953437482692,7674.0
00470072,torsion,coarse,extra,0.9623440905616248,0.9985996344429704,2871.0
00160091,torsion,coarse,extra,0.1357223557708276,0.9115444073206898,4700.0
00850016,torsion,coarse,extra,0.7739673345903706,0.9512529920229446,2360.0
00140054,torsion,coarse,extra,0.8926883173609637,0.9771734285097384,3212.0
00480008,torsion,coarse,extra,0.6566161753992521,0.9663956722321244,2535.0
00910047,torsion,coarse,extra,0.8270306053009497,0.9260889453042324,2363.0
00910047,torsion_compression,coarse,extra,0.8563707461641933,0.9225136521112584,2363.0
00300036,bending_compression,coarse,extra,0.8509107755651847,0.9818138216540472,2322.0
00300036,bending_compression,grefem_max,extra,0.712336821792436,0.985597861635052,16718.0
00300036,bending_compression,grefem_mid,extra,0.870770315710703,0.9935723905678072,20455.0
00300036,bending_compression,grefem_none,extra,0.554441462039037,0.929132140998254,31750.0
00300036,bending_compression,heuristic,extra,0.7194994484065426,0.9523005488292868,18099.0
00300036,bending_compression,heuristic_sub,extra,0.7572988480153788,0.9607635169187194,17981.0
00300036,bending_compression,zz_oracle,extra,0.4392316680308071,0.946107002588742,6333.0
00140014,bending_compression,coarse,extra,0.945031606644415,0.9943851552783012,2300.0
00770000,bending_compression,grefem_max,extra,0.59188206560526,0.8896990824277193,77607.0
00770000,bending_compression,grefem_mid,extra,0.5768873219401194,0.8657611925586229,77147.0
00770000,bending_compression,grefem_none,extra,0.7166788138458567,0.9630603051343738,97136.0
00770000,bending_compression,heuristic,extra,0.6432475389773035,0.9008205892247978,75737.0
00770000,bending_compression,heuristic_sub,extra,0.6432475389773035,0.9008205892247978,75737.0
00770000,bending_compression,zz_oracle,extra,0.4708635150867533,0.8842532325427733,75134.0
00610091,bending_compression,grefem_max,extra,0.5119279233530071,0.7918990447226572,46291.0
00610091,bending_compression,grefem_mid,extra,0.7442280446737134,0.9293956787004896,39261.0
00610091,bending_compression,grefem_none,extra,0.6740301496618368,0.955622479258588,30071.0
00610091,bending_compression,heuristic,extra,0.5125856890825237,0.8589839082886339,42691.0
00610091,bending_compression,heuristic_sub,extra,0.5125856890825237,0.8589839082886339,42691.0
00610091,bending_compression,zz_oracle,extra,0.7610829973216273,0.9917564827564332,14236.0
00170059,bending_compression,grefem_max,extra,0.4915506661177484,0.8265713482202306,58435.0
00170059,bending_compression,grefem_mid,extra,0.7490834028325626,0.9497979741670975,48518.0
00170059,bending_compression,grefem_none,extra,0.6423568243446154,0.9014047252386168,62504.0
00170059,bending_compression,heuristic,extra,0.7036660347196882,0.918450550808194,64203.0
00170059,bending_compression,heuristic_sub,extra,0.6578728010769085,0.9564193936279884,60449.0
00170059,bending_compression,zz_oracle,extra,0.037816528369938,0.823798604837874,38901.0
00630027,bending_compression,grefem_max,extra,0.5917302205758695,0.8583689722927846,92576.0
00630027,bending_compression,grefem_mid,extra,0.6080049465387153,0.879345664022943,94453.0
00630027,bending_compression,grefem_none,extra,0.4756603188765279,0.4027742760026305,91466.0
00630027,bending_compression,heuristic,extra,0.698308923903802,0.9331773044521852,92540.0
00630027,bending_compression,heuristic_sub,extra,0.5492503659883864,0.7893147774757253,93416.0
00630027,bending_compression,zz_oracle,extra,0.4422340837765493,0.896625681961482,86979.0
00480062,bending_compression,grefem_max,extra,0.8633381865997538,0.9931219918897588,40787.0
00480062,bending_compression,grefem_mid,extra,0.8633381865997538,0.9931219918897588,40787.0
00480062,bending_compression,grefem_none,extra,0.7591285109416251,0.9816486651853884,49156.0
00480062,bending_compression,heuristic,extra,0.8763641292158715,0.991129953052574,39505.0
00480062,bending_compression,heuristic_sub,extra,0.8763641292158715,0.991129953052574,39505.0
00480062,bending_compression,zz_oracle,extra,0.4362125546040005,0.9461414656944372,15862.0
00460090,bending_compression,grefem_max,extra,0.605509898625617,0.8253542543229778,27852.0
00460090,bending_compression,grefem_mid,extra,0.7984325542362601,0.9562651485586928,26986.0
00460090,bending_compression,grefem_none,extra,0.83343007470825,0.9816997320186543,66943.0
00460090,bending_compression,heuristic,extra,0.7806143468615935,0.9837590459417016,13206.0
00460090,bending_compression,heuristic_sub,extra,0.7806143468615935,0.9837590459417016,13206.0
00460090,bending_compression,zz_oracle,extra,0.8014852373226533,0.9699021249073584,27758.0
00970010,bending_compression,grefem_max,extra,0.8094889590135144,0.9318692290712048,21327.0
00970010,bending_compression,grefem_mid,extra,0.810152184396791,0.935955252689742,20717.0
00970010,bending_compression,grefem_none,extra,0.7495686220658407,0.9234084327930526,28630.0
00970010,bending_compression,heuristic,extra,0.6482831083562016,0.9661027614088415,23095.0
00970010,bending_compression,heuristic_sub,extra,0.6330798349709408,0.9390788378472084,21747.0
00970010,bending_compression,zz_oracle,extra,0.2749931360308663,0.4483154278282177,22214.0
00880096,bending_compression,grefem_max,extra,0.3593249494535034,0.7367568507819806,51178.0
00880096,bending_compression,grefem_mid,extra,0.1894980655829957,0.4829935171669448,63340.0
00880096,bending_compression,grefem_none,extra,0.2914952356813444,0.7652140747919043,56850.0
00880096,bending_compression,heuristic,extra,0.5819528262272741,0.8256713641448491,50623.0
00880096,bending_compression,heuristic_sub,extra,0.1456439205765771,0.5484785014552996,48199.0
00880096,bending_compression,zz_oracle,extra,0.3990455394407126,0.6751413116806382,50495.0
00770000,bending_compression,coarse,extra,0.8417594115126561,0.96669295491931,2731.0
00880050,bending_compression,coarse,extra,0.5750103289206963,0.972191345193996,7053.0
00280029,bending_compression,coarse,extra,0.9133399153876568,0.9837618054509611,2714.0
00160092,bending_compression,coarse,extra,0.8694773501812595,0.9982440895071863,4236.0
00460016,bending_compression,coarse,extra,0.9339293518612164,0.9939619415046714,3807.0
00720089,bending_compression,coarse,extra,0.7610048458718985,0.9662232591005768,3988.0
00760021,bending_compression,coarse,extra,0.6910438143108601,0.9502670539500148,69991.0
00160047,bending_compression,coarse,extra,0.9588269734981252,0.9978344284405424,6313.0
00160047,bending_compression,grefem_max,extra,0.230520470884298,0.1116975976743345,52170.0
00160047,bending_compression,grefem_mid,extra,0.4895382969484877,0.5469737800942404,36999.0
00160047,bending_compression,grefem_none,extra,0.6065157657767503,0.7250272863035965,24675.0
00160047,bending_compression,heuristic,extra,0.5953164710595755,0.7946826807287943,53688.0
00160047,bending_compression,heuristic_sub,extra,0.8028856169082721,0.951884949862422,50363.0
00160047,bending_compression,zz_oracle,extra,0.246910450187971,0.0346043477469092,44796.0
00990038,bending_compression,coarse,extra,0.5664032936337358,0.807668707282579,82839.0
00990038,bending_compression,grefem_max,extra,0.6624114361395255,0.9384011064248264,138241.0
00990038,bending_compression,grefem_mid,extra,0.6624114361398934,0.9384011064248536,138241.0
00990038,bending_compression,grefem_none,extra,0.6624114361395255,0.9384011064248264,138241.0
00990038,bending_compression,heuristic,extra,0.6624114361399451,0.9384011064248574,138241.0
00990038,bending_compression,heuristic_sub,extra,0.6624114361395255,0.9384011064248264,138241.0
00990038,bending_compression,zz_oracle,extra,0.6624114361392565,0.9384011064248062,138241.0
00160031,bending_compression,coarse,extra,0.4221499856895984,0.8716193416953838,2338.0
00550067,bending_compression,coarse,extra,0.85664995780187,0.9494575455862746,3051.0
00380080,bending_compression,coarse,extra,0.6653763683634865,0.9887757468611892,7674.0
00470072,bending_compression,coarse,extra,0.9498666828649204,0.995910723157481,2871.0
00160091,bending_compression,coarse,extra,0.7794304129639551,0.9478915029619976,4700.0
00850016,bending_compression,coarse,extra,0.8177256127973576,0.9630722596822544,2360.0
00140054,bending_compression,coarse,extra,0.8538334101523307,0.9674406605809868,3212.0
00170038,torsion_compression,coarse,extra,0.8455734035138187,0.9903096722258784,5263.0
00170038,torsion_compression,grefem_max,extra,0.905664197193464,0.9974904642214436,16481.0
00170038,torsion_compression,grefem_mid,extra,0.9255101528211392,0.998661919527082,22677.0
00170038,torsion_compression,grefem_none,extra,0.9189229887863348,0.9978816139736564,25119.0
00170038,torsion_compression,heuristic,extra,0.9285141358845798,0.9972849271815232,16896.0
00170038,torsion_compression,heuristic_sub,extra,0.7953748819403328,0.9818833305450548,16557.0
00170038,torsion_compression,zz_oracle,extra,0.6066115166794271,0.9826611866538254,14785.0
00200022,torsion,coarse,orig,0.8621947671987537,0.97353338079561,7627.0
00200022,torsion,grefem_max,orig,0.7048097275989816,0.9615229053247504,60689.0
00200022,torsion,grefem_mid,orig,0.7048097276031016,0.961522905324803,60689.0
00200022,torsion,grefem_none,orig,0.7023879392610841,0.91155471563305,50701.0
00200022,torsion,heuristic,orig,0.6227803081129446,0.908162348972378,59979.0
00200022,torsion,zz_oracle,orig,0.8347009779930147,0.9478621300062222,60623.0
00520006,torsion,coarse,orig,0.5375002189628594,0.9486012314436144,20552.0
00520006,torsion,grefem_max,orig,0.6109653632708405,0.900270205761009,76169.0
00520006,torsion,grefem_mid,orig,0.7709079561912571,0.9720453674598512,71133.0
00520006,torsion,grefem_none,orig,0.6198183950897135,0.903396623954954,83882.0
00520006,torsion,heuristic,orig,0.6523993437151326,0.8873264288573316,73978.0
00520006,torsion,zz_oracle,orig,0.426518006191278,0.8775298993879477,70490.0
00200022,torsion,heuristic_sub,orig,0.6388898238390646,0.9236179623030064,60207.0
00520006,torsion,heuristic_sub,orig,0.6386813413986524,0.9011396847969984,75910.0
00520006,bending_compression,coarse,orig,0.0216468014182175,0.4811386847127497,20552.0
00520006,bending_compression,grefem_max,orig,0.0479115730237768,0.6630138508181869,67556.0
00520006,bending_compression,grefem_mid,orig,0.0790292549118549,0.4366844861729316,91078.0
00520006,bending_compression,grefem_none,orig,0.146546984368562,0.7437561833632732,97478.0
00520006,bending_compression,heuristic,orig,0.0614763857837135,0.2644608115075629,64339.0
00520006,bending_compression,heuristic_sub,orig,0.0630081871069493,0.2003901781814622,66218.0
00520006,bending_compression,zz_oracle,orig,0.3087153927063532,0.6131526241254539,64480.0
Mechanical_Parts_Mountings_SHF08_SHF08,bending_compression,coarse,orig,0.8391933011671214,0.980786014270422,5738.0
Mechanical_Parts_Mountings_SHF08_SHF08,bending_compression,grefem_max,orig,0.774506962364603,0.9592249106945678,22308.0
Mechanical_Parts_Mountings_SHF08_SHF08,bending_compression,grefem_mid,orig,0.9504986748209546,0.9973246110492304,91116.0
Mechanical_Parts_Mountings_SHF08_SHF08,bending_compression,grefem_none,orig,0.8142231196570195,0.9846058177319954,92710.0
Mechanical_Parts_Mountings_SHF08_SHF08,bending_compression,heuristic,orig,0.7287236553392837,0.8231708089400421,22691.0
Mechanical_Parts_Mountings_SHF08_SHF08,bending_compression,heuristic_sub,orig,0.7993469284970424,0.9258420869685938,22240.0
Mechanical_Parts_Mountings_SHF08_SHF08,bending_compression,zz_oracle,orig,0.8754723013458002,0.938900635288806,21158.0
00220074,compression,coarse,orig,0.947804292822424,0.998343418801909,63758.0
00220074,compression,grefem_max,orig,0.9330059494027648,0.9981247247632103,107434.0
00220074,compression,grefem_mid,orig,0.9448934604214628,0.9981450836081212,101872.0
00220074,compression,grefem_none,orig,0.8743476902434599,0.9911705415290584,134521.0
00220074,compression,heuristic,orig,0.754429663108622,0.9639604135327972,101236.0
00220074,compression,heuristic_sub,orig,0.5990151356238255,0.7834529783574399,100196.0
00220074,compression,zz_oracle,orig,0.8699383085258473,0.9961910850626552,118083.0
00200022,compression,coarse,orig,0.8946781221475383,0.9743854586020794,7627.0
00200022,compression,grefem_max,orig,0.7665361407726794,0.931667420468628,50183.0
00200022,compression,grefem_mid,orig,0.7665361407727451,0.93166742046865,50183.0
00200022,compression,grefem_none,orig,0.6483121148766096,0.8027929444686318,41906.0
00200022,compression,heuristic,orig,0.7605178754894705,0.9523697510375754,50057.0
00200022,compression,heuristic_sub,orig,0.6983654241011056,0.8372568778421868,50338.0
00200022,compression,zz_oracle,orig,0.5163717001788617,0.707374847571419,46521.0
00220004,compression,coarse,orig,0.9667988013787524,0.9970247457579496,3040.0
00220004,compression,grefem_max,orig,0.6702371488335412,0.9624091456603924,12014.0
00220004,compression,grefem_mid,orig,0.5419229631540475,0.8330861650956609,45562.0
00220004,compression,grefem_none,orig,0.8202654692449171,0.9842041203222353,54861.0
00220004,compression,heuristic,orig,0.7120476204721227,0.8441702260493135,11879.0
00220004,compression,heuristic_sub,orig,0.8489681993900378,0.9818253714215972,12000.0
00220004,compression,zz_oracle,orig,0.8215344209738294,0.9770713985103496,12587.0
00520092,torsion,coarse,orig,0.3486314005867236,0.5524900514525706,67943.0
00520092,torsion,grefem_max,orig,0.4490780154897232,0.7309234372442424,130712.0
00520092,torsion,grefem_mid,orig,0.327837278770062,0.5987619585859295,135548.0
00520092,torsion,grefem_none,orig,0.5210315479235873,0.7799249146733602,135702.0
00520092,torsion,heuristic,orig,0.4636380371658395,0.7809026884550206,121913.0
00520092,torsion,zz_oracle,orig,0.3890654257598644,0.666707878646935,123939.0
00520092,torsion,heuristic_sub,orig,0.3815261437358738,0.4728302353001944,120771.0
00200022,bending,coarse,orig,0.8759468818145449,0.9749988571627356,7627.0
00200022,bending,grefem_max,orig,0.6920184675387187,0.9285130717489932,50183.0
00200022,bending,grefem_mid,orig,0.765043337096102,0.9611069278358636,60689.0
00200022,bending,grefem_none,orig,0.7413163524508187,0.9226272285818404,50701.0
00200022,bending,heuristic,orig,0.6407434901820719,0.919150275765722,50057.0
00200022,bending,zz_oracle,orig,0.7404317140103658,0.8982794271660788,52857.0
00520006,bending,coarse,orig,0.517743424898161,0.9454421945392448,20552.0
00520006,bending,grefem_max,orig,0.5193212228580341,0.8291185987590663,55901.0
00520006,bending,grefem_mid,orig,0.5994606286125311,0.8639280654950935,68435.0
00520006,bending,grefem_none,orig,0.679967393253586,0.9414940011194644,58062.0
00520006,bending,heuristic,orig,0.6593086449001326,0.8929019526474948,57580.0
00520006,bending,zz_oracle,orig,0.7242552424443744,0.9580540501758495,51723.0
00200022,bending,heuristic_sub,orig,0.6407434901833364,0.9191502757661136,50057.0
00520006,bending,heuristic_sub,orig,0.7082561584480058,0.9434801014376204,54366.0
00200008,torsion,coarse,orig,0.8388132354249094,0.9858407087275284,70930.0
00200008,torsion,grefem_max,orig,0.4731515354566659,0.5244933434633644,195003.0
00200008,torsion,grefem_mid,orig,0.4664609253201905,0.504699139778988,194563.0
00200008,torsion,grefem_none,orig,0.6473508909408269,0.848032658060932,211269.0
00200008,torsion,heuristic,orig,0.599904269068116,0.7721084955947197,194043.0
00200008,torsion,zz_oracle,orig,0.8435788205023593,0.9757699366404048,175638.0
00510024,torsion,coarse,orig,0.6512536838320216,0.9653607408373394,38946.0
00510024,torsion,grefem_max,orig,0.5622746469688209,0.7976699744284209,238666.0
00510024,torsion,grefem_mid,orig,0.5622746469688227,0.7976699744284224,238666.0
00510024,torsion,grefem_none,orig,0.5593697274569306,0.7997276119747151,239199.0
00510024,torsion,heuristic,orig,0.468617405653554,0.7491752977781828,253207.0
00510024,torsion,zz_oracle,orig,0.521028089451555,0.8856151935941706,218961.0
00200008,torsion,heuristic_sub,orig,0.6006623664889061,0.7736196430222438,194043.0
00510024,torsion,heuristic_sub,orig,0.5517103459297865,0.7967069801412608,252596.0
00200008,bending,coarse,orig,0.7624837676101467,0.9654850630222844,70930.0
00200008,bending,grefem_max,orig,0.0807695381554614,1.37257118001109,195003.0
00200008,bending,grefem_mid,orig,0.0275862670207941,1.2854814277741915,194563.0
00200008,bending,grefem_none,orig,0.4168367742170374,0.6924328013948191,210937.0
00200008,bending,heuristic,orig,0.4082629223060663,0.5849726589012841,194043.0
00200008,bending,zz_oracle,orig,0.158595085936945,0.2935471140075532,167843.0
00510024,bending,coarse,orig,0.541021113209592,0.9087254063186496,38946.0
00510024,bending,grefem_max,orig,0.5062016952838048,0.728433620917251,238666.0
00510024,bending,grefem_mid,orig,0.4939072294759226,0.8368293263886772,204060.0
00510024,bending,grefem_none,orig,0.5110646085872387,0.7326890613643713,239199.0
00510024,bending,heuristic,orig,0.3349045561217917,0.4524228994210896,253207.0
00510024,bending,zz_oracle,orig,0.1435825471986833,0.6125207866456726,184078.0
00200008,bending,heuristic_sub,orig,0.4133428150023852,0.5939869339572605,194043.0
00510024,bending,heuristic_sub,orig,0.4425902185119985,0.5872683627964514,250826.0
00210090,torsion,coarse,orig,0.7514122849325073,0.9715995424998166,15870.0
00210090,torsion,grefem_max,orig,0.6702312352425437,0.9412726569404,52240.0
00210090,torsion,grefem_mid,orig,0.8395892386584314,0.9826402691794548,56522.0
00210090,torsion,grefem_none,orig,0.6097707118272949,0.8743910731132462,79620.0
00210090,torsion,heuristic,orig,0.826393923092364,0.983585503272276,56549.0
00210090,torsion,zz_oracle,orig,0.7961347954606482,0.9652335298375152,47871.0
Electrical_Parts_Servos_SG-90_Servo-sg90,torsion,coarse,orig,0.5472019720959533,0.9152591579015168,8039.0
Electrical_Parts_Servos_SG-90_Servo-sg90,torsion,grefem_max,orig,0.6365859880830704,0.7969197864895053,66341.0
Electrical_Parts_Servos_SG-90_Servo-sg90,torsion,grefem_mid,orig,0.7121153542252134,0.8599800023649072,69016.0
Electrical_Parts_Servos_SG-90_Servo-sg90,torsion,grefem_none,orig,0.7592865213490636,0.9168192496352816,59679.0
Electrical_Parts_Servos_SG-90_Servo-sg90,torsion,heuristic,orig,0.8060289325891059,0.9669013700006006,69336.0
Electrical_Parts_Servos_SG-90_Servo-sg90,torsion,zz_oracle,orig,0.2547039474627847,0.7562864868024379,48523.0
00210090,torsion,heuristic_sub,orig,0.7407257237121244,0.9299492997331912,55126.0
Electrical_Parts_Servos_SG-90_Servo-sg90,torsion,heuristic_sub,orig,0.8060289359634621,0.966901370796756,69336.0
00200008,bending_compression,coarse,orig,0.7752757562375482,0.9756701085470508,70930.0
00200008,bending_compression,grefem_max,orig,0.3720373439906861,0.3068580095684876,195003.0
00200008,bending_compression,grefem_mid,orig,0.6081248019162258,0.9150335064253574,194648.0
00200008,bending_compression,grefem_none,orig,0.6281684023087891,0.9245120634734814,202173.0
00200008,bending_compression,heuristic,orig,0.5146264123963434,0.7728725287254176,194043.0
00200008,bending_compression,heuristic_sub,orig,0.5146264125768255,0.7728725295519927,194043.0
00200008,bending_compression,zz_oracle,orig,0.6494739028712498,0.933566015099893,179570.0
00210097,bending_compression,coarse,orig,0.8583469585574196,0.9957289644345816,5961.0
00210097,bending_compression,grefem_max,orig,0.7837407393393979,0.9768809693113444,82448.0
00210097,bending_compression,grefem_mid,orig,0.6781528430480903,0.9224154820418556,113334.0
00210097,bending_compression,grefem_none,orig,0.7067626429906296,0.9896515254021332,14197.0
00210097,bending_compression,heuristic,orig,0.7375721179103658,0.9597677067492694,75961.0
00210097,bending_compression,heuristic_sub,orig,0.6335441444732676,0.7882076913054727,76545.0
00210097,bending_compression,zz_oracle,orig,0.497386415791746,0.9285278791295756,72786.0
00540016,bending_compression,coarse,orig,0.0643416826155047,0.7173542480660464,33919.0
00540016,bending_compression,grefem_max,orig,0.0416390418808795,0.4826325790588376,149913.0
00540016,bending_compression,grefem_mid,orig,0.0192037592718576,0.3494461092251494,146658.0
00540016,bending_compression,grefem_none,orig,0.662025202950368,0.8993793408237394,212997.0
00540016,bending_compression,heuristic,orig,0.0834653613798957,0.5498933151812676,135423.0
00540016,bending_compression,heuristic_sub,orig,0.135875145886534,0.6391548508755576,147389.0
00540016,bending_compression,zz_oracle,orig,0.8139614465025159,0.6357741333251341,69141.0
00220004,torsion,coarse,orig,0.9181121653447352,0.9929174753246214,3040.0
00220004,torsion,grefem_max,orig,0.4768666995720224,0.7454170199895165,45562.0
00220004,torsion,grefem_mid,orig,0.2677098382069574,0.3776164333000962,54778.0
00220004,torsion,grefem_none,orig,0.3953340794762082,0.7264285693275013,48897.0
00220004,torsion,heuristic,orig,0.4417618590596651,0.7479402106191564,48578.0
00220004,torsion,zz_oracle,orig,0.6970072052754684,0.9252544973304244,46174.0
Mechanical_Parts_Mountings_SHF08_SHF08,torsion,coarse,orig,0.9623185166560064,0.9995020984945304,5738.0
Mechanical_Parts_Mountings_SHF08_SHF08,torsion,grefem_max,orig,0.8878408110781795,0.9934696385161348,85818.0
Mechanical_Parts_Mountings_SHF08_SHF08,torsion,grefem_mid,orig,0.8924702502102377,0.992238731778471,93727.0
Mechanical_Parts_Mountings_SHF08_SHF08,torsion,grefem_none,orig,0.8931169278320344,0.9948878160550576,82335.0
Mechanical_Parts_Mountings_SHF08_SHF08,torsion,heuristic,orig,0.8521032553197814,0.9839601282449764,88188.0
Mechanical_Parts_Mountings_SHF08_SHF08,torsion,zz_oracle,orig,0.3672856461571901,0.8435039201394162,53728.0
00220004,torsion,heuristic_sub,orig,0.3171074312103759,0.7967333199714112,48470.0
Mechanical_Parts_Mountings_SHF08_SHF08,torsion,heuristic_sub,orig,0.8521032553197857,0.9839601282449773,88188.0
00200030,bending_compression,coarse,orig,0.9222700215414386,0.9938339315654764,3242.0
00200030,bending_compression,grefem_max,orig,0.6133885995501689,0.9694284128753066,41204.0
00200030,bending_compression,grefem_mid,orig,0.6133885995501689,0.9694284128753066,41204.0
00200030,bending_compression,grefem_none,orig,0.8738526957936725,0.9933639282477752,55171.0
00200030,bending_compression,heuristic,orig,0.8820869624118818,0.9944994067835372,41854.0
00200030,bending_compression,heuristic_sub,orig,0.8820869624118818,0.9944994067835372,41854.0
00200030,bending_compression,zz_oracle,orig,0.8520421081835435,0.9965276144169016,36827.0
00200008,compression,coarse,orig,0.8827886466081966,0.9898182765728938,70930.0
00200008,compression,grefem_max,orig,0.3363242603978036,0.0268898287331855,195003.0
00200008,compression,grefem_mid,orig,0.7423917874801259,0.9381213470289592,193983.0
00200008,compression,grefem_none,orig,0.8269816208197459,0.9757014680717534,211131.0
00200008,compression,heuristic,orig,0.7117154738405402,0.9046736000080176,194043.0
00200008,compression,heuristic_sub,orig,0.711859815928116,0.904767065973788,194043.0
00200008,compression,zz_oracle,orig,0.4196132705415685,0.607839817203658,177791.0
00210097,compression,coarse,orig,0.7310005927216559,0.9669973800052104,5961.0
00210097,compression,grefem_max,orig,0.7036006299032083,0.963587057911032,39168.0
00210097,compression,grefem_mid,orig,0.8171316967914477,0.9704489907674232,52277.0
00210097,compression,grefem_none,orig,0.3955074015997863,0.6640062036653688,42751.0
00210097,compression,heuristic,orig,0.7603734534630896,0.9572881457040348,41475.0
00210097,compression,heuristic_sub,orig,0.6834056447887326,0.921695644919678,40483.0
00210097,compression,zz_oracle,orig,0.1934013594303906,0.5008046130836489,35660.0
00540016,compression,coarse,orig,0.5274931079622267,0.5340566488724529,33919.0
00540016,compression,grefem_max,orig,0.2311468334300483,0.671981460355419,153934.0
00540016,compression,grefem_mid,orig,0.2799481650877681,0.8306566356319294,171927.0
00540016,compression,grefem_none,orig,0.4181063946363385,0.8144487222404122,214008.0
00540016,compression,heuristic,orig,0.0538691999308759,0.752058863258073,140218.0
00540016,compression,heuristic_sub,orig,0.2250684439219623,0.8395291363522362,142216.0
00540016,compression,zz_oracle,orig,1.3891517728008458,0.2205325992571204,119801.0
00210070,bending_compression,coarse,orig,0.6595879576445688,0.9654240592004526,10994.0
00210070,bending_compression,grefem_max,orig,0.7977112458437229,1.3624398367136816,139779.0
00210070,bending_compression,grefem_mid,orig,0.3824604828835991,0.7511193100619863,124456.0
00210070,bending_compression,grefem_none,orig,0.3798764820264911,0.5013658160792124,86418.0
00210070,bending_compression,heuristic,orig,0.0196710403505303,0.5118099128894464,145850.0
00210070,bending_compression,heuristic_sub,orig,0.0196710403505303,0.5118099128894464,145850.0
00210070,bending_compression,zz_oracle,orig,0.3465983157165857,0.8958851228896225,87134.0
Mechanical_Parts_Mountings_SK08_SK08-SK08,bending_compression,coarse,orig,0.91805708819549,0.9871417059269338,4567.0
Mechanical_Parts_Mountings_SK08_SK08-SK08,bending_compression,grefem_max,orig,0.5967026094783523,0.82671576366383,48152.0
Mechanical_Parts_Mountings_SK08_SK08-SK08,bending_compression,grefem_mid,orig,0.711838529219561,0.9460900871232152,47979.0
Mechanical_Parts_Mountings_SK08_SK08-SK08,bending_compression,grefem_none,orig,0.5281289341293682,0.4830108619659471,51271.0
Mechanical_Parts_Mountings_SK08_SK08-SK08,bending_compression,heuristic,orig,0.5253329798000436,0.7682905222254032,48451.0
Mechanical_Parts_Mountings_SK08_SK08-SK08,bending_compression,heuristic_sub,orig,0.4542735972147014,0.5779264435023092,48905.0
Mechanical_Parts_Mountings_SK08_SK08-SK08,bending_compression,zz_oracle,orig,0.0747050453058516,0.4884532406845096,35289.0
00520006,torsion_compression,coarse,orig,0.1403405465950169,0.8373719463203992,20552.0
00520006,torsion_compression,grefem_max,orig,0.4566737888332371,0.7752890495771855,91305.0
00520006,torsion_compression,grefem_mid,orig,0.5032681670425342,0.7976847344684722,91611.0
00520006,torsion_compression,grefem_none,orig,0.220018860338344,0.409723880168947,88414.0
00520006,torsion_compression,heuristic,orig,0.1957124548211415,0.2988076351494364,90490.0
00520006,torsion_compression,heuristic_sub,orig,0.3462229669782913,0.6360163931449168,91737.0
00520006,torsion_compression,zz_oracle,orig,0.2669095522844702,0.8183407687721435,85322.0
Mechanical_Parts_Mountings_SHF08_SHF08,torsion_compression,coarse,orig,0.8415949027621763,0.9846301562357508,5738.0
Mechanical_Parts_Mountings_SHF08_SHF08,torsion_compression,grefem_max,orig,0.7681758993085074,0.9651896154803982,34086.0
Mechanical_Parts_Mountings_SHF08_SHF08,torsion_compression,grefem_mid,orig,0.6856269845265698,0.9468257584430756,41619.0
Mechanical_Parts_Mountings_SHF08_SHF08,torsion_compression,grefem_none,orig,0.7283172635111733,0.9499530845882568,82431.0
Mechanical_Parts_Mountings_SHF08_SHF08,torsion_compression,heuristic,orig,0.6876501394743352,0.7801076940108298,31211.0
Mechanical_Parts_Mountings_SHF08_SHF08,torsion_compression,heuristic_sub,orig,0.922676854282554,0.9892859628168628,30997.0
Mechanical_Parts_Mountings_SHF08_SHF08,torsion_compression,zz_oracle,orig,0.1406901778649168,0.8253577499160478,30566.0
00200089,torsion_compression,coarse,orig,0.9329255211851188,0.9958579014006316,2904.0
00200089,torsion_compression,grefem_max,orig,0.6702859264573209,0.9110600197979312,74423.0
00200089,torsion_compression,grefem_mid,orig,0.7198322384207937,0.9489590910311314,74284.0
00200089,torsion_compression,grefem_none,orig,0.5603562475140634,0.9075240754464896,38771.0
00200089,torsion_compression,heuristic,orig,0.3623776966205131,0.8347574475677478,73251.0
00200089,torsion_compression,heuristic_sub,orig,0.3623776966205131,0.8347574475677478,73251.0
00200089,torsion_compression,zz_oracle,orig,0.1262822550053339,0.7738438247664191,25085.0
00230003,torsion_compression,coarse,orig,0.7761386342952316,0.9605951808998302,7761.0
00230003,torsion_compression,grefem_max,orig,0.8168076449619912,0.936812326443316,29079.0
00230003,torsion_compression,grefem_mid,orig,0.8479350490790424,0.9441744207149232,113448.0
00230003,torsion_compression,grefem_none,orig,0.833947203369964,0.9500966515453628,52250.0
00230003,torsion_compression,heuristic,orig,0.8861695388679763,0.9660416945338146,27317.0
00230003,torsion_compression,heuristic_sub,orig,0.8861695388679763,0.9660416945338146,27317.0
00230003,torsion_compression,zz_oracle,orig,0.8749834749586007,0.9560357076663056,29537.0
Electrical_Parts_Servos_SG-90_Servo-sg90,torsion_compression,coarse,orig,0.7162236238007018,0.969550251301967,8039.0
Electrical_Parts_Servos_SG-90_Servo-sg90,torsion_compression,grefem_max,orig,0.6755695231118376,0.8763412082374684,60279.0
Electrical_Parts_Servos_SG-90_Servo-sg90,torsion_compression,grefem_mid,orig,0.6857254997401595,0.8371082574217159,81423.0
Electrical_Parts_Servos_SG-90_Servo-sg90,torsion_compression,grefem_none,orig,0.6873031232872129,0.9134710583926744,62360.0
Electrical_Parts_Servos_SG-90_Servo-sg90,torsion_compression,heuristic,orig,0.6932948117259267,0.94072578577658,61890.0
Electrical_Parts_Servos_SG-90_Servo-sg90,torsion_compression,heuristic_sub,orig,0.6932948117259267,0.94072578577658,61890.0
Electrical_Parts_Servos_SG-90_Servo-sg90,torsion_compression,zz_oracle,orig,0.1882652068457737,0.6625669054642908,56435.0
00210090,bending,coarse,orig,0.8092297706242235,0.9830584776703182,15870.0
00210090,bending,grefem_max,orig,0.7068165730795891,0.9583100176200986,77617.0
00210090,bending,grefem_mid,orig,0.8162301229938657,0.97693258880029,45832.0
00210090,bending,grefem_none,orig,0.7680867278932505,0.9759867343625472,85654.0
00210090,bending,heuristic,orig,0.7121290416358548,0.9662595159810616,70334.0
00210090,bending,zz_oracle,orig,0.5777004728456417,0.90035063378262,72523.0
Electrical_Parts_Servos_SG-90_Servo-sg90,bending,coarse,orig,0.5867572812281715,0.94764328488449,8039.0
Electrical_Parts_Servos_SG-90_Servo-sg90,bending,grefem_max,orig,0.7027609367582623,0.932787498957529,33220.0
Electrical_Parts_Servos_SG-90_Servo-sg90,bending,grefem_mid,orig,0.7906491540614807,0.979778598966722,58639.0
Electrical_Parts_Servos_SG-90_Servo-sg90,bending,grefem_none,orig,0.6458306112567251,0.8993828262546614,51460.0
Electrical_Parts_Servos_SG-90_Servo-sg90,bending,heuristic,orig,0.6996323694679183,0.8991759496747882,36435.0
Electrical_Parts_Servos_SG-90_Servo-sg90,bending,zz_oracle,orig,0.5499828744243221,0.9229667904214356,30707.0
00210090,bending,heuristic_sub,orig,0.8612638573095822,0.982788258117122,71815.0
Electrical_Parts_Servos_SG-90_Servo-sg90,bending,heuristic_sub,orig,0.699658664277918,0.8991923626769889,36435.0
00200030,torsion,coarse,orig,0.9166647082655832,0.9955895243429048,3242.0
00200030,torsion,grefem_max,orig,0.5703390932595069,0.8141380442346456,66732.0
00200030,torsion,grefem_mid,orig,0.5703390932595069,0.8141380442346456,66732.0
00200030,torsion,grefem_none,orig,0.5572797839452576,0.7776841887354509,72209.0
00200030,torsion,heuristic,orig,0.4449249602986079,0.6503098283356179,63205.0
00200030,torsion,zz_oracle,orig,0.5591098799934174,0.8799739250550657,64592.0
00200030,torsion,heuristic_sub,orig,0.4449249602986079,0.6503098283356179,63205.0
00540016,bending,coarse,orig,0.5530905624468665,0.9364277183753468,33919.0
00540016,bending,grefem_max,orig,0.6450726783276801,0.9468014575959578,141811.0
00540016,bending,grefem_mid,orig,0.8373369471660219,0.9902118508575062,181851.0
00540016,bending,grefem_none,orig,0.6975638788685513,0.9540756096000922,210823.0
00540016,bending,heuristic,orig,0.6803427676483358,0.950694698081782,144574.0
00540016,bending,zz_oracle,orig,0.4395539883848079,0.8309596914824827,129794.0
00540016,bending,heuristic_sub,orig,0.542592898071116,0.8146828671099384,127975.0
00200089,bending,coarse,orig,0.928320590807538,0.9929764264806022,2904.0
00200089,bending,grefem_max,orig,0.640773469077745,0.9014731346784444,38578.0
00200089,bending,grefem_mid,orig,0.640773469077745,0.9014731346784444,38578.0
00200089,bending,grefem_none,orig,0.3379662786808875,0.8693029295931842,28675.0
00200089,bending,heuristic,orig,0.5014729702607422,0.7934501950985174,38338.0
00200089,bending,zz_oracle,orig,0.1849728591390106,0.910830032613994,22042.0
00200089,bending,heuristic_sub,orig,0.5014729702607313,0.7934501950985056,38338.0
00520092,bending,coarse,orig,0.2616951237827402,0.2961377020315405,67943.0
00520092,bending,grefem_max,orig,0.3188425351123684,0.5423082194689586,131486.0
00520092,bending,grefem_mid,orig,0.3274335936345872,0.5115122609940523,130712.0
00520092,bending,grefem_none,orig,0.2594946641176644,0.0407398708486782,225440.0
00520092,bending,heuristic,orig,0.3525273793352848,0.5896828666194527,121913.0
00520092,bending,zz_oracle,orig,0.5557523032907642,0.8186763321360265,122443.0
00520092,bending,heuristic_sub,orig,0.3374909931031272,0.5642497627116082,119337.0
00200089,bending_compression,coarse,orig,0.8801958155532961,0.9874865742941868,2904.0
00200089,bending_compression,grefem_max,orig,0.6600621432019769,0.8737827709281673,38578.0
00200089,bending_compression,grefem_mid,orig,0.660062143202222,0.8737827709282563,38578.0
00200089,bending_compression,grefem_none,orig,0.365848049355139,0.8377106930907107,28675.0
00200089,bending_compression,heuristic,orig,0.5766321671273574,0.7896598483136612,38338.0
00200089,bending_compression,heuristic_sub,orig,0.3086615323392215,0.6275831533606597,37525.0
00200089,bending_compression,zz_oracle,orig,0.4959855336195862,0.964361040773736,16061.0
00230003,bending_compression,coarse,orig,0.7794411790047149,0.9581427158450948,7761.0
00230003,bending_compression,grefem_max,orig,0.6775490082346117,0.9608613605594248,68242.0
00230003,bending_compression,grefem_mid,orig,0.5459328312168399,0.8549959766664055,113448.0
00230003,bending_compression,grefem_none,orig,0.7357228793280721,0.9667149144604212,56064.0
00230003,bending_compression,heuristic,orig,0.5851737707966768,0.8826865604321145,66407.0
00230003,bending_compression,heuristic_sub,orig,0.5851737707966768,0.8826865604321145,66407.0
00230003,bending_compression,zz_oracle,orig,0.719579475892046,0.951411713298011,71444.0
Electrical_Parts_Servos_SG-90_Servo-sg90,bending_compression,coarse,orig,0.7242720904263966,0.9731378977192896,8039.0
Electrical_Parts_Servos_SG-90_Servo-sg90,bending_compression,grefem_max,orig,0.6630004225698954,0.8651867266645177,60412.0
Electrical_Parts_Servos_SG-90_Servo-sg90,bending_compression,grefem_mid,orig,0.7323847181160067,0.9452762840705422,34566.0
Electrical_Parts_Servos_SG-90_Servo-sg90,bending_compression,grefem_none,orig,0.6613111510883246,0.9263900900485356,30499.0
Electrical_Parts_Servos_SG-90_Servo-sg90,bending_compression,heuristic,orig,0.6902232575621882,0.9394098952852512,62482.0
Electrical_Parts_Servos_SG-90_Servo-sg90,bending_compression,heuristic_sub,orig,0.6902232575621882,0.9394098952852512,62482.0
Electrical_Parts_Servos_SG-90_Servo-sg90,bending_compression,zz_oracle,orig,0.4044018843172955,0.8705718433754788,48626.0
00200022,bending_compression,coarse,orig,0.8354438214560254,0.94666232708465,7627.0
00200022,bending_compression,grefem_max,orig,0.6900233555873337,0.9233416361209555,50183.0
00200022,bending_compression,grefem_mid,orig,0.6900233555873337,0.9233416361209555,50183.0
00200022,bending_compression,grefem_none,orig,0.6857377880464102,0.8845806112122643,61418.0
00200022,bending_compression,heuristic,orig,0.7356592273564105,0.936125084030443,50057.0
00200022,bending_compression,heuristic_sub,orig,0.8210069298137287,0.956042306789913,48970.0
00200022,bending_compression,zz_oracle,orig,0.5327962663209888,0.8701005814741298,45667.0
00220004,bending_compression,coarse,orig,0.8737204879748625,0.9811682340534674,3040.0
00220004,bending_compression,grefem_max,orig,0.2665131647060442,0.9402358780526476,9301.0
00220004,bending_compression,grefem_mid,orig,0.3554740460982981,0.6700804573378938,45562.0
00220004,bending_compression,grefem_none,orig,0.2980589315436479,0.7671362764743342,17449.0
00220004,bending_compression,heuristic,orig,0.830930737880895,0.9772271203117572,9304.0
00220004,bending_compression,heuristic_sub,orig,0.8810205763982486,0.9810536495331632,9357.0
00220004,bending_compression,zz_oracle,orig,0.5875085975945564,0.964031146696098,9678.0
00200089,torsion,coarse,orig,0.9251718183767794,0.9937769182465468,2904.0
00200089,torsion,grefem_max,orig,0.6786658671266468,0.9057175578914616,38578.0
00200089,torsion,grefem_mid,orig,0.5599172612728484,0.8176409494694445,42823.0
00200089,torsion,grefem_none,orig,0.4371631854823606,0.8747141358415269,28675.0
00200089,torsion,heuristic,orig,0.5637963692466188,0.8167736492059386,38338.0
00200089,torsion,zz_oracle,orig,0.1941146970007039,0.930595353754312,28272.0
00200089,torsion,heuristic_sub,orig,0.5637963692466219,0.8167736492059394,38338.0
00510024,bending_compression,coarse,orig,0.7730064123035432,0.9819095940221764,38946.0
00510024,bending_compression,grefem_max,orig,0.7316002338625346,0.965929556971483,238666.0
00510024,bending_compression,grefem_mid,orig,0.7316002338625344,0.9659295569714832,238666.0
00510024,bending_compression,grefem_none,orig,0.8875338628581009,0.9915794120741732,247875.0
00510024,bending_compression,heuristic,orig,0.5945216467891493,0.834158870738327,253207.0
00510024,bending_compression,heuristic_sub,orig,0.7361530983575777,0.9589641162619468,251487.0
00510024,bending_compression,zz_oracle,orig,0.5647068208206352,0.846230576640533,214986.0
00520092,bending_compression,coarse,orig,0.031375585482385,0.0381987970909851,67943.0
00520092,bending_compression,grefem_max,orig,0.1867390464490807,0.3951900578211009,130388.0
00520092,bending_compression,grefem_mid,orig,0.5511993197754276,0.7642234071012983,130398.0
00520092,bending_compression,grefem_none,orig,0.3454316863218858,0.5208763400423819,136040.0
00520092,bending_compression,heuristic,orig,0.226813630401707,0.49899045247555,121913.0
00520092,bending_compression,heuristic_sub,orig,0.2093927752820314,0.336813185885794,119981.0
00520092,bending_compression,zz_oracle,orig,0.24512120068408,0.5459930098077215,124851.0
00210097,bending,coarse,orig,0.656992487505865,0.9664688222913232,5961.0
00210097,bending,grefem_max,orig,0.3375505596892202,0.6691996533069862,29483.0
00210097,bending,grefem_mid,orig,0.5640492944770533,0.8862164061454019,53545.0
00210097,bending,grefem_none,orig,0.6623278555992224,0.95360862731202,14197.0
00210097,bending,heuristic,orig,0.5852733763191674,0.7578489361004231,31640.0
00210097,bending,zz_oracle,orig,0.388380044452066,0.8575431580503022,27991.0
00210097,bending,heuristic_sub,orig,0.7418026501876971,0.9388888697115476,31933.0
00510024,compression,coarse,orig,0.6701455587691004,0.9578641802387564,38946.0
00510024,compression,grefem_max,orig,0.5264139421623543,0.7856302242569646,238666.0
00510024,compression,grefem_mid,orig,0.526413940254288,0.7856302236522269,238666.0
00510024,compression,grefem_none,orig,0.6770637040601727,0.9561485802701252,239999.0
00510024,compression,heuristic,orig,0.5951267555342287,0.8223424588009266,253207.0
00510024,compression,heuristic_sub,orig,0.5281048990354968,0.7823533718891273,251980.0
00510024,compression,zz_oracle,orig,0.5241779969857617,0.9003416792843042,223965.0
Mechanical_Parts_Mountings_SK08_SK08-SK08,torsion,coarse,orig,0.8097072260611604,0.959170408882874,4567.0
Mechanical_Parts_Mountings_SK08_SK08-SK08,torsion,grefem_max,orig,0.7510042665566756,0.9566672010206044,48152.0
Mechanical_Parts_Mountings_SK08_SK08-SK08,torsion,grefem_mid,orig,0.7112205485307367,0.9117177687393974,47988.0
Mechanical_Parts_Mountings_SK08_SK08-SK08,torsion,grefem_none,orig,0.7196586791632801,0.9152463787316096,46434.0
Mechanical_Parts_Mountings_SK08_SK08-SK08,torsion,heuristic,orig,0.6856620579277828,0.8910945711615144,48451.0
Mechanical_Parts_Mountings_SK08_SK08-SK08,torsion,zz_oracle,orig,0.8246099757811598,0.9447935142652586,48270.0
Mechanical_Parts_Mountings_SK08_SK08-SK08,torsion,heuristic_sub,orig,0.6856620579277816,0.8910945711615138,48451.0
00520092,torsion_compression,coarse,orig,0.4949564682575474,0.781125409407049,67943.0
00520092,torsion_compression,grefem_max,orig,0.5168626085099767,0.8704460085040788,119309.0
00520092,torsion_compression,grefem_mid,orig,0.6093458681005273,0.8897837842183788,119681.0
00520092,torsion_compression,grefem_none,orig,0.6748589076348294,0.896932677548364,136040.0
00520092,torsion_compression,heuristic,orig,0.6055543806166206,0.8915264197863955,121913.0
00520092,torsion_compression,heuristic_sub,orig,0.6136918262175566,0.9046389713556202,119790.0
00520092,torsion_compression,zz_oracle,orig,0.5771095710514581,0.872448723056413,107619.0
00230003,bending,coarse,orig,0.6179594983865374,0.8758592457132504,7761.0
00230003,bending,grefem_max,orig,0.0863692249930379,0.688886848925159,66956.0
00230003,bending,grefem_mid,orig,0.770053172890407,0.9076857321303148,118040.0
00230003,bending,grefem_none,orig,0.8037762708417724,0.9273136629682694,51193.0
00230003,bending,heuristic,orig,0.9093290130974532,0.9924428060407255,64574.0
00230003,bending,zz_oracle,orig,0.8206073601229155,0.983526847238264,61320.0
00230003,bending,heuristic_sub,orig,0.9093290130974532,0.9924428060407255,64574.0
00200008,torsion_compression,coarse,orig,0.7992081781382975,0.9821093791016144,70930.0
00200008,torsion_compression,grefem_max,orig,0.5626519014654433,0.8661984819213205,194644.0
00200008,torsion_compression,grefem_mid,orig,0.3951954764715021,0.3886259107076024,195003.0
00200008,torsion_compression,grefem_none,orig,0.6490958279833753,0.9287425572266252,202173.0
00200008,torsion_compression,heuristic,orig,0.3869103148240383,0.2949438825870992,194310.0
00200008,torsion_compression,heuristic_sub,orig,0.3869103122659688,0.2949438797845785,194310.0
00200008,torsion_compression,zz_oracle,orig,0.4500187968991964,0.8119501145953801,180232.0
00210097,torsion_compression,coarse,orig,0.6658517111593747,0.9740512594994472,5961.0
00210097,torsion_compression,grefem_max,orig,0.53288919104386,0.8180259904232575,97886.0
00210097,torsion_compression,grefem_mid,orig,0.6968699606626169,0.955061569314801,101597.0
00210097,torsion_compression,grefem_none,orig,0.4888711102480172,0.8127473042103205,79593.0
00210097,torsion_compression,heuristic,orig,0.51536712912004,0.7619324396189948,91970.0
00210097,torsion_compression,heuristic_sub,orig,0.51536712912004,0.7619324396189948,91970.0
00210097,torsion_compression,zz_oracle,orig,0.2467476975155768,0.7417434078435685,88797.0
00540016,torsion_compression,coarse,orig,0.0615359054187865,0.792565095558918,33919.0
00540016,torsion_compression,grefem_max,orig,0.4082595735244208,0.8916837252273516,160891.0
00540016,torsion_compression,grefem_mid,orig,0.0077090220115625,0.257795748479978,172551.0
00540016,torsion_compression,grefem_none,orig,0.4825192567412346,0.7962931327051357,179366.0
00540016,torsion_compression,heuristic,orig,0.2544375957867082,0.6614126851616583,148544.0
00540016,torsion_compression,heuristic_sub,orig,0.2692209875369927,0.7056092457824278,149522.0
00540016,torsion_compression,zz_oracle,orig,0.5816541734211977,0.1015237418081025,93415.0
00510024,torsion_compression,coarse,orig,0.6881284280901134,0.944346370295812,38946.0
00510024,torsion_compression,grefem_max,orig,0.7239659763338553,0.9442539196084402,238666.0
00510024,torsion_compression,grefem_mid,orig,0.666981418155209,0.9380993280186292,204060.0
00510024,torsion_compression,grefem_none,orig,0.7251671127195292,0.9443524486343884,239199.0
00510024,torsion_compression,heuristic,orig,0.6044265042591559,0.81886629112041,253207.0
00510024,torsion_compression,heuristic_sub,orig,0.6596864544085879,0.9443548873723872,250988.0
00510024,torsion_compression,zz_oracle,orig,0.6525923502395662,0.9314223448790154,129519.0
00220074,torsion_compression,coarse,orig,0.8018670753288968,0.9792167713050544,63758.0
00220074,torsion_compression,grefem_max,orig,0.6434026041847619,0.948220731056906,131573.0
00220074,torsion_compression,grefem_mid,orig,0.8230825174414854,0.9818735774107088,69154.0
00220074,torsion_compression,grefem_none,orig,0.6327760971483464,0.898445137743435,134521.0
00220074,torsion_compression,heuristic,orig,0.3072960923151096,0.4378927114946049,120432.0
00220074,torsion_compression,heuristic_sub,orig,0.0356127840816922,0.7186355267211162,120003.0
00220074,torsion_compression,zz_oracle,orig,0.0026192121887458,0.7657369459918513,96062.0
00210070,torsion,coarse,orig,0.7292416780942185,0.9815268456825263,10994.0
00210070,torsion,grefem_max,orig,0.7607582805652229,0.9432132797895156,116790.0
00210070,torsion,grefem_mid,orig,0.6087558459912061,0.7707566588166939,139897.0
00210070,torsion,grefem_none,orig,0.6046815590495689,0.9150547562763977,86538.0
00210070,torsion,heuristic,orig,0.6021119340885251,0.8560630277255088,114752.0
00210070,torsion,zz_oracle,orig,0.806278219095697,0.9524896771677168,111879.0
00210070,torsion,heuristic_sub,orig,0.6021119340885251,0.8560630277255088,114752.0
00210090,torsion_compression,coarse,orig,0.4486888606607114,0.890776023563387,15870.0
00210090,torsion_compression,grefem_max,orig,0.6241380434341269,0.9069873960121594,51877.0
00210090,torsion_compression,grefem_mid,orig,0.787421559971054,0.9857491364844158,87226.0
00210090,torsion_compression,grefem_none,orig,0.8557611951858302,0.9951675036152808,92574.0
00210090,torsion_compression,heuristic,orig,0.5854846924583644,0.9255978424131656,56111.0
00210090,torsion_compression,heuristic_sub,orig,0.7859671896214506,0.9676554156450016,54579.0
00210090,torsion_compression,zz_oracle,orig,0.351250649066839,0.8314598766853297,48956.0
00520006,compression,coarse,orig,0.4898812982508662,0.9217247576611114,20552.0
00520006,compression,grefem_max,orig,0.6645400317982649,0.9060452474125396,66295.0
00520006,compression,grefem_mid,orig,0.6371621869950957,0.8930800384048363,91559.0
00520006,compression,grefem_none,orig,0.5874901015754789,0.8582508105286861,86845.0
00520006,compression,heuristic,orig,0.6969800161585022,0.950740374638107,63047.0
00520006,compression,heuristic_sub,orig,0.5689203579923408,0.8401915596372064,64049.0
00520006,compression,zz_oracle,orig,0.6748116906530771,0.954068383737459,61816.0
Mechanical_Parts_Mountings_SHF08_SHF08,compression,coarse,orig,0.9321311067228968,0.9964292349237128,5738.0
Mechanical_Parts_Mountings_SHF08_SHF08,compression,grefem_max,orig,0.9289699276831744,0.9946763564591424,74006.0
Mechanical_Parts_Mountings_SHF08_SHF08,compression,grefem_mid,orig,0.8324546244323852,0.9823684303394492,84699.0
Mechanical_Parts_Mountings_SHF08_SHF08,compression,grefem_none,orig,0.928980710813762,0.994922925346812,81246.0
Mechanical_Parts_Mountings_SHF08_SHF08,compression,heuristic,orig,0.9318907863581104,0.9949225957517313,72679.0
Mechanical_Parts_Mountings_SHF08_SHF08,compression,heuristic_sub,orig,0.9318907863581104,0.9949225957517313,72679.0
Mechanical_Parts_Mountings_SHF08_SHF08,compression,zz_oracle,orig,0.929236479317893,0.9938745736948492,73357.0
00210070,bending,coarse,orig,0.8073369183976716,0.9813422216164706,10994.0
00210070,bending,grefem_max,orig,0.5358064455825434,0.7727551302185426,112928.0
00210070,bending,grefem_mid,orig,0.4770669653692189,0.7365378677027885,122226.0
00210070,bending,grefem_none,orig,0.6394957949827257,0.828991039298562,143171.0
00210070,bending,heuristic,orig,0.4703250503851786,0.6791626230452041,114752.0
00210070,bending,zz_oracle,orig,0.5499480535899375,0.9304236326495252,110341.0
00210070,bending,heuristic_sub,orig,0.4703250500085215,0.6791626225707034,114752.0
00210090,bending_compression,coarse,orig,0.5071431362353772,0.883428479636874,15870.0
00210090,bending_compression,grefem_max,orig,0.8335714871015039,0.9918824425924284,88965.0
00210090,bending_compression,grefem_mid,orig,0.676718702954026,0.9262995282111892,46197.0
00210090,bending_compression,grefem_none,orig,0.6009611743704928,0.8588085190033888,92382.0
00210090,bending_compression,heuristic,orig,0.5933549914171418,0.8400921658515764,84631.0
00210090,bending_compression,heuristic_sub,orig,0.1792704064774357,0.353766500614081,86378.0
00210090,bending_compression,zz_oracle,orig,0.8186761151824101,0.9920767824221284,60669.0
00210097,torsion,coarse,orig,0.6678614031289587,0.9806676265799974,5961.0
00210097,torsion,grefem_max,orig,0.6718120803831527,0.9094600982430976,74970.0
00210097,torsion,grefem_mid,orig,0.5584756813570741,0.8461611141008644,50428.0
00210097,torsion,grefem_none,orig,0.5855279594524325,0.830106423503895,79922.0
00210097,torsion,heuristic,orig,0.7934111052044364,0.948485602510691,68333.0
00210097,torsion,zz_oracle,orig,0.6530447955889843,0.8907081423911676,75849.0
00210097,torsion,heuristic_sub,orig,0.7934111052044364,0.948485602510691,68333.0
00210070,torsion_compression,coarse,orig,0.8628486037378275,0.9909027980155948,10994.0
00210070,torsion_compression,grefem_max,orig,0.7093523905322139,0.9297949413531552,112639.0
00210070,torsion_compression,grefem_mid,orig,0.7469719774837655,0.928358785747158,119993.0
00210070,torsion_compression,grefem_none,orig,0.872710158586483,0.9883130554371644,43842.0
00210070,torsion_compression,heuristic,orig,0.7297632222347129,0.9240844535573298,114752.0
00210070,torsion_compression,heuristic_sub,orig,0.7301136242293487,0.9241015203570412,114752.0
00210070,torsion_compression,zz_oracle,orig,0.4379204304941377,0.6862881575730512,87896.0
Mechanical_Parts_Mountings_SK08_SK08-SK08,torsion_compression,coarse,orig,0.3115849209452265,0.3154718527815412,4567.0
Mechanical_Parts_Mountings_SK08_SK08-SK08,torsion_compression,grefem_max,orig,0.0904494667877914,0.8547340574760147,48303.0
Mechanical_Parts_Mountings_SK08_SK08-SK08,torsion_compression,grefem_mid,orig,0.1423007727040878,0.629585147567032,48152.0
Mechanical_Parts_Mountings_SK08_SK08-SK08,torsion_compression,grefem_none,orig,0.5320958640893904,0.759474812719837,46434.0
Mechanical_Parts_Mountings_SK08_SK08-SK08,torsion_compression,heuristic,orig,0.4546757559458487,1.3514268534797276,48704.0
Mechanical_Parts_Mountings_SK08_SK08-SK08,torsion_compression,heuristic_sub,orig,0.3751062744834725,1.468193092788994,48734.0
Mechanical_Parts_Mountings_SK08_SK08-SK08,torsion_compression,zz_oracle,orig,0.2925465262779774,0.5250589591317766,39743.0
00200030,bending,coarse,orig,0.9267898021169316,0.9944686674892064,3242.0
00200030,bending,grefem_max,orig,0.5624539332159113,0.836074252336487,60663.0
00200030,bending,grefem_mid,orig,0.5617997376647539,0.7813262255293607,66732.0
00200030,bending,grefem_none,orig,0.6156553326033172,0.9047876299211464,74471.0
00200030,bending,heuristic,orig,0.4604048661001215,0.645054899469795,58933.0
00200030,bending,zz_oracle,orig,0.6735440298851237,0.9556181525950332,56159.0
00200030,bending,heuristic_sub,orig,0.4604048661001215,0.645054899469795,58933.0
00220004,bending,coarse,orig,0.9159319579547116,0.9951220832870136,3040.0
00220004,bending,grefem_max,orig,0.4437244809032293,0.8307335044888776,21300.0
00220004,bending,grefem_mid,orig,0.4437244809032293,0.8307335044888776,21300.0
00220004,bending,grefem_none,orig,0.8289184848005738,0.9790709797956204,15720.0
00220004,bending,heuristic,orig,0.7386091557472257,0.9500279044838218,21195.0
00220004,bending,zz_oracle,orig,0.3334140066565132,0.940309409550986,21902.0
Mechanical_Parts_Mountings_SHF08_SHF08,bending,coarse,orig,0.9269246439234522,0.9959877137890768,5738.0
Mechanical_Parts_Mountings_SHF08_SHF08,bending,grefem_max,orig,0.9064585313780668,0.9926596397974566,92880.0
Mechanical_Parts_Mountings_SHF08_SHF08,bending,grefem_mid,orig,0.8851087037218017,0.9887943484837254,89730.0
Mechanical_Parts_Mountings_SHF08_SHF08,bending,grefem_none,orig,0.7872771651479069,0.9260547240383512,81030.0
Mechanical_Parts_Mountings_SHF08_SHF08,bending,heuristic,orig,0.8718274535173356,0.9840570943158272,88188.0
Mechanical_Parts_Mountings_SHF08_SHF08,bending,zz_oracle,orig,0.6070456290930669,0.9087807530450412,60562.0
00220004,bending,heuristic_sub,orig,0.7386091557472675,0.9500279044838448,21195.0
Mechanical_Parts_Mountings_SHF08_SHF08,bending,heuristic_sub,orig,0.9236656687855108,0.9931180121498788,87725.0
00220074,bending,coarse,orig,0.9359853380714416,0.9960476248986466,63758.0
00220074,bending,grefem_max,orig,0.6645652514732516,0.9262039919002496,103482.0
00220074,bending,grefem_mid,orig,0.9406275815397428,0.9961291566380892,101872.0
00220074,bending,grefem_none,orig,0.7646373316139221,0.9864977527597366,134078.0
00220074,bending,heuristic,orig,0.7569983954333417,0.9737621098036832,98019.0
00220074,bending,zz_oracle,orig,0.6326469105652156,0.9314791332662788,108674.0
00220074,bending,heuristic_sub,orig,0.5364320360455853,0.9589988653591582,97458.0
00220074,bending_compression,coarse,orig,0.9426125015771868,0.996907078868546,63758.0
00220074,bending_compression,grefem_max,orig,0.944491055819974,0.9960588538424052,101872.0
00220074,bending_compression,grefem_mid,orig,0.7881066838504284,0.9772521842795894,102149.0
00220074,bending_compression,grefem_none,orig,0.7113366753723306,0.9388770339386138,133700.0
00220074,bending_compression,heuristic,orig,0.7485641467358889,0.973272159553464,95867.0
00220074,bending_compression,heuristic_sub,orig,0.4022696165524372,0.643496262620333,99298.0
00220074,bending_compression,zz_oracle,orig,0.5581874630874067,0.9770344538234318,93205.0
00210090,compression,coarse,orig,0.8808464665478593,0.9874459631632556,15870.0
00210090,compression,grefem_max,orig,0.7849993665383761,0.9867552164900012,48868.0
00210090,compression,grefem_mid,orig,0.7502414547232882,0.97741088525457,80429.0
00210090,compression,grefem_none,orig,0.8938926729887511,0.994135949411192,77799.0
00210090,compression,heuristic,orig,0.8702347495884815,0.9938779325723726,52183.0
00210090,compression,heuristic_sub,orig,0.8230675199537822,0.9791859225327738,52316.0
00210090,compression,zz_oracle,orig,0.6269255886610756,0.9615879066023572,45717.0
00200089,compression,coarse,orig,0.9237318895403482,0.9934435259301968,2904.0
00200089,compression,grefem_max,orig,0.7086653011918989,0.933524111424507,38578.0
00200089,compression,grefem_mid,orig,0.7086653011918989,0.933524111424507,38578.0
00200089,compression,grefem_none,orig,0.595571054976209,0.974205969545904,18920.0
00200089,compression,heuristic,orig,0.6146381657797578,0.8901814649274963,38338.0
00200089,compression,heuristic_sub,orig,0.6146381657797578,0.8901814649274963,38338.0
00200089,compression,zz_oracle,orig,0.048458905300485,0.7541473360250361,29197.0
00230003,compression,coarse,orig,0.7285276457680303,0.8773952800593924,7761.0
00230003,compression,grefem_max,orig,0.7626029574488422,0.9681239988340148,86401.0
00230003,compression,grefem_mid,orig,0.4259898988558402,0.8204349152571851,113448.0
00230003,compression,grefem_none,orig,0.29050145743534,0.7213543481337636,52250.0
00230003,compression,heuristic,orig,0.6910466748149063,0.9114629223072588,82555.0
00230003,compression,heuristic_sub,orig,0.6910466748149063,0.9114629223072588,82555.0
00230003,compression,zz_oracle,orig,0.5857503642717243,0.8794028809256341,70868.0
Electrical_Parts_Servos_SG-90_Servo-sg90,compression,coarse,orig,0.4889475238307588,0.9151992081749448,8039.0
Electrical_Parts_Servos_SG-90_Servo-sg90,compression,grefem_max,orig,0.6381593349117511,0.8347251746000801,55357.0
Electrical_Parts_Servos_SG-90_Servo-sg90,compression,grefem_mid,orig,0.75971047771907,0.929119331527897,87050.0
Electrical_Parts_Servos_SG-90_Servo-sg90,compression,grefem_none,orig,0.7475904685514447,0.9302191944242922,54003.0
Electrical_Parts_Servos_SG-90_Servo-sg90,compression,heuristic,orig,0.8049627417420216,0.9678801187695314,56421.0
Electrical_Parts_Servos_SG-90_Servo-sg90,compression,heuristic_sub,orig,0.8049627417420216,0.9678801187695314,56421.0
Electrical_Parts_Servos_SG-90_Servo-sg90,compression,zz_oracle,orig,0.6010839529427568,0.913431819967064,50736.0
00520092,compression,coarse,orig,0.2980817092658837,0.3443093090305043,67943.0
00520092,compression,grefem_max,orig,0.5182143662381697,0.7927344958442835,108416.0
00520092,compression,grefem_mid,orig,0.3653946078411303,0.5873209169700329,130712.0
00520092,compression,grefem_none,orig,0.2714004592131968,0.084457566673593,129785.0
00520092,compression,heuristic,orig,0.3712640512811929,0.5504530034909583,109197.0
00520092,compression,heuristic_sub,orig,0.3673372809258737,0.5475252191620186,109735.0
00520092,compression,zz_oracle,orig,0.2431114195140475,0.003715269918813,98844.0
00230003,torsion,coarse,orig,0.0851282040356643,0.0649222562800836,7761.0
00230003,torsion,grefem_max,orig,0.5947794700666543,0.8530790432381098,113448.0
00230003,torsion,grefem_mid,orig,0.5948303855985769,0.8530997523674648,113448.0
00230003,torsion,grefem_none,orig,0.7774947991622282,0.2390531944475833,52250.0
00230003,torsion,heuristic,orig,1.1652086408864888,3.1767393166673106,109507.0
00230003,torsion,zz_oracle,orig,0.4346376290502112,0.7187931292683454,106510.0
00230003,torsion,heuristic_sub,orig,1.165271412939478,3.1768916650763583,109507.0
00200030,compression,coarse,orig,0.969757355238336,0.998690750804921,3242.0
00200030,compression,grefem_max,orig,0.5669834373698398,0.79092681760579,66732.0
00200030,compression,grefem_mid,orig,0.5669834373698398,0.79092681760579,66732.0
00200030,compression,grefem_none,orig,0.6160315181802785,0.8507777809432634,80883.0
00200030,compression,heuristic,orig,0.463372355507496,0.6480428454618951,63205.0
00200030,compression,heuristic_sub,orig,0.463372355507496,0.6480428454618951,63205.0
00200030,compression,zz_oracle,orig,0.6313656071120864,0.9037790100386002,54759.0
00200030,torsion_compression,coarse,orig,0.9265808491385148,0.9938621705330474,3242.0
00200030,torsion_compression,grefem_max,orig,0.7779284528412659,0.9885930507897168,42057.0
00200030,torsion_compression,grefem_mid,orig,0.7779284528412659,0.9885930507897168,42057.0
00200030,torsion_compression,grefem_none,orig,0.6519018530775733,0.9268723575441344,64060.0
00200030,torsion_compression,heuristic,orig,0.8516681569989119,0.9831190489484416,42763.0
00200030,torsion_compression,heuristic_sub,orig,0.5697361874127954,0.9587812993301496,42831.0
00200030,torsion_compression,zz_oracle,orig,0.4961807532397545,0.96328391981616,38980.0
00210070,compression,coarse,orig,0.7563639476754636,0.9711828427793228,10994.0
00210070,compression,grefem_max,orig,0.8644035655494622,0.9752900956006754,112570.0
00210070,compression,grefem_mid,orig,0.769658669896816,0.9316638965270831,134819.0
00210070,compression,grefem_none,orig,0.6554431975669636,0.8867612721117157,144532.0
00210070,compression,heuristic,orig,0.6026979251219753,0.812137659057475,114752.0
00210070,compression,heuristic_sub,orig,0.6026979251104225,0.8121376590539503,114752.0
00210070,compression,zz_oracle,orig,0.4627164112538904,0.7960823254359871,105633.0
Mechanical_Parts_Mountings_SK08_SK08-SK08,compression,coarse,orig,0.8007068515824654,0.9466325959602304,4567.0
Mechanical_Parts_Mountings_SK08_SK08-SK08,compression,grefem_max,orig,0.6359305952998837,0.8407744878662751,49202.0
Mechanical_Parts_Mountings_SK08_SK08-SK08,compression,grefem_mid,orig,0.6144171507891996,0.8294511292285219,43415.0
Mechanical_Parts_Mountings_SK08_SK08-SK08,compression,grefem_none,orig,0.6387584776595108,0.910171795092018,51746.0
Mechanical_Parts_Mountings_SK08_SK08-SK08,compression,heuristic,orig,0.7905612796980632,0.9592282146194532,49371.0
Mechanical_Parts_Mountings_SK08_SK08-SK08,compression,heuristic_sub,orig,0.7905612796980632,0.9592282146194532,49371.0
Mechanical_Parts_Mountings_SK08_SK08-SK08,compression,zz_oracle,orig,0.6961857967104217,0.854945925917968,45362.0
00220074,torsion,coarse,orig,0.9608488892729246,0.990672315620574,63758.0
00220074,torsion,grefem_max,orig,0.6991964746529071,0.9842864420816344,101872.0
00220074,torsion,grefem_mid,orig,0.6991964746529071,0.9842864420816344,101872.0
00220074,torsion,grefem_none,orig,0.8330852945939744,0.9808623468340668,134521.0
00220074,torsion,heuristic,orig,0.6954233737831008,0.9372648936585048,95867.0
00220074,torsion,zz_oracle,orig,0.6684481701904695,0.9544348638189072,94214.0
00220074,torsion,heuristic_sub,orig,0.2951558366023493,0.3534864484029934,95725.0
Mechanical_Parts_Mountings_SK08_SK08-SK08,bending,coarse,orig,0.8351034348086256,0.9629160214321856,4567.0
Mechanical_Parts_Mountings_SK08_SK08-SK08,bending,grefem_max,orig,0.7015468201049366,0.891036371909219,42774.0
Mechanical_Parts_Mountings_SK08_SK08-SK08,bending,grefem_mid,orig,0.6648785467515499,0.893978335241588,48152.0
Mechanical_Parts_Mountings_SK08_SK08-SK08,bending,grefem_none,orig,0.667170801244049,0.8465008991771731,51271.0
Mechanical_Parts_Mountings_SK08_SK08-SK08,bending,heuristic,orig,0.7309102967356852,0.9180236694158384,43267.0
Mechanical_Parts_Mountings_SK08_SK08-SK08,bending,zz_oracle,orig,0.1214826048822186,0.7771668707481174,38459.0
Mechanical_Parts_Mountings_SK08_SK08-SK08,bending,heuristic_sub,orig,0.7309102967356852,0.9180236694158384,43267.0
00540016,torsion,coarse,orig,0.5084655619797682,0.945855072450596,33919.0
00540016,torsion,grefem_max,orig,0.3607303903434921,0.6540596577673684,145631.0
00540016,torsion,grefem_mid,orig,0.6517968719836693,0.9553970993361977,164036.0
00540016,torsion,grefem_none,orig,0.7150544776963154,0.9693917899449978,193465.0
00540016,torsion,heuristic,orig,0.6735484053042732,0.9655243347451196,150618.0
00540016,torsion,zz_oracle,orig,0.592705901437765,0.944921227010604,137731.0
00540016,torsion,heuristic_sub,orig,0.7175503354323479,0.9748546278046336,135025.0
00200022,torsion_compression,coarse,orig,0.85547851906434,0.954189563189968,7627.0
00200022,torsion_compression,grefem_max,orig,0.6337222198362492,0.9451428394726842,60689.0
00200022,torsion_compression,grefem_mid,orig,0.6337222198362491,0.9451428394726838,60689.0
00200022,torsion_compression,grefem_none,orig,0.748345766424923,0.9573412798572032,50786.0
00200022,torsion_compression,heuristic,orig,0.632618985422494,0.9366549778335606,59979.0
00200022,torsion_compression,heuristic_sub,orig,0.7659671342654707,0.977923983871184,59966.0
00200022,torsion_compression,zz_oracle,orig,0.745720344594886,0.9744913200619664,54768.0
00080038,torsion_compression,amber,extra,0.8984043041030169,0.9867391265319058,21807.0
00080038,torsion_compression,amberdef,extra,0.954750004234787,0.9987968023427496,41130.0
00190048,torsion_compression,amber,extra,0.9939626269833431,0.9999427931621476,2753.0
00190048,torsion_compression,amberdef,extra,0.9843016788608622,0.99992504539987,2633.0
00240056,torsion_compression,amber,extra,0.6830036583662015,0.8036738333751178,7724.0
00240056,torsion_compression,amberdef,extra,0.9096920680865702,0.991279988025245,7275.0
00280029,torsion,amber,extra,0.7419240318723133,0.93747536128743,101707.0
00280029,torsion,amberdef,extra,0.9820247932976672,0.9992448263769323,101853.0
00360016,bending_compression,amber,extra,0.7076097009488748,0.9774874729140592,22869.0
00360016,bending_compression,amberdef,extra,0.7221700838307366,0.9421419800011864,21324.0
00380012,torsion,amber,extra,0.7943709737126752,0.9620698045025488,60540.0
00380012,torsion,amberdef,extra,0.5446879283603714,0.5359867017382935,61068.0
00400099,torsion,amber,extra,0.3763508898751078,0.964138089394018,5705.0
00400099,torsion,amberdef,extra,0.2723171822046818,0.7059947379167758,103719.0
00530025,torsion,amber,extra,0.6702505735207974,0.9129653189516888,82225.0
00530025,torsion,amberdef,extra,0.4330558140582384,0.8483138712693862,87168.0
00620020,bending,amber,extra,0.7606361269891625,0.930516644850922,56558.0
00620020,bending,amberdef,extra,0.8415439543291167,0.9713205660141137,54559.0
00650000,bending,amber,extra,0.946972199709359,0.9959879357755942,2112.0
00650000,bending,amberdef,extra,0.9469721997093592,0.9959879357755942,2112.0
00660055,torsion_compression,amber,extra,0.6103398829637704,0.8017527061357312,97351.0
00660055,torsion_compression,amberdef,extra,0.8181267953669447,0.9743736537661842,95014.0
00720048,bending_compression,amber,extra,0.4834389250677677,0.8483985431682651,61614.0
00720048,bending_compression,amberdef,extra,0.3903330523689223,0.0445118755233499,61923.0
00790071,torsion,amber,extra,0.6993985991356789,0.9302379034646934,81213.0
00790071,torsion,amberdef,extra,0.6381409616198952,0.9240823196253966,80399.0
00840052,torsion,amber,extra,0.9249885180289222,0.9950857881794626,15294.0
00840052,torsion,amberdef,extra,0.8844549695696516,0.9876357193364784,15778.0
00870050,bending_compression,amber,extra,0.6824247889546601,0.9305170290500976,92549.0
00870050,bending_compression,amberdef,extra,0.736514239496545,0.9320139382880108,83706.0
00930001,torsion,amber,extra,0.965643544003103,0.90275147541058,30916.0
00930001,torsion,amberdef,extra,0.965643544003103,0.90275147541058,30916.0
00200089,torsion,amber,extra,0.6432116971926147,0.9252117615564804,30334.0
00200089,torsion,amberdef,extra,0.7270553005762492,0.8959443933684015,42997.0
00230003,bending_compression,amber,extra,0.5203642975563606,0.9062928294761012,71257.0
00230003,bending_compression,amberdef,extra,0.5807961780105921,0.8253661560681467,72130.0
00060017,compression,amber,extra,0.457625374086719,0.5153662888559756,262156.0
00060017,compression,amberdef,extra,0.3970766799531521,0.3786628779205436,249675.0
00170038,compression,amber,extra,0.6427179518214293,0.9421150933606426,15696.0
00170038,compression,amberdef,extra,0.8093663130148001,0.9917029177777452,13697.0
00230055,compression,amber,extra,0.818349121770102,0.9799984527979544,10737.0
00230055,compression,amberdef,extra,0.7683949685905117,0.9515835843880468,10417.0
00250069,torsion,amber,extra,0.7606202258479704,0.948029697805039,1890.0
00250069,torsion,amberdef,extra,0.7606202258480553,0.948029697805082,1890.0
00360077,torsion,amber,extra,0.4738921826372727,0.8609857181039693,187279.0
00360077,torsion,amberdef,extra,0.3392566252903262,0.7398822426816176,198605.0
00400099,compression,amber,extra,0.0998316469683877,0.6615038065953167,100355.0
00400099,compression,amberdef,extra,0.029966908888336,0.7714394475585677,104308.0
00550067,compression,amber,extra,0.5637033344605716,0.8989589486230904,69842.0
00550067,compression,amberdef,extra,0.5728571672793392,0.7439520850531484,76592.0
00640016,bending_compression,amber,extra,0.9251854706576412,0.9832531373427328,33736.0
00640016,bending_compression,amberdef,extra,0.8882188897118259,0.978405858569816,34973.0
00650012,compression,amber,extra,0.3684066467229034,0.9743601520828494,32003.0
00650012,compression,amberdef,extra,0.8461473446178895,0.989698845402541,32962.0
00690084,torsion_compression,amber,extra,0.9217019966602716,0.9896414553426824,14261.0
00690084,torsion_compression,amberdef,extra,0.8950195959777946,0.985919306831445,14205.0
00720048,torsion,amber,extra,0.7078565107779111,0.729896145269583,60096.0
00720048,torsion,amberdef,extra,0.4883065867953012,0.750152424676506,62008.0
00770080,bending_compression,amber,extra,0.8342157414383692,0.974380223258991,102760.0
00770080,bending_compression,amberdef,extra,0.6993158922938059,0.9430903197857732,103988.0
00940092,torsion,amber,extra,0.5859282681083001,0.7471715216198968,46507.0
00940092,torsion,amberdef,extra,0.4297365826241667,0.91420390877266,46561.0
00210097,torsion,amber,extra,0.5961315202153574,0.9029177990224564,79505.0
00210097,torsion,amberdef,extra,0.5784252984694889,0.9025539573028928,78961.0
00540016,bending,amber,extra,0.7307537866024734,70.65690733748399,10698.0
00540016,bending,amberdef,extra,0.7297585917682716,75.53358935258468,10698.0
00140014,torsion_compression,amber,extra,0.9769355400704016,0.9995242674471831,48440.0
00140014,torsion_compression,amberdef,extra,0.9302049575572784,0.9958495265350352,47428.0
00230055,bending_compression,amber,extra,0.3887058944432365,0.878985181665967,22531.0
00230055,bending_compression,amberdef,extra,0.8659164635388766,0.9712917437672156,20862.0
00250069,compression,amber,extra,0.3152059660308994,0.6537762967546416,91096.0
00250069,compression,amberdef,extra,0.7060679304146225,0.931070209575699,1890.0
00340068,bending_compression,amber,extra,0.8811240044282549,0.9740319662634368,1843.0
00340068,bending_compression,amberdef,extra,0.0930849504802752,0.2822756203603108,86947.0
00380009,bending,amber,extra,0.7130426161587546,0.8413595953439633,104596.0
00380009,bending,amberdef,extra,0.7534499647439218,0.952706855802848,106582.0
00400083,bending_compression,amber,extra,0.5441623337763608,0.8965787754228501,120908.0
00400083,bending_compression,amberdef,extra,0.543590250405455,0.8303467759284039,124766.0
00460016,bending,amber,extra,0.0709111472465389,0.5027388749463519,137358.0
00460016,bending,amberdef,extra,0.1868401189064916,0.7542665919504024,142427.0
00490074,bending,amber,extra,0.7603953999895187,0.9418022526041168,5919.0
00490074,bending,amberdef,extra,0.8464295759583237,0.952557568219462,6459.0
00570051,torsion,amber,extra,0.8844527677952204,0.9937119333652684,10770.0
00570051,torsion,amberdef,extra,0.834440803976293,0.9862290819245678,11946.0
00650041,torsion_compression,amber,extra,0.5590630008694717,0.916247082190126,57354.0
00650041,torsion_compression,amberdef,extra,0.8253112049429663,0.9684945117915766,58168.0
00700085,bending,amber,extra,0.9262239422404976,0.9944540629987916,13178.0
00700085,bending,amberdef,extra,0.9639323385486648,0.9975809833003608,13700.0
00720092,bending_compression,amber,extra,0.8543638468901958,0.9797128768675488,5198.0
00720092,bending_compression,amberdef,extra,0.860299576368531,0.9817272200812812,5070.0
00830028,compression,amber,extra,0.256501782830547,0.4693110984543968,34502.0
00830028,compression,amberdef,extra,0.6010886558222877,0.6906999368805938,35423.0
00860026,compression,amber,extra,0.6270502918989342,0.3489910104628856,181719.0
00860026,compression,amberdef,extra,0.2819739213469901,0.398234988637284,189304.0
00890055,bending_compression,amber,extra,0.5885536537034307,0.8456099518214225,128386.0
00890055,bending_compression,amberdef,extra,0.4548860097177171,0.6282512181997394,128313.0
00970056,torsion_compression,amber,extra,0.9981846600901472,0.999998334319147,6592.0
00970056,torsion_compression,amberdef,extra,0.9980845802625606,0.999998224014694,6592.0
00200089,compression,amber,extra,0.6403499393175405,0.8549200763015892,41719.0
00200089,compression,amberdef,extra,0.6312248997332649,0.8711199495360727,43190.0
00230003,compression,amber,extra,0.4116812304985603,0.7415304251868287,90150.0
00230003,compression,amberdef,extra,0.5681763790084705,0.86219446733131,95634.0
00160031,torsion_compression,amber,extra,0.8676363641042116,0.9946326516040472,18532.0
00160031,torsion_compression,amberdef,extra,0.9161729011283828,0.9972102596477544,17501.0
00220069,compression,amber,extra,0.9408760374850196,0.9962716313202415,46116.0
00220069,compression,amberdef,extra,0.770854251021199,0.9294657990560278,50172.0
00250001,bending_compression,amber,extra,0.6188127887953392,0.9123790786037712,17634.0
00250001,bending_compression,amberdef,extra,0.7234012257119281,0.8488069136217541,19168.0
00380012,bending,amber,extra,0.7197177042712803,0.9642064280356616,57719.0
00380012,bending,amberdef,extra,0.728437347486026,0.9406715434015722,59396.0
00400099,bending,amber,extra,0.1511785491202265,0.787269092567953,139091.0
00400099,bending,amberdef,extra,0.5761964994009607,0.8965865144355556,140556.0
00640087,torsion,amber,extra,0.5004583715402903,0.7114922863379485,19708.0
00640087,torsion,amberdef,extra,0.51271375839993,0.5549728193795672,22001.0
00720000,bending,amber,extra,0.8625729489886135,0.9849299510699784,6398.0
00720000,bending,amberdef,extra,0.880391289668801,0.9831884836395992,6886.0
00760021,torsion_compression,amber,extra,0.5344054744206729,0.903138472758064,234607.0
00760021,torsion_compression,amberdef,extra,0.4504309404716957,0.8029899082715988,262333.0
00860099,torsion_compression,amber,extra,0.9190113556768,0.9974871147870492,12375.0
00860099,torsion_compression,amberdef,extra,0.9845610589903456,0.9998590738805436,4218.0
00930001,compression,amber,extra,0.0301265571486484,0.8462234016593554,345908.0
00930001,compression,amberdef,extra,0.5416632418097731,0.6309735698798511,30916.0
00050000,bending_compression,amber,extra,14145.116135017384,0.7705956055376653,36603.0
00050000,bending_compression,amberdef,extra,0.5337325457092028,0.9243288095736644,38655.0
00200078,compression,amber,extra,0.1165752376141657,1.2379444318399762,1111.0
00200078,compression,amberdef,extra,0.1165587752406392,1.237859744678124,1111.0
00240090,compression,amber,extra,0.1245912355911948,0.1795012336824195,36133.0
00240090,compression,amberdef,extra,0.3649519055351319,0.8578664541472438,35508.0
00300036,bending,amber,extra,0.3411275168088898,0.573194575992284,13548.0
00300036,bending,amberdef,extra,0.6812394362085668,0.9668015954573952,13824.0
00360058,bending,amber,extra,0.768374449814851,0.8527500995622576,3280.0
00360058,bending,amberdef,extra,0.8616306099578203,0.9829382601813464,3304.0
00410062,bending_compression,amber,extra,0.4506252870744274,0.781107255143915,32384.0
00410062,bending_compression,amberdef,extra,0.5064132725926085,0.8246882138372847,32986.0
00460016,torsion_compression,amber,extra,0.5106030420233114,0.7406211548590043,144398.0
00460016,torsion_compression,amberdef,extra,0.4422221341953494,0.7145764283664012,143564.0
00530022,bending,amber,extra,0.1752695307921781,0.6616082498723431,42302.0
00530022,bending,amberdef,extra,0.8746700374994661,0.9867013527457452,42336.0
00610003,compression,amber,extra,0.7869686690626259,0.9910260572207952,1608.0
00610003,compression,amberdef,extra,0.8174971482755872,0.9820142792215804,1792.0
00640066,bending_compression,amber,extra,1.0,1.0,99787.0
00640066,bending_compression,amberdef,extra,1.0,1.0,99787.0
00800055,bending_compression,amber,extra,0.5457543216580482,0.859610314684789,36238.0
00800055,bending_compression,amberdef,extra,0.7039947428365427,0.9374702364366992,41211.0
00850016,bending_compression,amber,extra,0.7754133044675328,0.9257666276390636,2485.0
00850016,bending_compression,amberdef,extra,0.7903631940682836,0.9535178609591846,2708.0
00880050,compression,amber,extra,0.3893079203018814,0.8748294822153103,21444.0
00880050,compression,amberdef,extra,0.5523140609890252,0.8507409320067956,24542.0
00930071,bending_compression,amber,extra,0.5427245813873812,0.8366092483608296,129253.0
00930071,bending_compression,amberdef,extra,0.8865297589081412,0.9908726986414312,129006.0
00160091,bending,amber,extra,1.0,1.0,78100.0
00160091,bending,amberdef,extra,1.0,1.0,77587.0
00200078,torsion_compression,amber,extra,0.74148012152329,0.9597201958182408,1111.0
00200078,torsion_compression,amberdef,extra,0.7414801539186067,0.9597201943537256,1111.0
00250013,compression,amber,extra,0.8893473750128479,0.983687385554132,4234.0
00250013,compression,amberdef,extra,0.7835729979223406,0.9648293591746152,96758.0
00320057,bending,amber,extra,0.5151351162536626,0.8452004628257063,308195.0
00320057,bending,amberdef,extra,0.3439507358766863,0.2577337003433567,285509.0
00720048,bending,amber,extra,0.2230100509148042,0.1781530695585357,54274.0
00720048,bending,amberdef,extra,0.5998859048295209,0.8318332992485343,54798.0
00830083,bending,amber,extra,1.8960714885614225,8.668013078858817,58963.0
00830083,bending,amberdef,extra,0.1128027386528427,0.4618741855319691,59945.0
00860099,bending,amber,extra,1.0,1.0,12375.0
00860099,bending,amberdef,extra,1.0,1.0,6913.0
00890073,bending,amber,extra,0.9845047604165214,0.999108640811696,21117.0
00890073,bending,amberdef,extra,0.9672401520425836,0.9984251218871724,23955.0
00970056,torsion,amber,extra,1.0,1.0,6592.0
00970056,torsion,amberdef,extra,1.0,1.0,6592.0
00200030,torsion_compression,amber,extra,0.988020547946365,0.9996412159563542,7664.0
00200030,torsion_compression,amberdef,extra,0.9999881750712338,0.9999999996897968,20349.0
00220074,compression,amber,extra,1.0,1.0,1899.0
00220074,compression,amberdef,extra,1.0,0.9714341082554944,108160.0
Mechanical_Parts_Mountings_SHF08_SHF08,compression,amber,extra,0.7279889974988406,0.9710343553349896,82583.0
Mechanical_Parts_Mountings_SHF08_SHF08,compression,amberdef,extra,0.7282018591822348,0.9032012542370408,84130.0
00060017,bending,amber,extra,0.3943161283289236,0.3195943844006977,244774.0
00060017,bending,amberdef,extra,0.5707215709661635,0.8538587626170545,249695.0
00230056,bending_compression,amber,extra,0.2870772443662296,0.5065953631554859,75058.0
00230056,bending_compression,amberdef,extra,0.5290858957300083,0.7467255202914101,76007.0
00300090,torsion_compression,amber,extra,0.6675301809150915,0.9551354200874514,103884.0
00300090,torsion_compression,amberdef,extra,0.6568901319115327,0.9707676966175994,106109.0
00380012,compression,amber,extra,0.8565552712515586,0.9750952175448726,57372.0
00380012,compression,amberdef,extra,0.8300253592786365,0.9783505994037682,60323.0
00400099,torsion_compression,amber,extra,0.3717015597308734,0.7225371894815354,166161.0
00400099,torsion_compression,amberdef,extra,1.1737876958834152,0.081572493165139,146983.0
00650065,bending,amber,extra,0.918573178598552,0.9957946407630484,108232.0
00650065,bending,amberdef,extra,0.918573178598552,0.9957946407630486,108232.0
00710003,bending_compression,amber,extra,0.1704450866857429,0.1851111846080337,112531.0
00710003,bending_compression,amberdef,extra,0.1986383755079657,0.3434537420603458,117552.0
00760084,torsion_compression,amber,extra,0.7480911898159172,0.7829465092692465,13930.0
00760084,torsion_compression,amberdef,extra,0.4677556876580412,0.1994822744482237,89503.0
00830083,compression,amber,extra,0.8062359205030964,0.9703427836822156,78954.0
00830083,compression,amberdef,extra,0.8600155620014349,0.9531075958286984,81215.0
00860099,torsion,amber,extra,1.0,1.0,42099.0
00860099,torsion,amberdef,extra,1.0,1.0,37658.0
00930069,compression,amber,extra,0.5645024127609446,0.8887820243399375,13728.0
00930069,compression,amberdef,extra,0.5232425106454363,0.7395159390640172,15194.0
00200008,bending_compression,amber,extra,0.2443139567697961,0.761021472331462,207922.0
00200008,bending_compression,amberdef,extra,0.657031726231439,0.891195858327145,181873.0
00510024,bending_compression,amber,extra,0.8808111021348205,0.997539946994286,8882.0
00510024,bending_compression,amberdef,extra,0.8808111021348203,0.997539946994286,8882.0
00010055,compression,amber,extra,0.926809562580897,0.9921658467978351,3110.0
00010055,compression,amberdef,extra,0.589140807500946,0.7137695953445024,76158.0
00160092,bending,amber,extra,0.867578556644555,0.9861825661882594,31028.0
00160092,bending,amberdef,extra,0.5926137132873233,0.8616694896105537,30886.0
00240025,bending,amber,extra,0.6591879915167447,0.8235955019813215,9818.0
00240025,bending,amberdef,extra,0.8512184052739168,0.9798523468106454,9829.0
00280029,bending_compression,amber,extra,0.8139268231398045,0.9809398442806566,50043.0
00280029,bending_compression,amberdef,extra,0.8457740136815676,0.9779327739969108,51779.0
00360088,torsion,amber,extra,0.521986479698351,0.6631796095175349,139421.0
00360088,torsion,amberdef,extra,0.6022696812484621,0.7479102771429241,151590.0
00380080,torsion_compression,amber,extra,0.8431797874212396,0.9914506072746776,85834.0
00380080,torsion_compression,amberdef,extra,0.6842694942507684,0.9859903575688354,83724.0
00460090,compression,amber,extra,0.4049022149695652,0.8839983909841912,19727.0
00460090,compression,amberdef,extra,0.5309302000483576,0.8781901186988573,18672.0
00480062,compression,amber,extra,0.987109889737542,0.9996049865160892,21854.0
00480062,compression,amberdef,extra,0.9982634162272872,0.9999802054978436,38181.0
00640016,torsion,amber,extra,0.7846070742218889,0.9492639261667232,26468.0
00640016,torsion,amberdef,extra,0.7175658203290998,0.8598754317117805,32799.0
00650012,bending_compression,amber,extra,0.5701079392677946,0.8623363894714365,35941.0
00650012,bending_compression,amberdef,extra,0.6667841368576818,0.8834976519177784,37478.0
00690084,bending_compression,amber,extra,0.8126756738713741,0.9612657880787648,14107.0
00690084,bending_compression,amberdef,extra,0.913430442165511,0.9947313367202546,14945.0
00720048,compression,amber,extra,0.4500728148337026,0.5797824943146214,62717.0
00720048,compression,amberdef,extra,0.624259882871203,0.8195873160683688,62717.0
00790071,bending_compression,amber,extra,0.4526212098727398,0.9106517041771944,118703.0
00790071,bending_compression,amberdef,extra,0.7475666196147877,0.9756451057595804,118052.0
00860049,compression,amber,extra,0.7704325911414348,0.885695386774865,26263.0
00860049,compression,amberdef,extra,0.8077389541163065,0.9068075908022304,25917.0
00930071,bending,amber,extra,0.9726524652735364,0.9994807812817256,15040.0
00930071,bending,amberdef,extra,0.892818221010457,0.9908146839717442,130240.0
00520006,compression,amber,extra,1.0,1.0,76754.0
00520006,compression,amberdef,extra,1.0,1.0,76754.0
00160047,compression,amber,extra,0.8748810014074178,0.9855162281612494,47462.0
00160047,compression,amberdef,extra,0.7818413059246251,0.9786985213500976,46503.0
00180018,torsion_compression,amber,extra,0.1878108178308146,0.7749952773876437,101310.0
00180018,torsion_compression,amberdef,extra,0.4421132726922599,0.865539778883862,116343.0
00250069,bending,amber,extra,0.7606029085936499,0.9431331878302832,1890.0
00250069,bending,amberdef,extra,0.7606029085931852,0.9431331878301472,1890.0
00330020,compression,amber,extra,0.534910356880612,0.5528863027846521,205315.0
00330020,compression,amberdef,extra,0.3594067920634486,0.4782823134532878,209134.0
00410062,torsion_compression,amber,extra,0.5433336137333424,0.9058082096648992,38319.0
00410062,torsion_compression,amberdef,extra,0.6503856449958614,0.9382625117318104,35391.0
00460090,torsion,amber,extra,0.7638353061833011,0.9717823663238816,25281.0
00460090,torsion,amberdef,extra,0.7772869232083067,0.925306726366434,29631.0
00490002,compression,amber,extra,0.9551743916933658,0.9987361959702348,22890.0
00490002,compression,amberdef,extra,0.919519508348396,0.9986146203981512,22178.0
00580068,torsion,amber,extra,0.8280516262110635,0.9664520833735416,53280.0
00580068,torsion,amberdef,extra,0.5188165355913098,0.6288612039124849,56090.0
00650066,torsion,amber,extra,1.0,1.0,99601.0
00650066,torsion,amberdef,extra,1.0,1.0,99601.0
00710073,bending,amber,extra,0.6760998534233156,0.896951507062099,39083.0
00710073,bending,amberdef,extra,0.6058234848666975,0.8143657963844536,38354.0
00760021,bending,amber,extra,0.9678530509245388,0.5221238556646083,256594.0
00760021,bending,amberdef,extra,0.4133326805520406,0.7373890709380391,261729.0
00830032,bending_compression,amber,extra,0.817226073177135,0.9577775961968534,45153.0
00830032,bending_compression,amberdef,extra,0.8387628483709766,0.973892989464116,45151.0
00860049,torsion,amber,extra,0.8611437330768721,0.9828621749426288,51968.0
00860049,torsion,amberdef,extra,0.873415366716491,0.9526989294431822,54666.0
00910047,bending_compression,amber,extra,0.2313890996548728,0.9295534165811632,67033.0
00910047,bending_compression,amberdef,extra,0.6965863449665544,0.8328188265607224,71850.0
00990038,bending_compression,amber,extra,0.4630629630983215,0.9451506761332036,129499.0
00990038,bending_compression,amberdef,extra,0.2200630613796472,0.772784054496237,124903.0
00220074,bending,amber,extra,1.0,1.0,1899.0
00220074,bending,amberdef,extra,1.0,0.7293908952936057,103007.0
Electrical_Parts_Servos_SG-90_Servo-sg90,torsion_compression,amber,extra,0.2855242666740936,0.9336932265780944,62803.0
Electrical_Parts_Servos_SG-90_Servo-sg90,torsion_compression,amberdef,extra,0.1366117795574112,0.8481749919967152,63554.0
00010055,torsion_compression,amber,extra,0.926014100012446,0.9901482929031896,3110.0
00010055,torsion_compression,amberdef,extra,0.6289814115844955,0.8034942610024743,76414.0
00170011,bending_compression,amber,extra,0.1072819739645397,0.9140207455848588,23300.0
00170011,bending_compression,amberdef,extra,0.7219890842004947,0.9713352897826216,25761.0
00230075,torsion,amber,extra,0.9999999262531676,0.9999999999971488,103103.0
00230075,torsion,amberdef,extra,0.9999999999703784,1.0,104945.0
00300036,bending_compression,amber,extra,0.7453254327525026,0.958457511948393,18243.0
00300036,bending_compression,amberdef,extra,0.6739068433255856,0.9345328073973442,18210.0
00360016,torsion_compression,amber,extra,0.6843865031185085,0.9590974834137188,28169.0
00360016,torsion_compression,amberdef,extra,0.868676994754816,0.9920560770422788,25178.0
00380031,compression,amber,extra,0.7873570944473983,0.9675614829506056,70687.0
00380031,compression,amberdef,extra,0.7532085003437152,0.8653771047879288,70446.0
00410072,torsion_compression,amber,extra,1.0,1.0,88453.0
00410072,torsion_compression,amberdef,extra,1.0,1.0,77306.0
00470088,compression,amber,extra,0.4447853259948775,0.79492932307126,108165.0
00470088,compression,amberdef,extra,0.6669136297529723,0.9209133223251836,111599.0
00530025,bending_compression,amber,extra,0.8072901232870533,0.9694029154871872,92869.0
00530025,bending_compression,amberdef,extra,0.8017811146355144,0.9696202466087436,92474.0
00620020,torsion_compression,amber,extra,0.4035393349641495,0.4636952494238322,97643.0
00620020,torsion_compression,amberdef,extra,0.7730595027349572,0.9284866895094392,90808.0
00640087,bending_compression,amber,extra,0.526075356864529,0.680992676422316,20931.0
00640087,bending_compression,amberdef,extra,0.8472320084885664,0.9683402288417428,22007.0
00720000,bending_compression,amber,extra,0.7097508163633434,0.9241803067108536,6666.0
00720000,bending_compression,amberdef,extra,0.7914075832920834,0.986233668058227,6900.0
00750000,bending_compression,amber,extra,0.6610574241270103,0.8965760888243387,104551.0
00750000,bending_compression,amberdef,extra,0.3955914707533273,0.7482534740584268,108520.0
00830028,bending_compression,amber,extra,0.6211872228276196,0.8853063260116563,36257.0
00830028,bending_compression,amberdef,extra,0.60466341305946,0.65741849367669,35166.0
00860010,bending,amber,extra,0.5073948623263766,0.8541371854712388,30512.0
00860010,bending,amberdef,extra,0.6131136624609854,0.8702113533141941,30760.0
00880096,bending,amber,extra,0.969014467274216,1.5813952719529916,59379.0
00880096,bending,amberdef,extra,0.5987124946355138,0.0574714477575317,57321.0
00950068,compression,amber,extra,0.5066540737080386,0.8509858270830993,49694.0
00950068,compression,amberdef,extra,0.6955237197119329,0.960668394100966,52583.0
00990038,torsion_compression,amber,extra,0.5481294103576793,0.2103663416213619,142770.0
00990038,torsion_compression,amberdef,extra,0.3140848540503783,0.7992786982362108,124756.0
00060002,bending_compression,amber,extra,0.8254281315407113,0.9278522159953164,10362.0
00060002,bending_compression,amberdef,extra,0.7999048569716167,0.9747856589773164,10383.0
00160091,torsion_compression,amber,extra,0.9289276365039548,0.9928556743143018,43995.0
00160091,torsion_compression,amberdef,extra,0.8845897279217443,0.9744247879690904,47596.0
00240056,compression,amber,extra,0.6144829276012711,0.8920231825302336,13470.0
00240056,compression,amberdef,extra,0.6939918065722521,0.8934568072735051,13276.0
00280029,bending,amber,extra,0.56202352698896,0.7049577625760958,90343.0
00280029,bending,amberdef,extra,0.7815192794252577,0.9558340332138529,92218.0
00360036,bending_compression,amber,extra,0.9328031959478762,0.9931086141040704,21814.0
00360036,bending_compression,amberdef,extra,0.9170400125581256,0.984954005640688,40346.0
00380054,compression,amber,extra,0.6925449453420207,0.9164945159075416,39436.0
00380054,compression,amberdef,extra,0.6675125956465415,0.8529087114606597,40237.0
00410074,torsion_compression,amber,extra,1.0,1.0,19438.0
00410074,torsion_compression,amberdef,extra,1.0,1.0,19610.0
00470075,bending_compression,amber,extra,0.6090632959926915,0.6443100556629873,63966.0
00470075,bending_compression,amberdef,extra,0.7801021232856609,0.9660272074303368,66560.0
00530022,torsion_compression,amber,extra,0.4174037236235773,0.8417125136443552,49036.0
00530022,torsion_compression,amberdef,extra,0.4607550522287787,0.8987760016955582,47222.0
00620093,bending,amber,extra,0.4480553529732061,0.8379321412202435,11993.0
00620093,bending,amberdef,extra,0.7704698414150241,0.9687668572780695,11601.0
00650000,torsion,amber,extra,0.945720857628589,0.9980237020284138,2112.0
00650000,torsion,amberdef,extra,0.945720857628589,0.9980237020284138,2112.0
00700046,torsion,amber,extra,1.0,1.0,15902.0
00700046,torsion,amberdef,extra,1.0,1.0,16302.0
00720092,torsion,amber,extra,0.792346493930637,0.963753117500166,5182.0
00720092,torsion,amberdef,extra,0.8550987462581485,0.982670398201016,5070.0
00770080,compression,amber,extra,0.042052193712154,0.8353075261684846,157694.0
00770080,compression,amberdef,extra,0.1136707997177961,0.834656564698908,159055.0
00200030,torsion,amber,extra,0.9627308387969932,0.9961155293942204,7800.0
00200030,torsion,amberdef,extra,0.9999855047053224,0.9999999992626638,20349.0
00220074,torsion,amber,extra,1.0,1.0,1899.0
00220074,torsion,amberdef,extra,1.0,0.9826815260701106,101569.0
Electrical_Parts_Servos_SG-90_Servo-sg90,bending_compression,amber,extra,0.150761196732036,0.9360316909699608,55621.0
Electrical_Parts_Servos_SG-90_Servo-sg90,bending_compression,amberdef,extra,0.5934129549444227,0.9264820613518224,63475.0
00060002,compression,amber,extra,0.7913797883122818,0.9708095918311028,10569.0
00060002,compression,amberdef,extra,0.8642227094217311,0.9746571902642138,10247.0
00160092,compression,amber,extra,0.1183072594369054,0.8688738662517641,32430.0
00160092,compression,amberdef,extra,0.8773531490315053,0.9981283571972642,30736.0
00240025,bending_compression,amber,extra,0.7273093181825931,0.8443592743327543,8632.0
00240025,bending_compression,amberdef,extra,0.6980180299024918,0.8600792768535707,9560.0
00290076,compression,amber,extra,0.4755191214809187,0.5400303560852742,134842.0
00290076,compression,amberdef,extra,0.8239785885758529,0.9853427672014132,143098.0
00360016,torsion,amber,extra,0.1521795227540318,0.4327179888159204,23559.0
00360016,torsion,amberdef,extra,0.7878035098641993,0.9618508693672134,25175.0
00380009,bending_compression,amber,extra,0.6215601802031187,0.8831527614813194,107433.0
00380009,bending_compression,amberdef,extra,0.8688061356113205,0.9781520218977308,107620.0
00410062,compression,amber,extra,0.9825526307540908,0.999873233992636,31142.0
00410062,compression,amberdef,extra,0.9965105108788912,0.9999839471487264,31630.0
00450041,torsion,amber,extra,0.8876741711294321,0.9872763642485906,11201.0
00450041,torsion,amberdef,extra,0.8071203915946712,0.9747998930777872,10965.0
00480008,torsion_compression,amber,extra,0.6174888235448309,0.83084927964752,22251.0
00480008,torsion_compression,amberdef,extra,0.7257187992681242,0.9035087031850884,22156.0
00550073,torsion,amber,extra,0.6061365055496398,0.875486136212891,50491.0
00550073,torsion,amberdef,extra,0.7042888821419218,0.917084095631198,69349.0
00630027,compression,amber,extra,1.0,1.0,100106.0
00630027,compression,amberdef,extra,1.0,1.0,99015.0
00650065,torsion_compression,amber,extra,1.0,1.0,108232.0
00650065,torsion_compression,amberdef,extra,1.0,1.0,108232.0
00710003,torsion_compression,amber,extra,0.0295433803915789,0.4926994799588191,124110.0
00710003,torsion_compression,amberdef,extra,0.0668118600812863,0.2861539312727317,125523.0
00770000,torsion,amber,extra,1.0,1.0,74090.0
00770000,torsion,amberdef,extra,1.0,1.0,73788.0
00840052,bending,amber,extra,0.9327333326728238,0.9937828068839196,15922.0
00840052,bending,amberdef,extra,0.7915935005746625,0.9582268805147118,15840.0
00930001,bending,amber,extra,0.28440617009524,0.9604309950880484,253587.0
00930001,bending,amberdef,extra,1.390332692920326,0.8997717209890636,30916.0
00060002,bending,amber,extra,0.7216849922745431,0.9309293735451536,10161.0
00060002,bending,amberdef,extra,0.8274736263504119,0.9683893983547625,10283.0
00160092,bending_compression,amber,extra,0.7805732216160162,0.9900988601690434,38366.0
00160092,bending_compression,amberdef,extra,0.7318310135317562,0.980103620163653,43358.0
00230075,bending_compression,amber,extra,0.9920687858900232,0.9999138684014068,104164.0
00230075,bending_compression,amberdef,extra,0.9811144503483686,0.999412470335926,104949.0
00270002,torsion,amber,extra,0.3557429449988353,0.6085339991907736,90017.0
00270002,torsion,amberdef,extra,0.4424587529475537,0.8768574822403405,93561.0
00360014,bending_compression,amber,extra,0.7013949808245914,0.929687761186442,171962.0
00360014,bending_compression,amberdef,extra,0.7076384931431652,0.9183338736689748,171179.0
00410062,bending,amber,extra,0.5619039431514599,0.788239322364439,35221.0
00410062,bending,amberdef,extra,0.7673112361113938,0.908796099464072,33432.0
00450041,bending,amber,extra,0.708710873236587,0.8256006323988968,11095.0
00450041,bending,amberdef,extra,0.9088792796817984,0.9856354046005475,11091.0
00480008,torsion,amber,extra,0.5462226626475758,0.8944715951664765,20547.0
00480008,torsion,amberdef,extra,0.5468557935774659,0.8953335794886685,20975.0
00550073,compression,amber,extra,0.8086000268395335,0.9597408654536984,61367.0
00550073,compression,amberdef,extra,0.8461077693361894,0.9875997777607132,69475.0
00630027,torsion_compression,amber,extra,1.0,1.0,106065.0
00630027,torsion_compression,amberdef,extra,1.0,1.0,107170.0
00720000,torsion,amber,extra,0.756254473736025,0.9637687068385205,6608.0
00720000,torsion,amberdef,extra,0.8758353979278798,0.9911586983062626,6892.0
00750000,torsion_compression,amber,extra,0.7371269878544375,0.9701090915826416,25570.0
00750000,torsion_compression,amberdef,extra,0.7573097831513121,0.9584399318356964,25652.0
00820090,compression,amber,extra,0.4176177341382741,0.6802802234798931,76170.0
00820090,compression,amberdef,extra,0.5018533887498605,0.6448644876811632,78422.0
00840075,bending_compression,amber,extra,0.7208623139600705,0.9873378371490482,118425.0
00840075,bending_compression,amberdef,extra,0.4996160200404468,0.8829505565798741,118657.0
00930071,torsion_compression,amber,extra,0.8678678451539296,0.9875501512889244,137774.0
00930071,torsion_compression,amberdef,extra,0.5413015771453455,0.5136663897592145,129646.0
00060002,torsion,amber,extra,0.6907275652288702,0.8881556986401573,10647.0
00060002,torsion,amberdef,extra,0.7608222184781205,0.9479998109294708,10266.0
00160091,bending_compression,amber,extra,0.8645004602351875,0.9690335284157164,99464.0
00160091,bending_compression,amberdef,extra,0.7020491734880714,0.8443227915021171,99662.0
00260088,bending_compression,amber,extra,0.5877900136835257,0.6957876734100454,50703.0
00260088,bending_compression,amberdef,extra,0.1669384606440739,0.5569049659444257,50041.0
00340068,torsion_compression,amber,extra,0.8565934245950696,0.9691058468254232,1843.0
00340068,torsion_compression,amberdef,extra,0.3437418142658882,0.2372329290441411,87136.0
00380012,torsion_compression,amber,extra,0.3867193050111512,0.7339897284311804,60378.0
00380012,torsion_compression,amberdef,extra,0.6184536092904128,0.8264512096922564,60180.0
00400083,torsion,amber,extra,0.547947169073252,0.8335946781155457,112360.0
00400083,torsion,amberdef,extra,0.5199098549615272,0.8606650564231204,112700.0
00460016,compression,amber,extra,0.5717355570326176,0.7621246419683679,136881.0
00460016,compression,amberdef,extra,0.4804604879884093,0.8201957557173373,139296.0
00490002,torsion_compression,amber,extra,0.8839428305844238,0.9856439061050002,22632.0
00490002,torsion_compression,amberdef,extra,0.8503855493665823,0.9884212807953668,22364.0
00580068,bending,amber,extra,0.6190536241803725,0.8694757140831816,12541.0
00580068,bending,amberdef,extra,0.7167919093978753,0.9541187421565528,14503.0
00700085,compression,amber,extra,0.6104021711254566,0.8592948247476293,22239.0
00700085,compression,amberdef,extra,0.6526834466189804,0.8714657919766303,21912.0
00720092,torsion_compression,amber,extra,0.9755661447307672,0.99903662568673,5278.0
00720092,torsion_compression,amberdef,extra,0.9552693626367752,0.9953329828525244,5070.0
00800032,bending,amber,extra,5.399020430752997,57.58741664995885,24156.0
00800032,bending,amberdef,extra,4.234908304468361,67.9873077452558,23075.0
00830083,bending_compression,amber,extra,0.9848153681431524,0.9997145312066054,81520.0
00830083,bending_compression,amberdef,extra,0.9704928483254628,0.998593764189253,81557.0
00870050,bending,amber,extra,0.4930395132136099,0.7531091618219788,89694.0
00870050,bending,amberdef,extra,0.611211664147289,0.8940082954268672,83353.0
00910047,compression,amber,extra,0.7119011329044066,0.8488186538287964,72216.0
00910047,compression,amberdef,extra,0.8625622684452201,0.9464345507227402,77202.0
00990059,bending_compression,amber,extra,0.8164036318996936,0.9870951052735846,24939.0
00990059,bending_compression,amberdef,extra,0.5171601444695545,0.6597028881221166,23177.0
00210097,bending,amber,extra,0.8148240249425005,0.9700563542220282,8582.0
00210097,bending,amberdef,extra,0.7157140053486931,0.91867948643441,30638.0
00520092,bending,amber,extra,0.0543430327753612,0.0757951907408336,135909.0
00520092,bending,amberdef,extra,0.1163548593637981,0.276085706764798,123853.0
00050000,bending,amber,extra,969.5119236062714,0.7343804115809981,30566.0
00050000,bending,amberdef,extra,0.6389735211026999,0.925984514675022,28564.0
00170059,compression,amber,extra,0.7103671943886692,0.9696696553391482,7013.0
00170059,compression,amberdef,extra,0.7103671943886638,0.9696696553391492,7013.0
00230055,bending,amber,extra,0.2362129334269372,0.4304963367568564,10184.0
00230055,bending,amberdef,extra,0.7932964730303164,0.9394905140571332,10492.0
00250069,bending_compression,amber,extra,0.926330097377245,0.9840771959607104,1890.0
00250069,bending_compression,amberdef,extra,0.926330097377252,0.9840771959606732,1890.0
00360058,torsion_compression,amber,extra,0.6209374030277557,0.5998811896267021,27422.0
00360058,torsion_compression,amberdef,extra,0.7975008803834861,0.9523847299582656,26718.0
00380051,compression,amber,extra,0.8750838203192565,0.9790572560361802,5523.0
00380051,compression,amberdef,extra,0.90578643334509,0.993069846919674,5354.0
00420062,bending_compression,amber,extra,0.2998081189887687,0.6931923859717541,101202.0
00420062,bending_compression,amberdef,extra,0.3388098180221951,0.8232093066399494,106627.0
00470075,bending,amber,extra,0.669706533958959,0.8993808442204908,65184.0
00470075,bending,amberdef,extra,0.7784963618663643,0.9568102645768188,65749.0
00490074,torsion,amber,extra,0.9290999636372876,0.989023590310078,6079.0
00490074,torsion,amberdef,extra,0.6953876171967547,0.7890140881099396,6163.0
00580068,bending_compression,amber,extra,0.6233528274431899,0.8757124940656562,57397.0
00580068,bending_compression,amberdef,extra,0.7187974492056849,0.9048344687047084,55765.0
00640066,torsion_compression,amber,extra,1.0,1.0,99787.0
00640066,torsion_compression,amberdef,extra,1.0,1.0,99787.0
00830028,torsion_compression,amber,extra,0.6250110792595923,0.858377041600377,51952.0
00830028,torsion_compression,amberdef,extra,0.6468239839405151,0.7892937896637886,49630.0
00860010,compression,amber,extra,0.7097478017278045,0.9800962400132134,30355.0
00860010,compression,amberdef,extra,0.7713949459276237,0.9748517196530438,30367.0
00880050,torsion_compression,amber,extra,0.112813577287837,0.6297813194490219,36760.0
00880050,torsion_compression,amberdef,extra,0.0665355406811279,0.4776863802339795,32801.0
00940092,bending,amber,extra,0.461630228731428,0.5472685523114267,64431.0
00940092,bending,amberdef,extra,0.0245697763955514,0.6613005234466012,58936.0
00210070,bending_compression,amber,extra,0.6509812789916414,0.8884499549423394,162096.0
00210070,bending_compression,amberdef,extra,0.5490985031218066,0.8374806922721859,166252.0
00540016,torsion_compression,amber,extra,0.3155047982619967,2571163.674413326,10698.0
00540016,torsion_compression,amberdef,extra,0.4388690431031529,3295927.5597196384,10698.0
00080038,bending_compression,amber,extra,0.978774298223921,0.9995740918202294,21807.0
00080038,bending_compression,amberdef,extra,0.9999998472823552,0.999999999999958,40747.0
00170038,torsion_compression,amber,extra,0.7473634507685786,0.986251870208053,15960.0
00170038,torsion_compression,amberdef,extra,0.7462693342746204,0.9630473917904476,16545.0
00230075,compression,amber,extra,1.0,1.0,104970.0
00230075,compression,amberdef,extra,0.9999999999563882,1.0,105031.0
00300036,torsion,amber,extra,0.5704948232659718,0.7982969494793247,19230.0
00300036,torsion,amberdef,extra,0.278085648852033,0.4702567528385278,19324.0
00360036,torsion_compression,amber,extra,0.6870873155386577,0.7669269245739014,21814.0
00360036,torsion_compression,amberdef,extra,0.7092587676992874,0.650004351343962,40556.0
00380054,torsion,amber,extra,0.8458413146163851,0.9948004431510856,36629.0
00380054,torsion,amberdef,extra,0.8058543658064978,0.9869039022547584,37051.0
00410074,bending_compression,amber,extra,1.0,1.0,30053.0
00410074,bending_compression,amberdef,extra,1.0,1.0,26053.0
00470088,bending,amber,extra,0.4538198285720712,0.7299807977864355,95351.0
00470088,bending,amberdef,extra,0.1393694784226985,0.4427743911007535,99046.0
00530022,torsion,amber,extra,0.7537154119933179,0.9712633460514556,44554.0
00530022,torsion,amberdef,extra,0.5801346972099242,0.9090624533688232,46685.0
00610003,bending_compression,amber,extra,0.8979957491103624,0.9965546295146068,1573.0
00610003,bending_compression,amberdef,extra,0.8297474154514489,0.983303530304122,1731.0
00640066,bending,amber,extra,1.0,1.0,99787.0
00640066,bending,amberdef,extra,1.0,1.0,99787.0
00820090,torsion,amber,extra,0.6032982977762167,0.8441040184720623,66176.0
00820090,torsion,amberdef,extra,0.8375845895654462,0.9474848828198932,76016.0
00840075,compression,amber,extra,0.7406690168786181,0.9919465353584956,69766.0
00840075,compression,amberdef,extra,0.8853565885991659,0.9929640398985552,82242.0
00940092,torsion_compression,amber,extra,0.6135093754167162,0.7908702935827722,206046.0
00940092,torsion_compression,amberdef,extra,0.4110840369203295,0.5418431560635568,193793.0
00200030,bending,amber,extra,0.9754605027368568,0.9965309890569164,8134.0
00200030,bending,amberdef,extra,0.9995403143964524,0.9999990649037817,20349.0
00230003,bending,amber,extra,0.5541185488972505,0.8728719907481876,61615.0
00230003,bending,amberdef,extra,0.5025560158675543,0.9259116193613394,70529.0
00140014,bending_compression,amber,extra,0.9065992805594468,0.9941005532789022,48440.0
00140014,bending_compression,amberdef,extra,0.8932856831627083,0.9892729034710503,47704.0
00250001,torsion_compression,amber,extra,0.9251141649746628,0.9953409271605737,17474.0
00250001,torsion_compression,amberdef,extra,0.8837977870529226,0.966951972995852,19948.0
00320057,torsion,amber,extra,0.9461504750503326,0.9959262317625052,348264.0
00320057,torsion,amberdef,extra,0.676889235378503,0.9178584978134212,349954.0
00720000,compression,amber,extra,0.8591725572861705,0.9825480754310356,6701.0
00720000,compression,amberdef,extra,0.8995682440199292,0.984025056225511,6962.0
00770000,bending,amber,extra,1.0,1.0,90268.0
00770000,bending,amberdef,extra,1.0,1.0,89846.0
00830032,torsion_compression,amber,extra,0.3799113232753038,0.8697781441878757,41775.0
00830032,torsion_compression,amberdef,extra,0.7220224727655249,0.9645770696309658,40983.0
00860044,bending_compression,amber,extra,0.9478986529133958,0.9943360990665924,74765.0
00860044,bending_compression,amberdef,extra,0.790522005969169,0.8295522580119165,77234.0
00970002,torsion_compression,amber,extra,1.00590338504891,0.6698394282740439,101142.0
00970002,torsion_compression,amberdef,extra,0.415551771651091,0.5720507774060698,93094.0
00230003,torsion,amber,extra,0.8860884262936877,0.9660978132516788,128317.0
00230003,torsion,amberdef,extra,0.1661566036047123,0.7442854383914738,128222.0
00030059,torsion_compression,amber,extra,0.2851503113045433,0.3652642084227728,5401.0
00030059,torsion_compression,amberdef,extra,0.6413242318789957,0.6605034537355273,5614.0
00160092,torsion_compression,amber,extra,0.7377941142141581,0.9888544557019112,85869.0
00160092,torsion_compression,amberdef,extra,0.6834560015065321,0.9566007110459528,86911.0
00240025,compression,amber,extra,0.9986827736004616,0.9999972877161014,8769.0
00240025,compression,amberdef,extra,0.9930320754442686,0.9999582229623982,9868.0
00280029,torsion_compression,amber,extra,0.6643516460233814,0.875951678188511,64026.0
00280029,torsion_compression,amberdef,extra,0.814508333853848,0.970960147387896,63560.0
00360088,torsion_compression,amber,extra,0.3187137364449763,0.850528710297598,161004.0
00360088,torsion_compression,amberdef,extra,0.291809288124118,0.4239766473621467,162145.0
00380080,bending_compression,amber,extra,0.3826549556520937,0.9751086390193242,86522.0
00380080,bending_compression,amberdef,extra,0.7384522824814718,0.9818334997017432,83208.0
00450041,bending_compression,amber,extra,0.7554057935708322,0.96547739834639,9726.0
00450041,bending_compression,amberdef,extra,0.8353696439597229,0.9279836783019554,10919.0
00480008,bending_compression,amber,extra,0.6751979695305218,0.930229199414876,19656.0
00480008,bending_compression,amberdef,extra,0.5849314227115759,0.9027855520114322,19652.0
00550073,bending_compression,amber,extra,0.5996152003467897,0.9377211849478776,65391.0
00550073,bending_compression,amberdef,extra,0.2804784439770284,0.7644706220577651,69987.0
00630027,bending_compression,amber,extra,1.0,1.0,99540.0
00630027,bending_compression,amberdef,extra,1.0,1.0,99714.0
00650041,bending,amber,extra,0.8066138705394407,0.9643649445342068,72045.0
00650041,bending,amberdef,extra,0.8683639466068186,0.9703952593925848,71756.0
00690084,bending,amber,extra,0.9382846789495032,0.9946151620540667,2046.0
00690084,bending,amberdef,extra,0.9177757384747428,0.9870538033380388,1742.0
00720006,torsion,amber,extra,0.51700414088368,0.587742373993488,113850.0
00720006,torsion,amberdef,extra,0.1249948625080905,0.6887347243315938,114812.0
00800055,bending,amber,extra,0.6103546133667384,0.8670198657594246,36028.0
00800055,bending,amberdef,extra,0.6154863653452354,0.9243595756055836,40418.0
00860026,bending,amber,extra,0.1459092875131257,0.7371350516007458,182646.0
00860026,bending,amberdef,extra,0.0539288891604082,0.6935823601453543,188869.0
00890055,torsion,amber,extra,0.4998384916816308,0.8623978601689618,121971.0
00890055,torsion,amberdef,extra,0.3221487393645855,0.8171960800442503,126314.0
00970010,torsion_compression,amber,extra,0.8795815592598112,0.9840549474173506,847.0
00970010,torsion_compression,amberdef,extra,0.7041415817285724,0.9428691898869924,18462.0
00200008,torsion_compression,amber,extra,0.5142841410393743,0.8727377336118041,184485.0
00200008,torsion_compression,amberdef,extra,0.7480188042431638,0.949316773691762,181684.0
00510024,torsion_compression,amber,extra,0.8366748191959106,0.9946347616172596,8882.0
00510024,torsion_compression,amberdef,extra,0.8366748191959106,0.9946347616172596,8882.0
00030059,compression,amber,extra,0.8127280524125866,0.8441873017495712,5476.0
00030059,compression,amberdef,extra,0.7421037223779074,0.7922349972623545,5615.0
00160031,bending_compression,amber,extra,0.5763155677418008,0.8843154074404616,18578.0
00160031,bending_compression,amberdef,extra,0.5218157140448908,0.9271762530315352,17717.0
00190048,compression,amber,extra,1.0,1.0,13224.0
00190048,compression,amberdef,extra,1.0,1.0,2631.0
00240090,torsion_compression,amber,extra,0.7649293197909349,0.9527781355959388,33210.0
00240090,torsion_compression,amberdef,extra,0.4499946851633801,0.8022437359748915,34903.0
00300036,compression,amber,extra,0.7990934295587511,0.9652558689403108,13264.0
00300036,compression,amberdef,extra,0.9173340371370894,0.99072254932773,15355.0
00360058,bending_compression,amber,extra,0.8170918796445487,0.88604254011157,3660.0
00360058,bending_compression,amberdef,extra,0.9137126816457436,0.9833768317827024,3302.0
00380051,bending,amber,extra,0.8864519106961591,0.9891820773584844,8187.0
00380051,bending,amberdef,extra,0.8225371263027679,0.983768732339974,8332.0
00420062,torsion,amber,extra,0.2330572440098808,0.0008317929145604,109701.0
00420062,torsion,amberdef,extra,0.0635443564538862,0.5188665030194759,116272.0
00470072,torsion,amber,extra,0.8779760638813083,0.9858550345699276,33810.0
00470072,torsion,amberdef,extra,0.7005213053402962,0.9432110673558616,43243.0
00490002,bending_compression,amber,extra,0.9072738315009528,0.9928792504225292,22745.0
00490002,bending_compression,amberdef,extra,0.8022031391190837,0.9812965542609124,22537.0
00570051,torsion_compression,amber,extra,0.957127910069016,0.9993853083959092,11638.0
00570051,torsion_compression,amberdef,extra,0.8376336040391126,0.9947094665438166,11692.0
00650066,torsion_compression,amber,extra,1.0,1.0,99601.0
00650066,torsion_compression,amberdef,extra,1.0,1.0,99601.0
00720006,torsion_compression,amber,extra,0.834002533094844,0.956539617107246,113410.0
00720006,torsion_compression,amberdef,extra,0.4320190698563701,0.2381712837348245,117212.0
00810023,torsion,amber,extra,0.8355671529893642,0.9751766681267208,113836.0
00810023,torsion,amberdef,extra,0.7068577753575541,0.8895250937326518,123249.0
00860010,bending_compression,amber,extra,0.4156221548587151,0.0700608444517752,83104.0
00860010,bending_compression,amberdef,extra,0.8945817644377738,1.3834017811275856,82735.0
00880096,bending_compression,amber,extra,0.0432108957244342,0.047381517459778,55608.0
00880096,bending_compression,amberdef,extra,0.1972270780422465,0.5169055318335981,53476.0
00950068,torsion_compression,amber,extra,0.661644515371861,0.8707272515217782,49180.0
00950068,torsion_compression,amberdef,extra,0.6489294842119698,0.9381373510258698,52764.0
00200022,torsion,amber,extra,0.7222384678411353,0.8700974076617032,74190.0
00200022,torsion,amberdef,extra,0.5790874225794052,0.8487191376469512,72387.0
00220004,compression,amber,extra,0.9995383840733192,0.9999999262140242,10945.0
00220004,compression,amberdef,extra,0.9915923653722348,0.99993688396544,11760.0
00140054,bending_compression,amber,extra,0.5776087337298039,0.9371730233538343,66253.0
00140054,bending_compression,amberdef,extra,0.2332101143140015,0.5776172825293181,64414.0
00160091,compression,amber,extra,1.0,1.0,88540.0
00160091,compression,amberdef,extra,1.0,1.0,87470.0
00190048,torsion,amber,extra,1.0,1.0,2753.0
00190048,torsion,amberdef,extra,1.0,1.0,2633.0
00240090,bending_compression,amber,extra,0.3118494915188365,0.1993642267777245,36242.0
00240090,bending_compression,amberdef,extra,0.1352627719670882,0.6349514788312445,35155.0
00300090,bending,amber,extra,0.7128491022786552,0.984539986437742,71331.0
00300090,bending,amberdef,extra,0.6883734713346837,0.9404719471292824,83551.0
00360036,torsion,amber,extra,0.9431691324375264,0.9761599623285944,21814.0
00360036,torsion,amberdef,extra,0.9243555930677932,0.9790605596193874,41137.0
00410062,torsion,amber,extra,0.5875107177504036,0.8683430632649503,42933.0
00410062,torsion,amberdef,extra,0.5147101732814712,0.8104194693944662,42495.0
00460016,bending_compression,amber,extra,0.833469915677845,0.9675518368632084,142340.0
00460016,bending_compression,amberdef,extra,0.6284612184565167,0.7982409928973484,142469.0
00480062,bending_compression,amber,extra,0.911692376921948,0.9897323419782336,21854.0
00480062,bending_compression,amberdef,extra,0.9871638387450604,0.9998813380149368,38006.0
00620020,torsion,amber,extra,0.7352983776609456,0.9271106471096658,88163.0
00620020,torsion,amberdef,extra,0.6996926283712542,0.8919622897310726,90782.0
00650000,bending_compression,amber,extra,0.9391920284484356,0.988379233340687,2112.0
00650000,bending_compression,amberdef,extra,0.9391920284484429,0.9883792333406872,2112.0
00660049,torsion_compression,amber,extra,1.0,0.9990187768671028,25673.0
00660049,torsion_compression,amberdef,extra,0.9999997965740997,0.9999314206568682,25715.0
00720000,torsion_compression,amber,extra,0.6779791673300395,0.917515470516782,7062.0
00720000,torsion_compression,amberdef,extra,0.8750477046560131,0.9935848675363792,6825.0
00760084,bending,amber,extra,0.6859444776080832,0.870415933021538,13930.0
00760084,bending,amberdef,extra,0.7335915770377693,0.966730850003599,87095.0
00820090,torsion_compression,amber,extra,0.2988659547784144,0.7839614311270456,72707.0
00820090,torsion_compression,amberdef,extra,0.2703277436996242,0.353958428797252,72321.0
00970002,bending_compression,amber,extra,1.9420749102933403,0.357997020561753,131961.0
00970002,bending_compression,amberdef,extra,0.2508593732214718,0.749798498345518,118950.0
Mechanical_Parts_Mountings_SHF08_SHF08,bending_compression,amber,extra,0.6894221070347611,0.8442602729260414,20471.0
Mechanical_Parts_Mountings_SHF08_SHF08,bending_compression,amberdef,extra,0.7125563746406551,0.8374514417175856,23073.0
00140054,torsion,amber,extra,0.7040057521159071,0.8936590268768391,64602.0
00140054,torsion,amberdef,extra,0.5977524540701658,0.8603484115515516,67171.0
00170011,bending,amber,extra,0.0509975336952221,0.6981376395427314,21391.0
00170011,bending,amberdef,extra,0.614928087415851,0.9409801394125664,23774.0
00230056,bending,amber,extra,0.4475838958933091,0.7861783813868256,64816.0
00230056,bending,amberdef,extra,0.5685969338362745,0.753853822315647,74698.0
00300090,torsion,amber,extra,0.5891826057602724,0.937544463276534,86166.0
00300090,torsion,amberdef,extra,0.8245461893278853,0.9946336988540724,89149.0
00360077,bending,amber,extra,0.6441010927765097,0.9425409735373396,2911.0
00360077,bending,amberdef,extra,0.6396325589030563,0.8841488658173171,67162.0
00380080,torsion,amber,extra,0.6811382193650812,0.9808339418533696,84518.0
00380080,torsion,amberdef,extra,0.5839427459439507,0.9596970601069696,84195.0
00450041,compression,amber,extra,0.8989267501160525,0.9870749303619428,9531.0
00450041,compression,amberdef,extra,0.8823563104457569,0.9871119881540372,10893.0
00480008,compression,amber,extra,0.5540667619894596,0.9400447867888264,16339.0
00480008,compression,amberdef,extra,0.5772888370011231,0.8740825877708014,18296.0
00550067,torsion_compression,amber,extra,0.7892275962879126,0.945749186195814,74535.0
00550067,torsion_compression,amberdef,extra,0.6981088055534628,0.820438565828772,77023.0
00620093,torsion,amber,extra,0.6852667064298428,0.76621538513156,15802.0
00620093,torsion,amberdef,extra,0.6835529792640771,0.7583310197570841,13656.0
00650012,torsion,amber,extra,0.6619032270988885,0.950949983758676,33935.0
00650012,torsion,amberdef,extra,0.7676537757046494,0.9863017038553864,34777.0
00700046,compression,amber,extra,1.0,1.0,10996.0
00700046,compression,amberdef,extra,1.0,1.0,9727.0
00720089,compression,amber,extra,0.3526206974139662,0.8851494656035614,21166.0
00720089,compression,amberdef,extra,0.5901259958690016,0.8677010976235747,21721.0
00770000,torsion_compression,amber,extra,1.0,1.0,72738.0
00770000,torsion_compression,amberdef,extra,1.0,1.0,72883.0
00840053,torsion,amber,extra,0.7666186566885246,0.972680559644706,160061.0
00840053,torsion,amberdef,extra,0.9626550430015676,0.9893163546633554,164970.0
00870089,torsion_compression,amber,extra,0.0654832670419639,0.8428614954723789,18547.0
00870089,torsion_compression,amberdef,extra,0.208397575057176,0.7674397181545959,20787.0
00930069,torsion,amber,extra,0.8251491934895268,0.9586967227009052,1619.0
00930069,torsion,amberdef,extra,0.6771040679816388,0.8389131279298045,18737.0
00210097,compression,amber,extra,0.8319364661217625,0.972416611277169,8582.0
00210097,compression,amberdef,extra,0.5478924445068296,0.8602992650102872,37266.0
00520092,compression,amber,extra,0.0174451725695199,0.000564737689632,103368.0
00520092,compression,amberdef,extra,0.2415855858429201,0.5969912665195171,103812.0
00140054,compression,amber,extra,0.648277214619821,0.9518337420655208,62288.0
00140054,compression,amberdef,extra,0.6558765358695792,0.9247449954296564,63737.0
00170011,compression,amber,extra,0.4570772307297611,0.9153261578536082,21317.0
00170011,compression,amberdef,extra,0.503583149024257,0.9430253347054836,23702.0
00220069,torsion,amber,extra,0.5988291914313643,0.8457789610104294,46116.0
00220069,torsion,amberdef,extra,0.8805964682493824,0.9879404032557622,46819.0
00250013,bending,amber,extra,0.5370665560180432,0.8146710837843086,82796.0
00250013,bending,amberdef,extra,0.6928978485493528,0.9113183293613584,94463.0
00320057,bending_compression,amber,extra,0.0842828934578853,0.3891318973523104,229934.0
00320057,bending_compression,amberdef,extra,0.3058580014356692,0.5081122399872681,235417.0
00650066,compression,amber,extra,1.0,1.0,99601.0
00650066,compression,amberdef,extra,1.0,1.0,99601.0
00710039,torsion_compression,amber,extra,2.623472928872143,3.0017521354097814,40640.0
00710039,torsion_compression,amberdef,extra,0.3740541743796784,0.1140913136395356,47253.0
00770000,compression,amber,extra,1.0,1.0,85078.0
00770000,compression,amberdef,extra,1.0,1.0,84752.0
00840053,bending_compression,amber,extra,0.8182873465131548,0.9843285409351614,169218.0
00840053,bending_compression,amberdef,extra,0.7569297699041226,0.9831862113180702,179347.0
00870089,torsion,amber,extra,0.3225957786347981,0.8057657400963018,35367.0
00870089,torsion,amberdef,extra,0.7492706066426291,0.9520019701198672,35366.0
00930071,torsion,amber,extra,0.7553591948704091,0.8807201038004157,123197.0
00930071,torsion,amberdef,extra,0.8748877064105871,0.9609110748581128,127879.0
00520006,torsion,amber,extra,1.0,1.0,76754.0
00520006,torsion,amberdef,extra,1.0,1.0,76754.0
00010055,bending,amber,extra,0.9232199659274958,0.9930516683292164,3110.0
00010055,bending,amberdef,extra,0.8520878533606087,0.9550438557181488,76653.0
00160047,bending_compression,amber,extra,0.7857364991350828,0.9625744853244966,55300.0
00160047,bending_compression,amberdef,extra,0.3486965790096285,0.2144405795935768,47424.0
00190048,bending,amber,extra,1.0,1.0,22250.0
00190048,bending,amberdef,extra,1.0,1.0,2639.0
00250001,bending,amber,extra,0.6607034547393184,0.9335124265486624,11827.0
00250001,bending,amberdef,extra,0.8497686228233174,0.9908794590889614,11642.0
00360077,compression,amber,extra,0.5591348278247299,0.910729574705986,95923.0
00360077,compression,amberdef,extra,0.7315799592402199,0.9212452652387074,99088.0
00400070,compression,amber,extra,0.0376048540585756,0.5152005539447108,98302.0
00400070,compression,amberdef,extra,0.6743271447337038,0.8431905457890312,100066.0
00450037,torsion,amber,extra,0.7356283862766306,0.7935254262841595,8649.0
00450037,torsion,amberdef,extra,0.4633393468400315,0.6966967698396819,13748.0
00480056,torsion_compression,amber,extra,0.9883176869319872,0.9997308913370064,3696.0
00480056,torsion_compression,amberdef,extra,0.9426147569315796,0.995870122946102,4157.0
00570009,torsion,amber,extra,2.306720111097118,0.2743002159979736,107621.0
00570009,torsion,amberdef,extra,0.7584830458630935,0.9494950376173862,102638.0
00710039,compression,amber,extra,0.4379183639637824,0.8659596084560185,44152.0
00710039,compression,amberdef,extra,0.8838156440517543,0.9902568963877496,50610.0
00760021,compression,amber,extra,0.291829142348889,0.4877371933753381,245245.0
00760021,compression,amberdef,extra,0.2337081577149235,0.7978984067456719,261057.0
00830032,bending,amber,extra,0.0020116369022675,0.4112006547856881,41659.0
00830032,bending,amberdef,extra,0.1463934500563799,0.5812649323180519,41134.0
00860044,compression,amber,extra,1.0,1.0,4115.0
00860044,compression,amberdef,extra,0.9851647968065008,0.9995175235243156,77243.0
00970002,torsion,amber,extra,31.89985882872636,0.7608876837854026,127351.0
00970002,torsion,amberdef,extra,1.635918974141538,0.8655721760508007,123530.0
00200022,torsion_compression,amber,extra,0.5830121486712183,0.7507818503795719,75203.0
00200022,torsion_compression,amberdef,extra,0.6671001259380879,0.8342133828609919,72098.0
00220004,torsion,amber,extra,0.6143695841794398,0.8903298380748004,226201.0
00220004,torsion,amberdef,extra,0.739803889426505,0.9648168737530124,46200.0
00060017,torsion_compression,amber,extra,0.5855581253643686,0.7900400911933328,258113.0
00060017,torsion_compression,amberdef,extra,0.500742336010427,0.6161578397874485,250106.0
00170038,torsion,amber,extra,0.8080223162332466,0.9930217435088736,31786.0
00170038,torsion,amberdef,extra,0.8581867131121547,0.9896397777957816,32533.0
00230056,compression,amber,extra,0.5208270423366788,0.9686771390620084,65953.0
00230056,compression,amberdef,extra,0.3622908901919692,0.4261328760444156,75902.0
00320057,torsion_compression,amber,extra,0.6843220352858779,0.946273636748154,159135.0
00320057,torsion_compression,amberdef,extra,0.5905729263928986,0.9346330666022042,165173.0
00610003,bending,amber,extra,0.8104298596063314,0.9823398686114078,1816.0
00610003,bending,amberdef,extra,0.9119560856421288,0.9934535595724566,1700.0
00650065,compression,amber,extra,1.0,0.999999999288472,108232.0
00650065,compression,amberdef,extra,1.0,0.999999999288472,108232.0
00710003,bending,amber,extra,0.6577160582622323,0.8140819695717196,118460.0
00710003,bending,amberdef,extra,0.6885790349889209,0.9622950255463212,120990.0
00760084,torsion,amber,extra,0.5467408070233499,0.5885233249592526,92444.0
00760084,torsion,amberdef,extra,0.8773368731918375,0.9831424171381388,93141.0
00830028,bending,amber,extra,0.588575931191146,0.8201990225683212,52096.0
00830028,bending,amberdef,extra,0.7271706022945111,0.8044320258804576,52080.0
00860026,torsion_compression,amber,extra,0.4605536410967289,0.754648999790249,183613.0
00860026,torsion_compression,amberdef,extra,0.041565165682088,0.0852459115738277,189165.0
00210070,bending,amber,extra,0.2943170281106997,0.4758062100718713,125090.0
00210070,bending,amberdef,extra,0.8343552379369672,0.9591745289880356,130690.0
00520006,bending_compression,amber,extra,1.0,1.0,76754.0
00520006,bending_compression,amberdef,extra,1.0,1.0,76754.0
00080038,bending,amber,extra,0.969968479619034,0.9932373929861332,21807.0
00080038,bending,amberdef,extra,0.996633303248504,0.9997894801928982,38035.0
00170059,torsion_compression,amber,extra,0.8293932347194164,0.9741625306577896,53233.0
00170059,torsion_compression,amberdef,extra,0.8367152992866915,0.974583965828516,7013.0
00240056,torsion,amber,extra,0.8502254643847796,0.95021470097962,7509.0
00240056,torsion,amberdef,extra,0.8080639104749027,0.9657392119709172,7246.0
00270002,bending,amber,extra,0.7963593208291307,0.9760969204524244,79710.0
00270002,bending,amberdef,extra,0.9624750380518954,0.9348046815192452,8896.0
00360014,bending,amber,extra,0.7725792600655352,0.9559931972638016,185436.0
00360014,bending,amberdef,extra,0.5917444115431926,0.8354543068660466,189780.0
00380051,torsion,amber,extra,0.8831147184876335,0.9869073851004556,5155.0
00380051,torsion,amberdef,extra,0.8953382490042292,0.985765312241613,5153.0
00410072,bending_compression,amber,extra,1.0,1.0,72431.0
00410072,bending_compression,amberdef,extra,1.0,1.0,73373.0
00470075,torsion_compression,amber,extra,0.7252473934909918,0.9500801017779568,76731.0
00470075,torsion_compression,amberdef,extra,0.5983856762831521,0.7595668870356215,79940.0
00550067,torsion,amber,extra,0.6924055352893494,0.9755526193301384,53684.0
00550067,torsion,amberdef,extra,0.6205910358976274,0.8415695386445192,77921.0
00620093,compression,amber,extra,0.681488027202361,0.9693858524665906,9201.0
00620093,compression,amberdef,extra,0.790970048212322,0.9378207997524906,8909.0
00650000,torsion_compression,amber,extra,0.9281387173371936,0.9847601490657512,2112.0
00650000,torsion_compression,amberdef,extra,0.9281387173371934,0.9847601490657512,2112.0
00660055,compression,amber,extra,0.9874092610740414,2.0563564236493472,99428.0
00660055,compression,amberdef,extra,0.6949388448481074,0.9074043147771952,94269.0
00720048,torsion_compression,amber,extra,0.3745933634570015,0.674938796045552,66918.0
00720048,torsion_compression,amberdef,extra,0.4831739979833672,0.6113395733293524,66163.0
00800032,bending_compression,amber,extra,0.796518844245036,0.8828468164627239,24037.0
00800032,bending_compression,amberdef,extra,0.7943648722362912,0.9699444681362376,24393.0
00840052,bending_compression,amber,extra,0.7406600565945668,0.955269101127282,15007.0
00840052,bending_compression,amberdef,extra,0.7652206487455743,0.9548103192709836,15820.0
00860099,compression,amber,extra,1.0,1.0,12375.0
00860099,compression,amberdef,extra,1.0,1.0,4225.0
00890073,torsion_compression,amber,extra,0.2252349762550417,0.2930029332572033,23457.0
00890073,torsion_compression,amberdef,extra,0.8013207172067603,0.958193315267804,23794.0
00990038,compression,amber,extra,0.2860911514894543,0.2425732155163826,127928.0
00990038,compression,amberdef,extra,0.2637335235874875,0.7127726802112132,124959.0
00200089,torsion_compression,amber,extra,0.6856844398371035,0.9582547269043268,87336.0
00200089,torsion_compression,amberdef,extra,0.6654069051412226,0.8717965978119061,88927.0
00520006,bending,amber,extra,1.0,1.0,76754.0
00520006,bending,amberdef,extra,1.0,1.0,76754.0
00140054,torsion_compression,amber,extra,0.7170212059981937,0.9519839563504956,43409.0
00140054,torsion_compression,amberdef,extra,0.6439024217212782,0.9029657180035316,40315.0
00160091,torsion,amber,extra,1.0,1.0,117877.0
00160091,torsion,amberdef,extra,1.0,1.0,113672.0
00200078,bending,amber,extra,0.3381010927873698,2.0883085047959145,1111.0
00200078,bending,amberdef,extra,0.3391753529905776,2.087620973047576,1111.0
00240090,torsion,amber,extra,0.6671366325487198,0.8556425273816641,37184.0
00240090,torsion,amberdef,extra,0.2607680990899609,0.0868089010824225,35589.0
00290076,torsion_compression,amber,extra,0.4618833136747157,0.6857359761323334,136639.0
00290076,torsion_compression,amberdef,extra,0.6943206214919873,0.9144941287008312,146679.0
00360058,compression,amber,extra,0.8881249728265751,0.9873853107356436,3560.0
00360058,compression,amberdef,extra,0.9586922539377868,0.9947982866435732,3283.0
00380054,bending,amber,extra,0.8119195557797091,0.9618819383153348,28307.0
00380054,bending,amberdef,extra,0.5868726213091003,0.7690327080306191,28877.0
00450004,bending,amber,extra,1.0,1.0,48260.0
00450004,bending,amberdef,extra,1.0,1.0,45905.0
00490074,bending_compression,amber,extra,0.968980466451683,0.9982649103182843,6345.0
00490074,bending_compression,amberdef,extra,0.9256823981749186,0.9889647029008009,6120.0
00580068,torsion_compression,amber,extra,0.7474686706302903,0.938862324310046,58381.0
00580068,torsion_compression,amberdef,extra,0.7907311013276962,0.9480930604137612,56073.0
00650066,bending,amber,extra,1.0,1.0,99601.0
00650066,bending,amberdef,extra,1.0,1.0,99601.0
00710039,torsion,amber,extra,0.4918334604605873,0.9338200048191764,54549.0
00710039,torsion,amberdef,extra,0.5994514102202453,0.8379495324946694,56346.0
00750000,bending,amber,extra,0.6585455230009365,0.8913244227942991,29206.0
00750000,bending,amberdef,extra,0.8487936487513897,0.9767758938110443,29472.0
00810023,compression,amber,extra,0.7082335195967091,0.9564512440428884,107625.0
00810023,compression,amberdef,extra,0.4044578745617012,0.1741892465430613,112545.0
00860049,bending_compression,amber,extra,0.8009747529233161,0.9657600540559034,27569.0
00860049,bending_compression,amberdef,extra,0.8749982091052722,0.983002102383104,25472.0
00890073,torsion,amber,extra,0.977986692494163,0.999642161076659,23665.0
00890073,torsion,amberdef,extra,0.9806256885723243,0.9996245968513792,23951.0
00970056,compression,amber,extra,1.0,1.0,6592.0
00970056,compression,amberdef,extra,1.0,1.0,6592.0
00200030,bending_compression,amber,extra,0.9837764089607346,0.9989768294375274,8041.0
00200030,bending_compression,amberdef,extra,0.9988214049001736,0.9999956770388,20349.0
00510024,bending,amber,extra,0.9321706042502206,0.9987672936018972,8882.0
00510024,bending,amberdef,extra,0.9321706042502186,0.9987672936018972,8882.0
00010055,torsion,amber,extra,0.544820522551573,0.4822488697091113,75850.0
00010055,torsion,amberdef,extra,0.6684998332834654,0.8003028093989225,77239.0
00160047,bending,amber,extra,0.731619655421402,0.9631654053668764,46441.0
00160047,bending,amberdef,extra,0.7738352872970778,0.948577260015527,46001.0
00180018,compression,amber,extra,5.384048452467356,0.8808320399654614,86168.0
00180018,compression,amberdef,extra,1.3872182867233835,0.2565991800735969,94782.0
00340068,torsion,amber,extra,0.352068331755806,0.7748173633839144,63776.0
00340068,torsion,amberdef,extra,0.192657617146061,0.4984433185170606,86771.0
00360088,bending_compression,amber,extra,0.1698484603029658,0.8144578799291619,159713.0
00360088,bending_compression,amberdef,extra,0.3690308172755462,0.7361696212996361,161296.0
00380080,compression,amber,extra,0.6914205308075966,0.8878020950897605,67567.0
00380080,compression,amberdef,extra,0.7863690227904889,0.9496284055647272,67016.0
00450037,bending,amber,extra,0.5578725568655243,0.1172905792701019,9865.0
00450037,bending,amberdef,extra,0.7002704278519404,0.6914854400577523,10037.0
00480062,bending,amber,extra,0.8796966770019095,0.940679326820507,21854.0
00480062,bending,amberdef,extra,0.9932986619685517,0.99410352993813,38422.0
00610091,torsion_compression,amber,extra,1.0,1.0,38374.0
00610091,torsion_compression,amberdef,extra,1.0,1.0,38374.0
00660049,bending,amber,extra,1.0,1.0,9011.0
00660049,bending,amberdef,extra,1.0,1.0,8845.0
00710039,bending,amber,extra,0.3627613364677228,0.881830805383887,43776.0
00710039,bending,amberdef,extra,0.8159729480296961,0.9819656292983512,50522.0
00740023,torsion_compression,amber,extra,0.8160792386931515,0.9838661764212036,74562.0
00740023,torsion_compression,amberdef,extra,0.6942966137378422,0.9183694643892114,71630.0
00820090,bending_compression,amber,extra,0.0838180237675518,0.2316374612835298,80415.0
00820090,bending_compression,amberdef,extra,0.1623249416598131,0.7167763660227332,77248.0
00860010,torsion,amber,extra,0.5733220714787568,0.8515930181383282,30804.0
00860010,torsion,amberdef,extra,0.6305079864571342,0.8924765293283687,30643.0
00880096,compression,amber,extra,0.7199195011447351,0.9661618403068394,63113.0
00880096,compression,amberdef,extra,0.6483793105049935,0.9020134173464556,62084.0
00970002,bending,amber,extra,9.93270816600802,0.9203236497723136,82226.0
00970002,bending,amberdef,extra,0.5024980327518029,0.5626895560543728,82668.0
Electrical_Parts_Servos_SG-90_Servo-sg90,compression,amber,extra,0.2947738554592312,0.8419205151042117,50883.0
Electrical_Parts_Servos_SG-90_Servo-sg90,compression,amberdef,extra,0.8554263882554639,0.9783187878942976,58146.0
00140014,bending,amber,extra,0.8062855831397271,0.9614715782253872,47550.0
00140014,bending,amberdef,extra,0.7840676236374071,0.944376933726508,47475.0
00230056,torsion_compression,amber,extra,0.5882880140604639,0.7648887580409295,99134.0
00230056,torsion_compression,amberdef,extra,0.0064463968762617,0.0989639514402911,100774.0
00290076,bending,amber,extra,0.6535727978959777,0.8942964273431075,78116.0
00290076,bending,amberdef,extra,0.4385098283319548,0.501135808667931,78164.0
00360014,torsion_compression,amber,extra,0.6531100850987409,0.5017428487033541,178273.0
00360014,torsion_compression,amberdef,extra,0.764392750892,0.9226863938588248,170768.0
00380051,bending_compression,amber,extra,0.910032347681238,0.98673694558888,5795.0
00380051,bending_compression,amberdef,extra,0.9317151979030796,0.9926283939516692,5204.0
00410074,bending,amber,extra,1.0,1.0,31663.0
00410074,bending,amberdef,extra,1.0,1.0,32200.0
00470072,torsion_compression,amber,extra,0.8829408521929151,0.9923173520191167,41627.0
00470072,torsion_compression,amberdef,extra,0.7203997927566237,0.9171234675251771,42720.0
00530025,compression,amber,extra,0.5563102954090403,0.9201641620689374,84250.0
00530025,compression,amberdef,extra,0.6530122087791798,0.936649567196248,86918.0
00620020,compression,amber,extra,0.7615878071519374,0.9047042864022702,57896.0
00620020,compression,amberdef,extra,0.768942000430358,0.9512522875665056,57939.0
00640087,compression,amber,extra,0.5982201820837105,0.8902081221642876,22013.0
00640087,compression,amberdef,extra,0.5168210660626983,0.5835891797843792,22098.0
00720006,bending_compression,amber,extra,0.7060926589254543,0.7727420446516693,111474.0
00720006,bending_compression,amberdef,extra,0.4834851893561309,0.0619496005718565,116655.0
00800032,compression,amber,extra,0.7970222947593716,0.92274719850865,26999.0
00800032,compression,amberdef,extra,0.7055361948533131,0.8169584095369694,25999.0
00830083,torsion_compression,amber,extra,0.1554206255508231,1.5054807221552802,103488.0
00830083,torsion_compression,amberdef,extra,0.2774901273682383,0.6273914097585648,102718.0
00870050,compression,amber,extra,0.732695891624158,0.911169430293631,22804.0
00870050,compression,amberdef,extra,0.8913644117556091,0.9893874327456784,18234.0
00910047,bending,amber,extra,0.8839242988893797,0.9514012739885958,1907.0
00910047,bending,amberdef,extra,0.7746849793989184,0.9612912413389056,52581.0
00990059,torsion,amber,extra,0.7081971191626778,0.9787139294367196,38767.0
00990059,torsion,amberdef,extra,0.6404891580194694,0.8221060468757441,34282.0
00210090,compression,amber,extra,0.6980093894616756,0.935732275492705,53454.0
00210090,compression,amberdef,extra,0.8010655391241746,0.9760188429467695,54555.0
Electrical_Parts_Servos_SG-90_Servo-sg90,bending,amber,extra,0.7156686225621615,0.9526320942179184,32459.0
Electrical_Parts_Servos_SG-90_Servo-sg90,bending,amberdef,extra,0.7641666999548141,0.9261831646530522,31677.0
00140054,bending,amber,extra,0.6165930470430285,0.8918020729799847,31107.0
00140054,bending,amberdef,extra,0.4931094510290347,0.8675268548097737,30458.0
00160092,torsion,amber,extra,0.7918349412909237,0.983068578304562,66474.0
00160092,torsion,amberdef,extra,0.7575754534227476,0.9687196978912442,68230.0
00240090,bending,amber,extra,0.8823904279638781,0.9693216198577912,37007.0
00240090,bending,amberdef,extra,0.0038812679849784,0.8281341383315541,36018.0
00290076,torsion,amber,extra,0.7704174934026323,0.9388418868843336,68818.0
00290076,torsion,amberdef,extra,0.621392016397509,0.719898683396084,87218.0
00360016,bending,amber,extra,0.6001072211053093,0.9765294950781436,11017.0
00360016,bending,amberdef,extra,0.5704892443029277,0.8025313489483026,11958.0
00380009,compression,amber,extra,0.7252546143893068,0.9416345671930376,94182.0
00380009,compression,amberdef,extra,0.8640224073340034,0.9833018417737012,96287.0
00400083,bending,amber,extra,0.979680715760034,0.9995229060282964,35656.0
00400083,bending,amberdef,extra,0.718730195555783,0.944950178090486,34627.0
00450037,compression,amber,extra,0.7034895222385761,0.6525480572883714,11220.0
00450037,compression,amberdef,extra,0.5160210733974442,0.2283033631238599,9949.0
00480062,torsion,amber,extra,0.9163394214995276,0.9682577615342078,21854.0
00480062,torsion,amberdef,extra,0.999922590402252,0.9999997938779596,40498.0
00620020,bending_compression,amber,extra,0.3247082045164201,0.5213546274168792,79134.0
00620020,bending_compression,amberdef,extra,0.8435034277726284,0.9725101874061088,75208.0
00640087,bending,amber,extra,0.5195199423405906,0.7150669021341183,23130.0
00640087,bending,amberdef,extra,0.7873293381987209,0.9447149581275932,22069.0
00710003,compression,amber,extra,0.5706319237848886,0.7937608485213365,108420.0
00710003,compression,amberdef,extra,0.5450496705528732,0.7355093273407599,109904.0
00760084,bending_compression,amber,extra,0.8508339135890994,0.9556874528344598,92406.0
00760084,bending_compression,amberdef,extra,0.5906008137761348,0.7455948735461095,93261.0
00830032,compression,amber,extra,0.0097324818865092,0.6986888952752587,41185.0
00830032,compression,amberdef,extra,0.2843901448319471,0.5360117561010836,41134.0
00860049,bending,amber,extra,0.8495113831938872,0.9816267941171803,26369.0
00860049,bending,amberdef,extra,0.8872919651159474,0.9569921621311798,24309.0
00910047,torsion,amber,extra,0.5794130228423623,0.8660790372707089,67661.0
00910047,torsion,amberdef,extra,0.6980604931636326,0.9177075556575816,69433.0
00990038,torsion,amber,extra,0.2602392255097285,0.8081874929173917,151405.0
00990038,torsion,amberdef,extra,0.123317043525873,0.5865351331664485,124786.0
00210070,compression,amber,extra,0.6979279727268904,0.922941029066515,125716.0
00210070,compression,amberdef,extra,0.6334096061508003,0.7531335599328042,130798.0
00520006,torsion_compression,amber,extra,1.0,1.0,76754.0
00520006,torsion_compression,amberdef,extra,1.0,1.0,76754.0
00100065,torsion,amber,extra,0.1763191833585856,0.8752514074267432,162351.0
00100065,torsion,amberdef,extra,0.5894583520000161,0.9589924357561402,179997.0
00270002,bending_compression,amber,extra,,,8580.0
00270002,bending_compression,amberdef,extra,0.3612723271985372,0.7267816166520064,92595.0
00350001,compression,amber,extra,0.5995437088522731,0.9947822330242116,69218.0
00350001,compression,amberdef,extra,0.1064512113704592,0.8753282595471384,68655.0
00380031,bending,amber,extra,0.3520492501912363,0.2022096764288928,98140.0
00380031,bending,amberdef,extra,0.4513129827900163,0.2259424117243999,104247.0
00410072,compression,amber,extra,1.0,1.0,4708.0
00410072,compression,amberdef,extra,1.0,1.0,72157.0
00470072,bending_compression,amber,extra,0.9283585842680958,0.994125076079764,43220.0
00470072,bending_compression,amberdef,extra,0.6789613782172773,0.9608315177464424,42785.0
00550073,bending,amber,extra,0.9228901246973296,0.9969903492403946,66943.0
00550073,bending,amberdef,extra,0.6593672410577179,0.857728053551312,68491.0
00630027,bending,amber,extra,1.0,1.0,103084.0
00630027,bending,amberdef,extra,1.0,1.0,99928.0
00710003,torsion,amber,extra,0.4852302731768077,0.4702810513467657,107547.0
00710003,torsion,amberdef,extra,0.5872689057986847,0.9070222132921762,108974.0
00760021,bending_compression,amber,extra,0.8920538663764567,0.6287244750275792,253094.0
00760021,bending_compression,amberdef,extra,0.7398137734316244,0.9568110040008654,261561.0
00830032,torsion,amber,extra,0.060951469856838,0.4704302904781992,40348.0
00830032,torsion,amberdef,extra,0.4845764916488594,0.9536475062341644,45158.0
00860010,torsion_compression,amber,extra,0.3010836093184681,0.7070160464264698,85947.0
00860010,torsion_compression,amberdef,extra,0.3479639073284006,0.7600365018011329,85148.0
00890055,bending,amber,extra,0.2175513293538061,0.7540398304511549,127310.0
00890055,bending,amberdef,extra,0.3233032105568889,0.5734607581616012,123678.0
00970010,bending,amber,extra,0.8565816509345405,0.965149612017906,916.0
00970010,bending,amberdef,extra,0.55130850681028,0.9051724646455602,18373.0
00210097,bending_compression,amber,extra,0.5507119068899652,0.8439834480428946,88133.0
00210097,bending_compression,amberdef,extra,0.6974329561298368,0.9199454890472342,87291.0
Mechanical_Parts_Mountings_SHF08_SHF08,bending,amber,extra,0.4914826960030046,0.6597471239027377,105458.0
Mechanical_Parts_Mountings_SHF08_SHF08,bending,amberdef,extra,0.8106641169921446,0.9647343029297452,108245.0
00080038,torsion,amber,extra,0.9844322827134208,0.9987134000642828,21807.0
00080038,torsion,amberdef,extra,0.9964359266797987,0.9999484880408264,15411.0
00170059,torsion,amber,extra,0.7454202168428851,0.9784314896691936,51666.0
00170059,torsion,amberdef,extra,0.8720540996354642,0.9910732382067616,7013.0
00230075,bending,amber,extra,0.9999999999601284,1.0,100007.0
00230075,bending,amberdef,extra,0.9997120295647048,0.999999844824153,104128.0
00270002,compression,amber,extra,0.134600198927063,0.7489222202251984,96277.0
00270002,compression,amberdef,extra,2.4712786490777874,0.8776392540548241,8938.0
00360014,torsion,amber,extra,0.795453053365511,0.9796976869993644,187846.0
00360014,torsion,amberdef,extra,0.7021103196021855,0.8865667700773207,193352.0
00400070,torsion,amber,extra,0.1319266553233513,0.7058986583723734,99590.0
00400070,torsion,amberdef,extra,0.0806625002042265,0.0425259050135923,98903.0
00450004,bending_compression,amber,extra,1.0,1.0,48083.0
00450004,bending_compression,amberdef,extra,1.0,1.0,45661.0
00550067,bending,amber,extra,0.6223752844117406,0.7940591430202962,76732.0
00550067,bending,amberdef,extra,0.5753449673364238,0.7443156436658698,76024.0
00640016,compression,amber,extra,0.8398272543099595,0.9421869367401912,38731.0
00640016,compression,amberdef,extra,0.8492365276557627,0.974374410884958,40559.0
00650000,compression,amber,extra,0.9861934440862616,0.9986543811557552,2112.0
00650000,compression,amberdef,extra,0.9861934440862604,0.9986543811557552,2112.0
00690084,compression,amber,extra,0.9366024739834444,0.9957212036352124,13409.0
00690084,compression,amberdef,extra,0.8961282067486976,0.9708069684916598,13856.0
00720092,compression,amber,extra,0.8236006539833944,0.974758639801407,5805.0
00720092,compression,amberdef,extra,0.8165335350147269,0.9774353263128917,4912.0
00790071,compression,amber,extra,0.3842861422106791,0.8571304803341971,111311.0
00790071,compression,amberdef,extra,0.823879202692524,0.9935088808983548,110385.0
00860044,torsion,amber,extra,0.9730817547867536,0.9924885752175356,47950.0
00860044,torsion,amberdef,extra,0.9994582735187048,0.9999991066908772,42348.0
00930069,bending_compression,amber,extra,0.6179453810334693,0.9196204463879016,20541.0
00930069,bending_compression,amberdef,extra,0.761232049731635,0.9422543093588804,20268.0
00210070,torsion,amber,extra,0.6744021690137743,0.9266107438570556,140263.0
00210070,torsion,amberdef,extra,0.4987930360132808,0.731867741958237,136073.0
00520092,torsion_compression,amber,extra,0.6273547067559087,0.8602311843834075,108668.0
00520092,torsion_compression,amberdef,extra,0.7307394045463274,0.9478467750056416,113336.0
00050000,compression,amber,extra,162.05303945998602,0.771767442307195,15886.0
00050000,compression,amberdef,extra,0.5870323082798339,0.8589841219353903,17035.0
00170059,bending,amber,extra,0.7288919203765627,0.96462462782054,7013.0
00170059,bending,amberdef,extra,0.7288919203765508,0.9646246278205216,7013.0
00230055,torsion_compression,amber,extra,0.6098295519991345,0.8507006831030408,9737.0
00230055,torsion_compression,amberdef,extra,0.7441440428678695,0.9104420411415264,10357.0
00250013,torsion_compression,amber,extra,0.9076138218672296,0.9900868518545692,14085.0
00250013,torsion_compression,amberdef,extra,0.7175476731430988,0.9039125665634634,94100.0
00340068,compression,amber,extra,0.2225059997462853,0.5945895312485637,78655.0
00340068,compression,amberdef,extra,0.26559621636041,0.7285971302899618,87051.0
00360088,compression,amber,extra,0.1705247272323062,0.4541228742337947,153796.0
00360088,compression,amberdef,extra,0.0821406084946674,0.2930127050147544,158542.0
00400083,torsion_compression,amber,extra,0.6175837060633007,0.9469509836351748,122376.0
00400083,torsion_compression,amberdef,extra,0.6180728414487467,0.8571101733308965,125273.0
00460090,bending_compression,amber,extra,0.7826819738894619,0.9529671810989956,25410.0
00460090,bending_compression,amberdef,extra,0.7798438137669622,0.9606580773221244,29552.0
00480062,torsion_compression,amber,extra,0.7098106295707075,0.868702609315709,21854.0
00480062,torsion_compression,amberdef,extra,0.8415246952919124,0.9737716081627988,41644.0
00620093,torsion_compression,amber,extra,0.6597163399647766,0.9076630598137992,13400.0
00620093,torsion_compression,amberdef,extra,0.8097214053718673,0.9180093268260168,13026.0
00650041,torsion,amber,extra,0.7184783853435522,0.932912707897074,71936.0
00650041,torsion,amberdef,extra,0.7332963749084037,0.9385340296797908,71990.0
00700046,torsion_compression,amber,extra,0.8935214121763476,0.9971441242307588,30469.0
00700046,torsion_compression,amberdef,extra,0.9394375485541594,0.9985686401185844,31416.0
00760021,torsion,amber,extra,0.261066608692505,0.7348762100671975,227068.0
00760021,torsion,amberdef,extra,0.4547579228706019,0.7627164184402936,261235.0
00840052,compression,amber,extra,0.9415382260396462,0.9960493494145152,15039.0
00840052,compression,amberdef,extra,0.8755904591214854,0.9824526401205628,15802.0
00870089,bending_compression,amber,extra,0.2502795107019289,0.4010980235966629,16490.0
00870089,bending_compression,amberdef,extra,0.4435584002427117,0.7554703911019891,16069.0
00930069,bending,amber,extra,0.7509751362892828,0.9614674533166262,1619.0
00930069,bending,amberdef,extra,0.7926894757548018,0.9348598346012356,11325.0
00990059,compression,amber,extra,0.6523716082372127,0.9723692695682228,40198.0
00990059,compression,amberdef,extra,0.5623365704869435,0.8080533842018502,39399.0
00210090,bending,amber,extra,0.5595409981104262,0.8854685199683989,88141.0
00210090,bending,amberdef,extra,0.8387799918809531,0.9681848137826744,89608.0
00520092,torsion,amber,extra,0.3876624550262419,0.5485296305700837,121199.0
00520092,torsion,amberdef,extra,0.4296874671818055,0.83125034450021,123291.0
00050000,torsion,amber,extra,537.2037429392857,0.643547239315139,42944.0
00050000,torsion,amberdef,extra,0.7969792422918643,0.9859815943260904,50828.0
00180018,torsion,amber,extra,0.1373253560981034,0.8533534729483012,123685.0
00180018,torsion,amberdef,extra,0.5598442521971878,0.9076472846902418,125564.0
00260088,torsion,amber,extra,8.51138898647159,18.997973391466196,49626.0
00260088,torsion,amberdef,extra,19.63416864771917,69.13745172547273,56219.0
00350001,bending_compression,amber,extra,0.878856378280169,0.9794638676884728,60432.0
00350001,bending_compression,amberdef,extra,0.8898408888520524,0.9889525448129416,61960.0
00380031,bending_compression,amber,extra,0.6481040139623547,0.7072344386297256,100689.0
00380031,bending_compression,amberdef,extra,0.6461120928063822,0.6774493445929766,103918.0
00420062,bending,amber,extra,0.6411873115852925,0.8323572152403949,73698.0
00420062,bending,amberdef,extra,0.6901549274487311,0.9361183565400438,74687.0
00470075,compression,amber,extra,0.7837382944388502,0.9339236388017912,52018.0
00470075,compression,amberdef,extra,0.7829951255487628,0.9404451392237446,53696.0
00490074,torsion_compression,amber,extra,0.9579513847947309,0.9923349992971324,6567.0
00490074,torsion_compression,amberdef,extra,0.9876150254030144,0.99969917630154,6061.0
00610003,torsion_compression,amber,extra,0.6733223841409762,0.9274097611669392,21770.0
00610003,torsion_compression,amberdef,extra,0.746690088764389,0.9489570565355168,22248.0
00640066,compression,amber,extra,1.0,1.0,99787.0
00640066,compression,amberdef,extra,1.0,1.0,99787.0
00810023,bending_compression,amber,extra,0.7313302075614234,0.9561653949865568,117586.0
00810023,bending_compression,amberdef,extra,0.7359794962490792,0.8701603152291661,116451.0
00850016,compression,amber,extra,0.5808838070278087,0.9575744462923242,2642.0
00850016,compression,amberdef,extra,0.7171695329109784,0.9452722409688776,2606.0
00880096,torsion_compression,amber,extra,0.3218021017633571,0.6328793202065346,65888.0
00880096,torsion_compression,amberdef,extra,0.6820636336240815,0.9341211206855902,64863.0
00970010,torsion,amber,extra,0.9214485482801524,0.9917907744458592,832.0
00970010,torsion,amberdef,extra,0.688653491613275,0.9375690340721736,21280.0
00200008,compression,amber,extra,0.6291295026997055,0.8789312627439354,186735.0
00200008,compression,amberdef,extra,0.8565656010557373,0.9846397082560394,182104.0
00510024,compression,amber,extra,0.9181176295430024,0.9987029934290104,8882.0
00510024,compression,amberdef,extra,0.9181176295430024,0.9987029934290104,8882.0
00100065,bending,amber,extra,1.6486895956969394,0.8598918796211785,179791.0
00100065,bending,amberdef,extra,0.6012819844917797,0.9558436975502974,191684.0
00230075,torsion_compression,amber,extra,0.95213210915031,0.990854679311994,103142.0
00230075,torsion_compression,amberdef,extra,0.9964348974121358,0.9999887816055067,103576.0
00300036,torsion_compression,amber,extra,0.4844777670726233,0.9123327435043092,27835.0
00300036,torsion_compression,amberdef,extra,0.770769632950778,0.9326051422703846,27868.0
00360036,compression,amber,extra,0.9745761503116744,0.9972457886696604,21814.0
00360036,compression,amberdef,extra,0.930190009492115,0.9887442852383628,40462.0
00380054,bending_compression,amber,extra,0.6750977823010369,0.8986416508074101,36272.0
00380054,bending_compression,amberdef,extra,0.6348135348950292,0.94905259735926,34856.0
00420062,torsion_compression,amber,extra,0.0421963060619852,0.5188991635620973,81555.0
00420062,torsion_compression,amberdef,extra,0.017921932518886,0.4941497412888634,83791.0
00470075,torsion,amber,extra,0.865334429533832,0.9690844260639844,51669.0
00470075,torsion,amberdef,extra,0.7615107429292,0.9395644551592028,65275.0
00530022,compression,amber,extra,0.573474687527635,0.9016870724275644,45644.0
00530022,compression,amberdef,extra,0.7309104639450805,0.9607444175187636,47171.0
00610091,bending,amber,extra,1.0,1.0,38374.0
00610091,bending,amberdef,extra,1.0,1.0,38374.0
00700085,torsion_compression,amber,extra,0.9470167787822328,0.998411456315478,20912.0
00700085,torsion_compression,amberdef,extra,0.9575210728132026,0.9983050727320066,21345.0
00740023,bending,amber,extra,0.8514901012966605,0.9971281482731902,22868.0
00740023,bending,amberdef,extra,0.7849278435059306,0.9852291166599914,22476.0
00800055,compression,amber,extra,0.4178813421532515,0.5144126574117076,32175.0
00800055,compression,amberdef,extra,0.4325118390026678,0.7454665765094135,36594.0
00850016,torsion,amber,extra,0.763726345663883,0.9722519791293016,5919.0
00850016,torsion,amberdef,extra,0.7617075449836593,0.9704588069251262,5259.0
00880050,bending_compression,amber,extra,0.022978859343899,0.6164668795037509,19450.0
00880050,bending_compression,amberdef,extra,0.1192494656024778,0.6870027099401699,18971.0
00930069,torsion_compression,amber,extra,0.6343343712879815,0.8509750341600062,22763.0
00930069,torsion_compression,amberdef,extra,0.9155364725256636,0.990643884977433,19980.0
00210090,bending_compression,amber,extra,0.6029040761194894,0.9020863905542228,102688.0
00210090,bending_compression,amberdef,extra,0.7361400614821381,0.9412866936306896,105725.0
Mechanical_Parts_Mountings_SK08_SK08-SK08,bending,amber,extra,0.5783923193752141,0.9481998223722724,46330.0
Mechanical_Parts_Mountings_SK08_SK08-SK08,bending,amberdef,extra,0.792224431519311,0.9261299456572044,47862.0
00060017,bending_compression,amber,extra,0.6879741729554605,0.928801592621178,260389.0
00060017,bending_compression,amberdef,extra,0.5904357282009749,0.7848767065014136,249579.0
00170038,bending,amber,extra,0.7345910617437857,0.9736442913620168,14203.0
00170038,bending,amberdef,extra,0.8648168220934653,0.9957947388303662,13698.0
00220069,bending_compression,amber,extra,0.5968309066813278,0.795020379055501,43154.0
00220069,bending_compression,amberdef,extra,0.6809614389593448,0.8827486324986945,46881.0
00260088,compression,amber,extra,0.028217024297119,0.5820556354207174,49929.0
00260088,compression,amberdef,extra,0.6432377401206376,0.7520844381761876,55900.0
00340068,bending,amber,extra,0.8027377514962056,0.975558491387959,1843.0
00340068,bending,amberdef,extra,0.300239460423252,0.2467863031890825,86806.0
00360088,bending,amber,extra,0.1839428804689095,0.7788164751247709,118964.0
00360088,bending,amberdef,extra,0.3066555073685246,0.4424662084687384,119008.0
00410072,bending,amber,extra,1.0,1.0,4708.0
00410072,bending,amberdef,extra,1.0,1.0,73737.0
00470072,bending,amber,extra,0.699954804427919,0.8873603631408038,43323.0
00470072,bending,amberdef,extra,0.8995124162336009,0.9877461696064468,43096.0
00490002,bending,amber,extra,0.8195509692754969,0.9849835644783992,22584.0
00490002,bending,amberdef,extra,0.9126313853526664,0.9975920552232252,22236.0
00580068,compression,amber,extra,0.7645825799899041,0.8993082966133883,55402.0
00580068,compression,amberdef,extra,0.7436513440859279,0.941529011617559,56743.0
00720006,bending,amber,extra,0.2836374676385301,4.208881121059282,107746.0
00720006,bending,amberdef,extra,0.7519270732786546,0.8097528140649768,111183.0
00840053,torsion_compression,amber,extra,0.7451121296127432,0.9748422184137258,170187.0
00840053,torsion_compression,amberdef,extra,0.6149900362957165,0.7183225720797096,179369.0
00880096,torsion,amber,extra,0.2398863881697583,0.3142264388085602,65748.0
00880096,torsion,amberdef,extra,0.0038001293332333,0.446244379967542,65060.0
00950068,torsion,amber,extra,0.6792906946859074,0.8730182943063804,37482.0
00950068,torsion,amberdef,extra,0.730425783254924,0.8926728296603902,52020.0
00200022,bending,amber,extra,0.5922433205208305,0.7906678868728397,58804.0
00200022,bending,amberdef,extra,0.6758465908441124,0.8073843706300513,60031.0
00220074,torsion_compression,amber,extra,1.0,1.0,1899.0
00220074,torsion_compression,amberdef,extra,1.0,0.989071222270036,138891.0
Mechanical_Parts_Mountings_SHF08_SHF08,torsion_compression,amber,extra,0.9094871109977948,0.9921736625960637,36052.0
Mechanical_Parts_Mountings_SHF08_SHF08,torsion_compression,amberdef,extra,0.9169553676003948,0.9813590765250532,36314.0
00060002,torsion_compression,amber,extra,0.8977764130504234,0.9933738739548048,11056.0
00060002,torsion_compression,amberdef,extra,0.8167904658838384,0.9740499416600475,10275.0
00170011,torsion,amber,extra,0.3885839546280918,0.7650761491920699,25896.0
00170011,torsion,amberdef,extra,0.8222338193935592,0.9652978127881388,26052.0
00230055,torsion,amber,extra,0.7490608596841634,0.9147078865419402,18796.0
00230055,torsion,amberdef,extra,0.7090653013897092,0.9386864779813427,21305.0
00250013,bending_compression,amber,extra,0.9147307478565392,0.9901588960825228,14085.0
00250013,bending_compression,amberdef,extra,0.6961006061269889,0.880767975391768,91191.0
00330020,torsion_compression,amber,extra,0.6193437973739829,0.7211889843005863,204992.0
00330020,torsion_compression,amberdef,extra,0.4489003544227251,0.2965703177444623,204983.0
00380012,bending_compression,amber,extra,0.4405830542968744,0.5091691094532661,56887.0
00380012,bending_compression,amberdef,extra,0.7906129419965112,0.8751477006933067,61302.0
00400099,bending_compression,amber,extra,0.978569806220556,0.907655966271,5705.0
00400099,bending_compression,amberdef,extra,0.3007295558060781,0.7043054184281655,134273.0
00570009,bending_compression,amber,extra,2.4138011123500727,0.6364807009556321,113510.0
00570009,bending_compression,amberdef,extra,0.0889385618195121,0.1782838588350667,119231.0
00660055,bending_compression,amber,extra,0.542728432496605,0.9464792110263928,96976.0
00660055,bending_compression,amberdef,extra,0.7126909735818575,0.9560852531071672,95048.0
00720092,bending,amber,extra,0.7548362415346449,0.9383674458815132,5217.0
00720092,bending,amberdef,extra,0.8373215709671189,0.9752554313140068,4912.0
00770080,bending,amber,extra,0.3617346462609569,0.588319944379728,97413.0
00770080,bending,amberdef,extra,0.5706177827690612,0.7360438572562991,96810.0
00870089,bending,amber,extra,0.7394819938551955,0.6618509985151164,24540.0
00870089,bending,amberdef,extra,0.6627593206896037,0.9034000522758188,28744.0
00930071,compression,amber,extra,0.4430245886210438,0.7713785605639812,131902.0
00930071,compression,amberdef,extra,0.899739362366351,0.9946863161661924,128970.0
Mechanical_Parts_Mountings_SK08_SK08-SK08,bending_compression,amber,extra,0.396128639683268,0.6861825603663413,52859.0
Mechanical_Parts_Mountings_SK08_SK08-SK08,bending_compression,amberdef,extra,0.6163972962769926,0.8245788131282785,53495.0
00030059,bending_compression,amber,extra,0.5437522929156429,0.3768323328894274,5779.0
00030059,bending_compression,amberdef,extra,0.6346200028286776,0.5945693372634069,5618.0
00160047,torsion_compression,amber,extra,0.582179139699337,0.7673344198941512,43453.0
00160047,torsion_compression,amberdef,extra,0.6634741583905454,0.9244991051382844,44209.0
00190048,bending_compression,amber,extra,0.888279759476278,0.9915556259020282,2753.0
00190048,bending_compression,amberdef,extra,0.889801274182493,0.9931871597536795,2634.0
00240056,bending_compression,amber,extra,0.8532347666238239,0.9775501709765082,7496.0
00240056,bending_compression,amberdef,extra,0.7075373431934806,0.9043188146273682,7602.0
00270002,torsion_compression,amber,extra,0.5312602635097471,0.8896063271351955,91479.0
00270002,torsion_compression,amberdef,extra,0.345640637036166,0.9328107526205184,8884.0
00350001,torsion_compression,amber,extra,0.6088706201777987,0.7689734327433518,81970.0
00350001,torsion_compression,amberdef,extra,0.2591059020798846,0.8119484978812684,81042.0
00400083,compression,amber,extra,0.7372990683534081,0.9801983659041534,100492.0
00400083,compression,amberdef,extra,0.6868649691220541,0.9749543770522144,104164.0
00450041,torsion_compression,amber,extra,0.8468178161770065,0.9565128632154024,11228.0
00450041,torsion_compression,amberdef,extra,0.7164167977159445,0.9192781884536722,11029.0
00480056,bending,amber,extra,0.8939296127023828,0.9813383630849468,4352.0
00480056,bending,amberdef,extra,0.9340152741766689,0.9911791046968272,4560.0
00570009,compression,amber,extra,1.6827775821626614,0.8465777752066567,128525.0
00570009,compression,amberdef,extra,0.1912778437110047,0.8522289960360396,121992.0
00660049,torsion,amber,extra,1.0,0.9999999999996916,20799.0
00660049,torsion,amberdef,extra,1.0,1.0,22710.0
00710073,compression,amber,extra,0.7320571765772457,0.9584530910744888,39809.0
00710073,compression,amberdef,extra,0.7562181945466603,0.9491687171609492,38474.0
00740023,torsion,amber,extra,0.8013386314961087,0.984552690115959,54021.0
00740023,torsion,amberdef,extra,0.685902629547371,0.8683892844468553,65112.0
00810023,torsion_compression,amber,extra,0.860982948803856,0.9716950064337048,81630.0
00810023,torsion_compression,amberdef,extra,0.7839119867771774,0.9503221037415686,80814.0
00840075,bending,amber,extra,0.4750737703388789,0.9822014335493388,88813.0
00840075,bending,amberdef,extra,0.6739735632896032,0.9413537548633948,89052.0
00970002,compression,amber,extra,16.144667702149313,0.7878008605127137,67456.0
00970002,compression,amberdef,extra,6.734613924783861,8.689440022719229e-05,68106.0
00210070,torsion_compression,amber,extra,0.7311727305571792,0.964688767408874,130430.0
00210070,torsion_compression,amberdef,extra,0.7503079867307245,0.9351724386760144,131634.0
00540016,compression,amber,extra,0.7084179769654605,645845.4429478587,10698.0
00540016,compression,amberdef,extra,0.4209787900365676,189237.69266504972,10698.0
00080038,compression,amber,extra,0.984382162602871,0.9995149334720864,21807.0
00080038,compression,amberdef,extra,0.9870427190642026,0.9996219319541996,37964.0
00170059,bending_compression,amber,extra,0.7688443373271227,0.9524368472442892,7013.0
00170059,bending_compression,amberdef,extra,0.7688443373270892,0.9524368472442818,7013.0
00240056,bending,amber,extra,0.9006023398456855,0.9922910096500388,7753.0
00240056,bending,amberdef,extra,0.4754352915902329,0.8813579336394314,7674.0
00260088,torsion_compression,amber,extra,0.6982971006614519,1.950515628726692,49850.0
00260088,torsion_compression,amberdef,extra,0.1587254994581574,0.2144829386796988,49990.0
00350001,bending,amber,extra,0.7465784942664633,0.9388182690905768,68940.0
00350001,bending,amberdef,extra,0.1279267585528089,0.2589014428157992,71294.0
00400070,bending,amber,extra,0.2598039514128494,0.329011644620361,94346.0
00400070,bending,amberdef,extra,0.522017034827901,0.7556731065476008,93985.0
00450037,bending_compression,amber,extra,0.7900044399473464,0.9431150344823868,11300.0
00450037,bending_compression,amberdef,extra,0.8812186019995328,0.976012627423724,9921.0
00470088,torsion_compression,amber,extra,0.1789819627342923,0.5976512983955937,111893.0
00470088,torsion_compression,amberdef,extra,0.5239355380870689,0.7801499100033439,112304.0
00610003,torsion,amber,extra,0.8636360597317387,0.9915316563458422,1529.0
00610003,torsion,amberdef,extra,0.8997490663169591,0.9940438968938566,1761.0
00640066,torsion,amber,extra,1.0,1.0,99787.0
00640066,torsion,amberdef,extra,1.0,1.0,99787.0
00800055,torsion_compression,amber,extra,0.4060595752571279,0.8571064433246759,40290.0
00800055,torsion_compression,amberdef,extra,0.7209002648424554,0.9165659588891002,46265.0
00850016,bending,amber,extra,0.8421482615468185,0.9840865310512368,2718.0
00850016,bending,amberdef,extra,0.7959205201630024,0.9581069681594868,2608.0
00870089,compression,amber,extra,0.2578758590391555,0.9262573071912412,40203.0
00870089,compression,amberdef,extra,0.6898140514305031,0.9077577847878984,42039.0
00930001,bending_compression,amber,extra,0.6524742049387349,0.9854381159813554,267294.0
00930001,bending_compression,amberdef,extra,0.2305513423155774,0.974297676762151,30916.0
00160047,torsion,amber,extra,0.6476589223689645,0.814104158722373,55906.0
00160047,torsion,amberdef,extra,0.7145499610703631,0.9658085608609752,48196.0
00180018,bending,amber,extra,0.9983925102807588,0.0986761434337051,91104.0
00180018,bending,amberdef,extra,0.0754871583035009,0.5995745765474462,100591.0
00360077,bending_compression,amber,extra,0.0907382990125585,0.632717770173157,190318.0
00360077,bending_compression,amberdef,extra,0.2336357160189091,0.3865322667042178,194003.0
00380054,torsion_compression,amber,extra,0.7029655124462426,0.9147314920868144,44347.0
00380054,torsion_compression,amberdef,extra,0.7473275827350202,0.9740536797228022,43108.0
00450004,compression,amber,extra,1.0,1.0,44364.0
00450004,compression,amberdef,extra,1.0,1.0,42587.0
00480056,compression,amber,extra,0.8305028520258119,0.9766993341973638,5002.0
00480056,compression,amberdef,extra,0.8497814346415997,0.9799293889936356,4960.0
00550073,torsion_compression,amber,extra,0.7167919079676269,0.8450742354603217,65038.0
00550073,torsion_compression,amberdef,extra,0.7011759759720144,0.9419802633073174,68809.0
00640016,torsion_compression,amber,extra,0.7418766425030539,0.887972190579455,51521.0
00640016,torsion_compression,amberdef,extra,0.8334311406482856,0.9506679869188568,53927.0
00650041,compression,amber,extra,0.6086024128450158,0.914277622651304,69333.0
00650041,compression,amberdef,extra,0.6731777070165147,0.800024461875783,71294.0
00700085,torsion,amber,extra,0.903863114151799,0.9854482800624846,26630.0
00700085,torsion,amberdef,extra,0.8509888007084344,0.9597045243319764,26548.0
00720089,torsion,amber,extra,0.7517295504551268,0.942956823607234,42292.0
00720089,torsion,amberdef,extra,0.5566053132264399,0.8177742630847912,47670.0
00770080,torsion,amber,extra,0.2631344460453708,0.7245378838046936,104294.0
00770080,torsion,amberdef,extra,0.1051577782693881,0.0837728805220256,110181.0
00950068,bending_compression,amber,extra,0.8136409485402294,0.9391871157615026,50033.0
00950068,bending_compression,amberdef,extra,0.7477412983639774,0.9657518000047356,52520.0
00200008,bending,amber,extra,0.4403391655243817,0.7189202252785633,208923.0
00200008,bending,amberdef,extra,0.6703505004691946,0.8616727372875668,181097.0
00140014,compression,amber,extra,3.7854472018955674,3.452931902287232,47711.0
00140014,compression,amberdef,extra,3.137728105933716,2.7892080465069955,47247.0
00240025,torsion,amber,extra,0.7532475366303096,0.872703031970972,9921.0
00240025,torsion,amberdef,extra,0.8247867604428774,0.9701137224195856,9479.0
00280029,compression,amber,extra,0.6404644178258585,0.7999882061407771,92741.0
00280029,compression,amberdef,extra,0.7456473184160525,0.9444195245989584,96216.0
00360036,bending,amber,extra,0.9080768728593228,0.916598204625019,21814.0
00360036,bending,amberdef,extra,0.982846116637797,0.9987750660485828,38391.0
00400070,torsion_compression,amber,extra,0.2907784894087427,0.7325712919550326,101831.0
00400070,torsion_compression,amberdef,extra,0.6399449422235307,0.833631387944401,99302.0
00450004,torsion,amber,extra,1.0,1.0,34535.0
00450004,torsion,amberdef,extra,1.0,1.0,49375.0
00480056,torsion,amber,extra,0.9614801169860254,0.9960290725192176,1269.0
00480056,torsion,amberdef,extra,0.8900853633268244,0.977226760624134,4157.0
00570009,torsion_compression,amber,extra,0.2836719404180137,0.8046775601457011,109974.0
00570009,torsion_compression,amberdef,extra,0.3532141589352078,0.8222448738463729,120435.0
00660055,bending,amber,extra,0.2535556242748393,0.7853509402100677,94820.0
00660055,bending,amberdef,extra,0.4560308974205149,1.270589215251979,94506.0
00830083,torsion,amber,extra,0.7012951939384238,0.8863591030350626,55153.0
00830083,torsion,amberdef,extra,0.5242500748237201,0.2210427164126658,55644.0
00860049,torsion_compression,amber,extra,0.7200908938350744,0.9636685680319907,27683.0
00860049,torsion_compression,amberdef,extra,0.7600318313131383,0.8718114642075497,25826.0
00890073,bending_compression,amber,extra,0.4318004799565536,0.5930930699562477,23498.0
00890073,bending_compression,amberdef,extra,0.5326926890624403,0.5754423448311001,23748.0
00970056,bending_compression,amber,extra,0.996000617348481,0.9999987079857756,6592.0
00970056,bending_compression,amberdef,extra,0.9959642073247704,0.9999986869364712,6592.0
00200089,bending,amber,extra,0.5946066533947946,0.8511077299199707,43422.0
00200089,bending,amberdef,extra,0.7169165479904531,0.9028031986924036,42997.0
Electrical_Parts_Servos_SG-90_Servo-sg90,torsion,amber,extra,0.4079237264749253,0.7937465181575348,71483.0
Electrical_Parts_Servos_SG-90_Servo-sg90,torsion,amberdef,extra,0.679903135254595,0.8858903256484156,70291.0
00050000,torsion_compression,amber,extra,21.82017668168024,0.6751189848836854,39574.0
00050000,torsion_compression,amberdef,extra,0.7038393045351927,0.9542171856749307,45632.0
00200078,torsion,amber,extra,0.3661804401168228,3.0307089095528075,1111.0
00200078,torsion,amberdef,extra,0.3678010020599107,3.0439356528169697,1111.0
00250001,compression,amber,extra,0.7956930411526636,0.97397486579309,12274.0
00250001,compression,amberdef,extra,0.7488924801086895,0.9234816917795156,11303.0
00330020,bending_compression,amber,extra,0.6447978853598844,0.7696358677664352,209734.0
00330020,bending_compression,amberdef,extra,0.5039788801258358,0.4604288565618799,205118.0
00380031,torsion,amber,extra,0.718932992744953,0.927941836506046,103886.0
00380031,torsion,amberdef,extra,0.7711050260078057,0.8682625546587104,105095.0
00410074,compression,amber,extra,1.0,1.0,26082.0
00410074,compression,amberdef,extra,1.0,1.0,23989.0
00470072,compression,amber,extra,0.6803911671183495,0.8593372194458039,40770.0
00470072,compression,amberdef,extra,0.8779674268837491,0.995240618652796,43219.0
00490002,torsion,amber,extra,0.8331141874031482,0.9760948766236152,26358.0
00490002,torsion,amberdef,extra,0.8180125501286922,0.9904160485634522,24820.0
00570051,compression,amber,extra,0.8000006272029143,0.9930828015932772,12158.0
00570051,compression,amberdef,extra,0.8124431810149061,0.9916361127086754,11816.0
00650041,bending_compression,amber,extra,0.5574731495525888,0.9110023175763788,60192.0
00650041,bending_compression,amberdef,extra,0.6129160962841704,0.7055976762311688,62566.0
00700046,bending_compression,amber,extra,0.7495180580442309,0.9871821505303428,28874.0
00700046,bending_compression,amberdef,extra,0.7565752586167417,0.9203417082021595,29955.0
00740023,compression,amber,extra,0.811301849186247,0.962763595146746,54167.0
00740023,compression,amberdef,extra,0.7124521923094106,0.961684784434666,53398.0
00800032,torsion_compression,amber,extra,0.6914743240218297,5.436661841158388,26957.0
00800032,torsion_compression,amberdef,extra,1.8481273756490109,4.529555288038802,27439.0
00840053,bending,amber,extra,0.9465840710461896,0.997627987846258,157209.0
00840053,bending,amberdef,extra,0.8539301703575469,0.9306414360736536,166083.0
00880050,torsion,amber,extra,0.3646077213451046,0.779005576893327,45155.0
00880050,torsion,amberdef,extra,0.2491103672354178,0.750961774470703,53053.0
00950068,bending,amber,extra,0.7393849311168381,0.968222969027704,52847.0
00950068,bending,amberdef,extra,0.7836193586569351,0.9756382105742962,51672.0
00990059,torsion_compression,amber,extra,0.651312052856944,0.8909008082843825,28625.0
00990059,torsion_compression,amberdef,extra,0.5864335991871917,0.7898975841448983,28217.0
00210097,torsion_compression,amber,extra,0.805925476634617,0.9700831214886608,8582.0
00210097,torsion_compression,amberdef,extra,0.4840808346440512,0.7440217160930622,104507.0
00540016,torsion,amber,extra,0.5564358240792816,170009.8176470849,10698.0
00540016,torsion,amberdef,extra,0.5564358240792816,170009.8176470849,10698.0
00100065,bending_compression,amber,extra,0.5670725211212309,0.6455078463255951,182114.0
00100065,bending_compression,amberdef,extra,0.052511740711654,0.8370600615386916,197635.0
00300090,compression,amber,extra,0.7097453470698669,0.9868370612795264,107249.0
00300090,compression,amberdef,extra,0.6673245696106654,0.9323420640825842,112301.0
00360058,torsion,amber,extra,0.929362609748564,0.9910903948213912,5742.0
00360058,torsion,amberdef,extra,0.9521914678629128,0.9975499774159368,5560.0
00410072,torsion,amber,extra,1.0,1.0,74643.0
00410072,torsion,amberdef,extra,1.0,1.0,74350.0
00470088,bending_compression,amber,extra,0.3990242589206788,0.921730940563659,96443.0
00470088,bending_compression,amberdef,extra,0.5418025838509711,0.8738127210174619,99274.0
00530025,torsion_compression,amber,extra,0.7270175002058272,0.9472547706865204,92258.0
00530025,torsion_compression,amberdef,extra,0.7354140330462781,0.9604113048875654,90096.0
00630027,torsion,amber,extra,1.0,1.0,100156.0
00630027,torsion,amberdef,extra,1.0,1.0,98901.0
00660049,bending_compression,amber,extra,1.0,0.9999084902364948,26107.0
00660049,bending_compression,amberdef,extra,1.0,0.9998638830974782,26253.0
00710073,torsion_compression,amber,extra,0.255073626159343,0.8811367320524004,46397.0
00710073,torsion_compression,amberdef,extra,0.3982170675417897,0.81704581376878,46498.0
00740023,bending_compression,amber,extra,0.7823773107649844,0.9386859845467168,55360.0
00740023,bending_compression,amberdef,extra,0.8331591244683536,0.9594894670227864,53470.0
00800055,torsion,amber,extra,0.853107301058229,0.967744827674416,36866.0
00800055,torsion,amberdef,extra,0.5203679340540417,0.8965905141448778,41128.0
00850016,torsion_compression,amber,extra,0.8666686782431439,0.9580482913321176,2641.0
00850016,torsion_compression,amberdef,extra,0.9326369556990493,0.991887738663943,2558.0
00880050,bending,amber,extra,0.0635873440044728,0.8285379528689718,31222.0
00880050,bending,amberdef,extra,0.5011791392636324,0.8062773261754065,31832.0
00940092,compression,amber,extra,0.713380396314426,0.8914993731921983,60366.0
00940092,compression,amberdef,extra,0.8452853582713775,0.9821508749725972,57180.0
00200008,torsion,amber,extra,0.371804694957009,0.7538433578633105,201952.0
00200008,torsion,amberdef,extra,0.7677959965790465,0.9476386861350594,181976.0
00540016,bending_compression,amber,extra,0.3945181518358605,0.841067828741141,10698.0
00540016,bending_compression,amberdef,extra,0.3945181518358605,0.841067828741141,10698.0
00060017,torsion,amber,extra,0.6000850053700366,0.7340061915269175,252380.0
00060017,torsion,amberdef,extra,0.6815968977621345,0.8411065342164313,250379.0
00170038,bending_compression,amber,extra,0.8526580999620018,0.9908934134368748,19275.0
00170038,bending_compression,amberdef,extra,0.8553290428885646,0.9949535082473252,19785.0
00230056,torsion,amber,extra,0.1949691264847848,0.2234382757600481,77196.0
00230056,torsion,amberdef,extra,0.7036764486590141,0.8842668730647976,76667.0
00260088,bending,amber,extra,0.6945426128638582,0.8309464576590692,50081.0
00260088,bending,amberdef,extra,0.6815827876653215,0.9145073790032008,56528.0
00360014,compression,amber,extra,0.7157121178261154,0.9279265076275444,187680.0
00360014,compression,amberdef,extra,0.7498780232202766,0.8803838841191439,196881.0
00380031,torsion_compression,amber,extra,0.619488455765318,0.8687556989567405,91614.0
00380031,torsion_compression,amberdef,extra,0.4327985394622695,0.0160430033601037,91950.0
00450004,torsion_compression,amber,extra,1.0,1.0,50670.0
00450004,torsion_compression,amberdef,extra,1.0,1.0,50791.0
00610091,torsion,amber,extra,1.0,1.0,38374.0
00610091,torsion,amberdef,extra,1.0,1.0,38374.0
00660049,compression,amber,extra,1.0,1.0,22248.0
00660049,compression,amberdef,extra,1.0,1.0,21847.0
00710073,bending_compression,amber,extra,0.4363649386401178,0.7429603757451121,47040.0
00710073,bending_compression,amberdef,extra,0.4687697851861918,0.4545962093811215,46557.0
00760084,compression,amber,extra,0.5489532282267662,0.8592946956181595,80244.0
00760084,compression,amberdef,extra,0.937585129877102,0.9943424694786082,90870.0
00830028,torsion,amber,extra,0.6049697465604763,0.7574766440946149,52670.0
00830028,torsion,amberdef,extra,0.7482034211733045,0.8221752587306606,51726.0
00890055,compression,amber,extra,0.5262867509922942,0.8024257822320228,121002.0
00890055,compression,amberdef,extra,0.5264140727334727,0.8719825831298678,123305.0
00970010,bending_compression,amber,extra,0.8724949856662213,0.9835193896040904,821.0
00970010,bending_compression,amberdef,extra,0.7689618915209913,0.9733948144953176,22109.0
00210090,torsion_compression,amber,extra,0.5474316435718369,0.9270198751261752,58450.0
00210090,torsion_compression,amberdef,extra,0.5532919159357206,0.886144155044726,57092.0
Mechanical_Parts_Mountings_SK08_SK08-SK08,compression,amber,extra,0.758900000313938,0.9443657272851204,53585.0
Mechanical_Parts_Mountings_SK08_SK08-SK08,compression,amberdef,extra,0.5750316508938978,0.6789020297587786,56232.0
00100065,torsion_compression,amber,extra,0.0912738383955711,0.8687260488108485,174329.0
00100065,torsion_compression,amberdef,extra,0.7302341959063107,0.9821690550221184,193897.0
00350001,torsion,amber,extra,0.3389883843158582,0.7409277523650788,91397.0
00350001,torsion,amberdef,extra,0.4886679194467964,0.7777519909125487,78126.0
00460016,torsion,amber,extra,0.5686169699530528,0.9092317161468088,143785.0
00460016,torsion,amberdef,extra,0.7796473510658248,0.9714045435229512,140573.0
00530022,bending_compression,amber,extra,0.6391250787834213,0.936548706212843,40228.0
00530022,bending_compression,amberdef,extra,0.6882900167757489,0.9494206765396463,39539.0
00610091,compression,amber,extra,1.0,1.0,38374.0
00610091,compression,amberdef,extra,1.0,1.0,38374.0
00660055,torsion,amber,extra,0.9001482748408349,0.94922954764195,97925.0
00660055,torsion,amberdef,extra,0.0237741343913841,0.1755248953780335,94600.0
00800032,torsion,amber,extra,0.1377490880143094,0.537493952161115,29903.0
00800032,torsion,amberdef,extra,2.7230764806414545,29.70447983930984,28246.0
00840053,compression,amber,extra,1.2544858823608205,2.727420408991126,154646.0
00840053,compression,amberdef,extra,0.4422829047748385,0.397747593846585,163817.0
00870050,torsion_compression,amber,extra,0.8065639641491048,0.9458414738423396,41783.0
00870050,torsion_compression,amberdef,extra,0.669253468597853,0.8694282479365155,44236.0
00930001,torsion_compression,amber,extra,0.3178940720978848,0.9888833336769284,83784.0
00930001,torsion_compression,amberdef,extra,0.1446274603781752,0.9782181089449395,30916.0
00510024,torsion,amber,extra,0.9553467234400036,0.9995595914622124,8882.0
00510024,torsion,amberdef,extra,0.9553467234400036,0.9995595914622124,8882.0
00030059,torsion,amber,extra,0.7258939409997448,0.7217287355983067,5555.0
00030059,torsion,amberdef,extra,0.6781817759889877,0.7477147818987613,5620.0
00160031,bending,amber,extra,1.0,1.0,17745.0
00160031,bending,amberdef,extra,1.0,1.0,17750.0
00220069,bending,amber,extra,0.8939305313083933,0.9931270952673922,44058.0
00220069,bending,amberdef,extra,0.7953343641785499,0.9433992434565032,47382.0
00250001,torsion,amber,extra,0.8678644993883293,0.9833066677163892,16627.0
00250001,torsion,amberdef,extra,0.7506293273902972,0.950107576134477,19082.0
00330020,torsion,amber,extra,0.816318387342443,0.9685066725882197,181056.0
00330020,torsion,amberdef,extra,0.4734164140995411,0.1842206592314604,208621.0
00570009,bending,amber,extra,3.374400400893101,0.5216502811387496,101874.0
00570009,bending,amberdef,extra,0.2507864809380696,0.5155160312202554,94778.0
00650066,bending_compression,amber,extra,1.0,1.0,99601.0
00650066,bending_compression,amberdef,extra,1.0,1.0,99601.0
00710073,torsion,amber,extra,0.7596512579963545,0.8947835638988275,33315.0
00710073,torsion,amberdef,extra,0.6934686053934295,0.8368732088746141,31287.0
00750000,compression,amber,extra,0.7651079401245097,0.9496108604341807,10889.0
00750000,compression,amberdef,extra,0.9104619470546054,0.9916465270983604,10517.0
00820090,bending,amber,extra,0.2605021880019055,0.4686916805635753,77156.0
00820090,bending,amberdef,extra,0.5827493765884437,0.9004733035361665,76666.0
00840075,torsion,amber,extra,0.6332901532039336,0.94607701542035,113665.0
00840075,torsion,amberdef,extra,0.7872120333597836,0.9794025989833884,112238.0
00990038,bending,amber,extra,0.1950940578318576,0.7938102061164254,126850.0
00990038,bending,amberdef,extra,0.176920489364482,0.7144926462140991,124495.0
00200089,bending_compression,amber,extra,0.3850310847289148,0.787244453549944,43101.0
00200089,bending_compression,amberdef,extra,0.7319213286944224,0.9134050532379684,43120.0
00230003,torsion_compression,amber,extra,0.6074668072364122,0.891700508415005,27411.0
00230003,torsion_compression,amberdef,extra,0.8363880558003662,0.9733947225124926,26802.0
Mechanical_Parts_Mountings_SK08_SK08-SK08,torsion_compression,amber,extra,0.3175799878377595,1.004849096988406,54335.0
Mechanical_Parts_Mountings_SK08_SK08-SK08,torsion_compression,amberdef,extra,0.0351806151577412,0.2040201366875129,54711.0
00160031,compression,amber,extra,1.0,1.0,17976.0
00160031,compression,amberdef,extra,1.0,1.0,17273.0
00200078,bending_compression,amber,extra,0.5667960905999804,0.9784528458109524,1111.0
00200078,bending_compression,amberdef,extra,0.5658386371122919,0.9784755027467142,1111.0
00250013,torsion,amber,extra,0.8459885422145518,0.990895660092118,93017.0
00250013,torsion,amberdef,extra,0.7643819588095646,0.9020212891121288,93048.0
00300090,bending_compression,amber,extra,0.6370734526430806,0.9853997601007012,72034.0
00300090,bending_compression,amberdef,extra,0.6606342209015486,0.9182909604888964,82292.0
00360077,torsion_compression,amber,extra,0.0827742280920739,0.7549995315184418,186292.0
00360077,torsion_compression,amberdef,extra,0.2709495084445385,0.6958736002197464,187698.0
00380080,bending,amber,extra,0.8451356459915175,0.9927339892306554,56247.0
00380080,bending,amberdef,extra,0.4947995433828409,0.957139690896708,53046.0
00460090,bending,amber,extra,0.8333303097956862,0.9570366878898792,25247.0
00460090,bending,amberdef,extra,0.7807530819105823,0.9096013515088512,29631.0
00480056,bending_compression,amber,extra,0.9325791191252504,0.9959495293694652,3809.0
00480056,bending_compression,amberdef,extra,0.9610537480996986,0.9979078021803444,4226.0
00570051,bending,amber,extra,0.916133466214788,0.9983455449901162,12555.0
00570051,bending,amberdef,extra,0.908794058132854,0.9984023048614428,11692.0
00650065,bending_compression,amber,extra,1.0,1.0,108232.0
00650065,bending_compression,amberdef,extra,1.0,1.0,108232.0
00700085,bending_compression,amber,extra,0.6467508641720474,0.8751059414599309,20814.0
00700085,bending_compression,amberdef,extra,0.8222055627865169,0.9690142096127417,20804.0
00720089,torsion_compression,amber,extra,0.7561391680021691,0.926323354024839,44661.0
00720089,torsion_compression,amberdef,extra,0.7533739071357652,0.9099825544202552,43515.0
00790071,torsion_compression,amber,extra,0.1868284030286162,0.7669670773572864,80085.0
00790071,torsion_compression,amberdef,extra,0.7367075827694131,0.9830582478148898,79615.0
00860026,bending_compression,amber,extra,0.5467144017973568,0.7788956788724558,183567.0
00860026,bending_compression,amberdef,extra,0.4090520622830174,0.7352099830976567,189028.0
00910047,torsion_compression,amber,extra,0.4602689053432641,0.8461956233677441,73148.0
00910047,torsion_compression,amberdef,extra,0.7810164441970204,0.9477802708991137,75135.0
00990059,bending,amber,extra,0.5750753463458526,0.9677287208994244,33743.0
00990059,bending,amberdef,extra,0.7341533791554947,0.9724859575915054,34389.0
00210090,torsion,amber,extra,0.7909249097896386,0.966169592772798,57782.0
00210090,torsion,amberdef,extra,0.6706554080787178,0.9265418493220318,58191.0
00520092,bending_compression,amber,extra,0.2816045697241935,0.7509189434671882,135941.0
00520092,bending_compression,amberdef,extra,0.1563871458127692,0.3258697326789824,122451.0
00030059,bending,amber,extra,0.7528074096159617,0.887827549428304,5542.0
00030059,bending,amberdef,extra,0.7460587023006917,0.8667033266279321,5620.0
00160031,torsion,amber,extra,1.0,1.0,17826.0
00160031,torsion,amberdef,extra,1.0,1.0,17373.0
00220069,torsion_compression,amber,extra,0.9347216432118598,0.9968813729735772,52418.0
00220069,torsion_compression,amberdef,extra,0.9499024000544622,0.9956553681286652,50730.0
00320057,compression,amber,extra,0.4378451353310886,0.7468864955884397,291779.0
00320057,compression,amberdef,extra,0.5564777882632983,0.8119586087027155,285246.0
00640016,bending,amber,extra,0.8305455794468622,0.940032065393958,52618.0
00640016,bending,amberdef,extra,0.6457441828036138,0.838348229532311,53345.0
00640087,torsion_compression,amber,extra,0.9348751784957142,0.9833633094970368,22776.0
00640087,torsion_compression,amberdef,extra,0.9448476521703376,0.9961694606599608,22038.0
00720006,compression,amber,extra,0.2936962548574651,0.3880586758251637,111177.0
00720006,compression,amberdef,extra,0.7817250888643233,0.9439932140124644,115616.0
00790071,bending,amber,extra,0.5299896250856415,0.9662069955943888,91729.0
00790071,bending,amberdef,extra,0.5420131635733267,0.8741818654976264,92282.0
00840075,torsion_compression,amber,extra,0.6717332757786943,0.9777509905214484,114051.0
00840075,torsion_compression,amberdef,extra,0.647761107005674,0.9408432274570716,113046.0
00970010,compression,amber,extra,0.8482905311447849,0.94266322371557,826.0
00970010,compression,amberdef,extra,0.7341668411337524,0.9463642330458972,21185.0
00200022,compression,amber,extra,0.8620122866901176,0.9772362476763368,57988.0
00200022,compression,amberdef,extra,0.8840697914679516,0.9725459949059274,58824.0
00220004,bending,amber,extra,0.7394584518130343,0.935582002860827,27974.0
00220004,bending,amberdef,extra,0.8701569051387904,0.9901432126752588,21373.0
00140014,torsion,amber,extra,0.7689051838728865,0.9785603852734528,46596.0
00140014,torsion,amberdef,extra,0.7064170467840739,0.9273189644851184,47692.0
00180018,bending_compression,amber,extra,0.0487938338402963,0.9229691778230188,110306.0
00180018,bending_compression,amberdef,extra,0.1650102139615371,0.8052264896286287,123918.0
00250069,torsion_compression,amber,extra,0.4832463210377699,0.7933569862717637,56360.0
00250069,torsion_compression,amberdef,extra,46.87823421576214,0.8031809454005644,1890.0
00380009,torsion_compression,amber,extra,0.8281476934205055,0.9759013276433032,109674.0
00380009,torsion_compression,amberdef,extra,0.8401878827518369,0.9720922427775628,109822.0
00410074,torsion,amber,extra,1.0,1.0,29439.0
00410074,torsion,amberdef,extra,1.0,1.0,32544.0
00470088,torsion,amber,extra,0.7468210562743681,0.9158956168003114,108812.0
00470088,torsion,amberdef,extra,0.6306362769225605,0.8383068995238165,106648.0
00530025,bending,amber,extra,0.6345622147093346,0.8511715309901349,95844.0
00530025,bending,amberdef,extra,0.4049373848161521,0.8813779431470136,93182.0
00610091,bending_compression,amber,extra,1.0,1.0,38374.0
00610091,bending_compression,amberdef,extra,1.0,1.0,38374.0
00650012,bending,amber,extra,0.7491045335788719,0.9740671713099572,33563.0
00650012,bending,amberdef,extra,0.7877568129153377,0.9746214984896584,33982.0
00690084,torsion,amber,extra,0.902080231510329,0.9893343240898396,15072.0
00690084,torsion,amberdef,extra,0.8474636556077852,0.9590820770407962,15765.0
00720089,bending_compression,amber,extra,0.5918896269756584,0.8963351639363653,49967.0
00720089,bending_compression,amberdef,extra,0.5418173987754831,0.6236726379933945,48770.0
00770080,torsion_compression,amber,extra,0.460747981961681,0.9658961312034894,99150.0
00770080,torsion_compression,amberdef,extra,0.6776292512897717,0.918017692964334,98430.0
00940092,bending_compression,amber,extra,0.3858138379309132,0.4251259706000359,203267.0
00940092,bending_compression,amberdef,extra,0.4815787715305047,0.5642203771564351,193055.0
00200022,bending_compression,amber,extra,0.6572167728298123,0.8089101650093908,59035.0
00200022,bending_compression,amberdef,extra,0.7051757329058611,0.8854030802662427,58231.0
00220074,bending_compression,amber,extra,1.0,1.0,1899.0
00220074,bending_compression,amberdef,extra,1.0,0.9398712507881938,101989.0
Mechanical_Parts_Mountings_SHF08_SHF08,torsion,amber,extra,0.4267676887642137,0.5287420855110755,100073.0
Mechanical_Parts_Mountings_SHF08_SHF08,torsion,amberdef,extra,0.5697218745216964,0.7693682542944017,100177.0
00100065,compression,amber,extra,1.084127884721019,0.9038478035548458,180028.0
00100065,compression,amberdef,extra,0.339374726663293,0.8800141373639989,194240.0
00330020,bending,amber,extra,0.5473336986915753,0.8259559657652873,211339.0
00330020,bending,amberdef,extra,0.414675606784753,0.3556145133886094,206585.0
00380051,torsion_compression,amber,extra,0.9133012660295956,0.9868630325962896,5916.0
00380051,torsion_compression,amberdef,extra,0.9522271999245648,0.9972967274308326,5409.0
00420062,compression,amber,extra,0.3514522586041367,0.7849949852821364,78721.0
00420062,compression,amberdef,extra,0.6047111699546135,0.7124837298759725,78995.0
00460090,torsion_compression,amber,extra,0.8531310186554264,0.9867922659325384,19001.0
00460090,torsion_compression,amberdef,extra,0.8327493192611582,0.9808949158491974,19064.0
00490074,compression,amber,extra,0.6852819641250172,0.8488062051560934,6287.0
00490074,compression,amberdef,extra,0.7278318394869627,0.8512856363875853,6114.0
00570051,bending_compression,amber,extra,0.8731964997943408,0.997438131150185,10953.0
00570051,bending_compression,amberdef,extra,0.8994000072532019,0.997132907194857,11604.0
00650065,torsion,amber,extra,0.941014920582971,0.9954255243826176,108232.0
00650065,torsion,amberdef,extra,0.94101492058297,0.9954255243826168,108232.0
00710039,bending_compression,amber,extra,0.1811256612115199,0.6398743993141622,49459.0
00710039,bending_compression,amberdef,extra,0.7753269238244633,0.9443883798771469,55858.0
00750000,torsion,amber,extra,0.8621708294709665,0.990603235102671,11117.0
00750000,torsion,amberdef,extra,0.5646544783345965,0.8862365442501388,10944.0
00810023,bending,amber,extra,0.779028078719494,0.9033984857778464,85916.0
00810023,bending,amberdef,extra,0.460091299395612,0.6152028359106548,84992.0
00860026,torsion,amber,extra,0.4057138432430451,0.7014678580466437,180921.0
00860026,torsion,amberdef,extra,0.5705112230081986,0.84457107580557,188716.0
00890055,torsion_compression,amber,extra,0.6225434486072701,1.2571531508494398,127751.0
00890055,torsion_compression,amberdef,extra,1.8426131566914663,3.282801473318649,126876.0
00010055,bending_compression,amber,extra,0.9032502353057412,0.9829120815115476,3110.0
00010055,bending_compression,amberdef,extra,0.3591451864710895,0.3383042430292483,76545.0
00170011,torsion_compression,amber,extra,0.7075263612569225,0.9072022446668556,22736.0
00170011,torsion_compression,amberdef,extra,0.701238330236326,0.9927717980818562,26033.0
00240025,torsion_compression,amber,extra,0.608038440131268,0.7893045147753509,9838.0
00240025,torsion_compression,amberdef,extra,0.5542724796787983,0.5393344428983805,9764.0
00290076,bending_compression,amber,extra,0.606500563578532,0.7628599488954109,141263.0
00290076,bending_compression,amberdef,extra,0.6626673274698185,0.9251288153429132,144247.0
00360016,compression,amber,extra,0.8541112637424187,0.9870012498559756,7049.0
00360016,compression,amberdef,extra,0.7618958305386627,0.9642642670085948,7277.0
00380009,torsion,amber,extra,0.9137642290610376,0.992337312896864,65577.0
00380009,torsion,amberdef,extra,0.9112192036857024,0.9844182760806512,67159.0
00400070,bending_compression,amber,extra,0.2647120120329499,0.7983568269454309,100400.0
00400070,bending_compression,amberdef,extra,0.4220105800671275,0.5888782678104613,98924.0
00450037,torsion_compression,amber,extra,0.866827732063368,0.95887167199414,11145.0
00450037,torsion_compression,amberdef,extra,0.8555358913102545,0.968734397128262,10040.0
00480008,bending,amber,extra,0.6254005510058734,0.9525095633306724,16050.0
00480008,bending,amberdef,extra,0.5156043348117743,0.9045487912039868,17945.0
00550067,bending_compression,amber,extra,0.3657224948602113,0.5936165663795081,75207.0
00550067,bending_compression,amberdef,extra,0.4101275851465547,0.4902596840668028,77640.0
00620093,bending_compression,amber,extra,0.5710733280323735,0.794117448345596,14870.0
00620093,bending_compression,amberdef,extra,0.5318097800516495,0.6454966104622247,16688.0
00650012,torsion_compression,amber,extra,0.8835217568756233,0.990976089830707,33345.0
00650012,torsion_compression,amberdef,extra,0.8681239703421781,0.9760480318041592,33864.0
00700046,bending,amber,extra,1.0,1.0,9861.0
00700046,bending,amberdef,extra,1.0,1.0,9736.0
00720089,bending,amber,extra,0.093716088547365,0.7732841623990351,46421.0
00720089,bending,amberdef,extra,0.6437798259474811,0.8909192374529373,46405.0
00770000,bending_compression,amber,extra,0.3084368040720805,0.7379414844718563,74248.0
00770000,bending_compression,amberdef,extra,0.7455018040069133,0.941837061575715,73354.0
00840052,torsion_compression,amber,extra,0.3906084964354407,0.9284660949043804,16266.0
00840052,torsion_compression,amberdef,extra,0.5045983216584323,0.9565486151524472,15842.0
00870050,torsion,amber,extra,0.6860286280145623,0.9113583654960848,18420.0
00870050,torsion,amberdef,extra,0.805246342250118,0.9796737814267976,18209.0
00970056,bending,amber,extra,1.0,1.0,6592.0
00970056,bending,amberdef,extra,1.0,1.0,6592.0
00200030,compression,amber,extra,0.9896838232923733,0.999269799760122,20349.0
00200030,compression,amberdef,extra,0.9886441268194236,0.999219753176019,20349.0
00220004,bending_compression,amber,extra,0.9925064054175096,0.9993190720179392,9506.0
00220004,bending_compression,amberdef,extra,0.8702424958506177,0.9884687664145042,46724.0
Mechanical_Parts_Mountings_SK08_SK08-SK08,torsion,amber,extra,0.6769716352693923,0.8900062067567498,53888.0
Mechanical_Parts_Mountings_SK08_SK08-SK08,torsion,amberdef,extra,0.7631796558525421,0.9242582315020438,54201.0
