object,load_case,method,r,n_fine,prec,rec,f1,n_gt
00040089,bending_compression,grefem,3.1638531121206728,93598,0.15200111113485332,1.0,0.26389056341293765,3326
00040089,bending_compression,blind_sub,3.1638531121206728,94155,0.11945196750039828,0.99789536981359,0.2133634928066671,3326
00040089,bending_compression,mech_sub,3.1638531121206728,101349,0.04733149809075571,0.8394467829224294,0.08961039000140605,3326
00060057,torsion_compression,grefem,1.7583462039625934,140788,0.056688070005966415,1.0,0.10729385826348231,2992
00060057,torsion_compression,blind_sub,1.7583462039625934,135338,0.05902998418773737,1.0,0.11147934443614951,2992
00060057,torsion_compression,mech_sub,1.7583462039625934,88788,0.054861017254583956,0.7322860962566845,0.10207484591494925,2992
00040089,compression,grefem,3.1638531121206728,89436,0.2599288876962297,1.0,0.4126088229812837,2916
00040089,compression,blind_sub,3.1638531121206728,89743,0.26809890464994485,1.0,0.42283595335799584,2916
00040089,compression,mech_sub,3.1638531121206728,93802,0.20114709707682138,1.0,0.3349250022188692,2916
00100056,bending_compression,grefem,2.367723196993701,52958,0.15729445976056497,0.7359498374361356,0.2591918749522136,4306
00100056,bending_compression,blind_sub,2.367723196993701,55956,0.24599685467152763,0.9867626567580121,0.3938164867019408,4306
00100056,bending_compression,mech_sub,2.367723196993701,48507,0.032036613272311214,0.8509057129586624,0.061748398388879126,4306
00050000,compression,grefem,3.0708307403151744,9826,0.2636881742316304,0.5924665856622114,0.3649490479639161,4115
00050000,compression,blind_sub,3.0708307403151744,6097,0.2930949647367558,0.9679222357229648,0.4499433210644867,4115
00050000,compression,mech_sub,3.0708307403151744,2760,0.1934782608695652,0.6114216281895504,0.29394163147030544,4115
00040089,torsion,grefem,3.1638531121206728,92436,0.423006188065256,1.0,0.5945247344853539,2916
00040089,torsion,blind_sub,3.1638531121206728,93559,0.6032343227268355,1.0,0.7525217171010087,2916
00040089,torsion,mech_sub,3.1638531121206728,84000,0.8541071428571428,1.0,0.921313685832611,2916
00060057,bending_compression,grefem,1.7583462039625934,140788,0.17501491604398103,1.0,0.29789394782019973,2992
00060057,bending_compression,blind_sub,1.7583462039625934,135338,0.17987557079312536,1.0,0.3049060006763442,2992
00060057,bending_compression,mech_sub,1.7583462039625934,86295,0.1718871313517585,0.828542780748663,0.2847092836040696,2992
00050000,bending,grefem,3.0708307403151744,24583,0.20058577065451735,0.6459295261239368,0.3061120626624329,4115
00050000,bending,blind_sub,3.0708307403151744,24744,0.32989815712900095,1.0,0.49612544443431483,4115
00050000,bending,mech_sub,3.0708307403151744,18769,0.06803772177526773,0.4899149453219927,0.1194821665313513,4115
00020006,bending,grefem,2.7141858501126963,27657,0.37451639729544056,1.0,0.54494278574247,4350
00020006,bending,blind_sub,2.7141858501126963,29915,0.11251880327594851,1.0,0.20227757579399655,4350
00020006,bending,mech_sub,2.7141858501126963,28442,0.22948456507981155,1.0,0.3733020675455403,4350
00100056,bending,grefem,2.367723196993701,17010,0.4690182245737801,0.996933962264151,0.6379201193553382,4240
00100056,bending,blind_sub,2.367723196993701,13222,0.27635758584177883,1.0,0.43304100497748277,4240
00100056,bending,mech_sub,2.367723196993701,16911,0.3513689314647271,0.9981132075471698,0.5197637835702968,4240
00040089,bending,grefem,3.1638531121206728,89436,0.1520975893376269,1.0,0.26403594755383886,2916
00040089,bending,blind_sub,3.1638531121206728,89743,0.16007933766421895,1.0,0.2759799825183222,2916
00040089,bending,mech_sub,3.1638531121206728,90919,0.17350608783642582,0.9886831275720165,0.29520587405315957,2916
00030040,bending_compression,grefem,2.894300499375506,189704,0.43129296166659636,1.0,0.6026620310693056,4078
00030040,bending_compression,blind_sub,2.894300499375506,187259,0.4362780961128704,1.0,0.6075120093993069,4078
00030040,bending_compression,mech_sub,2.894300499375506,177630,0.44907954737375444,1.0,0.6198135198135197,4078
00050000,torsion_compression,grefem,3.0708307403151744,37472,0.14031810418445773,0.7329545454545454,0.23554337196768496,4048
00050000,torsion_compression,blind_sub,3.0708307403151744,38107,0.28999921274306556,0.9199604743083004,0.440986284351833,4048
00050000,torsion_compression,mech_sub,3.0708307403151744,25294,0.3624179647347197,0.6393280632411067,0.4626002379980955,4048
00050000,bending_compression,grefem,3.0708307403151744,30755,0.07975938871728175,0.7020750988142292,0.14324535846927883,4048
00050000,bending_compression,blind_sub,3.0708307403151744,30952,0.256978547428276,0.9935770750988142,0.40834328184614177,4048
00050000,bending_compression,mech_sub,3.0708307403151744,26679,0.4427827129952397,0.9051383399209486,0.5946633282700496,4048
00040089,torsion_compression,grefem,3.1638531121206728,92617,0.18375676171761124,0.9996993385447985,0.3104492225803689,3326
00040089,torsion_compression,blind_sub,3.1638531121206728,93321,0.1570493243750067,0.9981960312687913,0.2713986453850988,3326
00040089,torsion_compression,mech_sub,3.1638531121206728,86798,0.0760731814097099,0.9564040889957908,0.14093618106399622,3326
00100056,torsion_compression,grefem,2.367723196993701,59661,0.22788756474078545,0.8908499767765908,0.36293343920800086,4306
00100056,torsion_compression,blind_sub,2.367723196993701,64042,0.248212110802286,0.9835113794705063,0.39638674982544475,4306
00100056,torsion_compression,mech_sub,2.367723196993701,54556,0.18513087469755848,0.8950301904319554,0.3068018786911611,4306
00080038,bending_compression,grefem,1.7951141617369235,39465,0.35145065247687823,0.8693033527404136,0.5005385675004601,4981
00080038,bending_compression,blind_sub,1.7951141617369235,39341,0.36824178338120533,0.9106605099377635,0.5244235654063097,4981
00080038,bending_compression,mech_sub,1.7951141617369235,41957,0.5744452653907572,0.9469985946597069,0.7151086850038959,4981
00020006,bending_compression,grefem,2.7141858501126963,80938,0.13584472065037437,0.988036593947924,0.23885005178714322,4263
00020006,bending_compression,blind_sub,2.7141858501126963,85892,0.11817165743026126,1.0,0.2113658607692468,4263
00020006,bending_compression,mech_sub,2.7141858501126963,73546,0.22373752481440187,1.0,0.36566260374884724,4263
00100056,compression,grefem,2.367723196993701,49129,0.444401473671355,1.0,0.6153434232406076,4240
00100056,compression,blind_sub,2.367723196993701,51845,0.29881377181984764,1.0,0.46013335907450587,4240
00100056,compression,mech_sub,2.367723196993701,45168,0.24428799149840594,1.0,0.3926550656560264,4240
00080038,torsion_compression,grefem,1.7951141617369235,39465,0.08247814519194223,0.9084521180485846,0.1512264757104337,4981
00080038,torsion_compression,blind_sub,1.7951141617369235,39341,0.08527998779898834,0.8355751857056816,0.15476449216421015,4981
00080038,torsion_compression,mech_sub,1.7951141617369235,38174,0.0857389846492377,0.9002208391889179,0.15656625928565665,4981
00060017,compression,grefem,4.862058446842274,229045,0.10503176231744854,1.0,0.19009727303616725,4057
00060017,compression,blind_sub,4.862058446842274,228291,0.10394627909115997,1.0,0.18831764019665026,4057
00060017,compression,mech_sub,4.862058446842274,227346,0.10493256973951598,1.0,0.1899347935127905,4057
00050000,torsion,grefem,3.0708307403151744,41579,0.14322133769450926,0.7032806804374241,0.23797887700074896,4115
00050000,torsion,blind_sub,3.0708307403151744,42187,0.2489866546566478,0.8235722964763061,0.38237247612529496,4115
00050000,torsion,mech_sub,3.0708307403151744,20361,0.10932665389715633,0.4942891859052248,0.17905091016252853,4115
00080038,compression,grefem,1.7951141617369235,36265,0.10285399145181304,0.5237815619495009,0.17194372072556036,5109
00080038,compression,blind_sub,1.7951141617369235,34714,0.10347410266751167,0.5051869250342533,0.17176642291246624,5109
00080038,compression,mech_sub,1.7951141617369235,34885,0.10362620037265301,0.5275004893325504,0.17322313347191884,5109
00020006,torsion_compression,grefem,2.7141858501126963,76271,0.13179321105007147,0.9978888106966924,0.23283537863035084,4263
00020006,torsion_compression,blind_sub,2.7141858501126963,80200,0.10678304239401497,1.0,0.19296111036005587,4263
00020006,torsion_compression,mech_sub,2.7141858501126963,70404,0.1876597920572695,1.0,0.31601607347876004,4263
00020006,compression,grefem,2.7141858501126963,53676,0.19237648110887548,1.0,0.32267741633073965,4350
00020006,compression,blind_sub,2.7141858501126963,59991,0.10874964578020037,1.0,0.19616627828309405,4350
00020006,compression,mech_sub,2.7141858501126963,50539,0.18553988009260175,1.0,0.313004873489552,4350
00080038,bending,grefem,1.7951141617369235,36265,0.08741210533572315,0.5292620865139949,0.15004329309711192,5109
00080038,bending,blind_sub,1.7951141617369235,34714,0.08685256668779166,0.5044039929536113,0.1481887370929532,5109
00080038,bending,mech_sub,1.7951141617369235,40159,0.20637964092731392,0.53904873752202,0.2984825587765783,5109
00080038,torsion,grefem,1.7951141617369235,8004,1.0,0.46251712663926403,0.6324946466809421,5109
00080038,torsion,blind_sub,1.7951141617369235,5030,1.0,0.6645136034449012,0.7984477892756351,5109
00080038,torsion,mech_sub,1.7951141617369235,5418,1.0,0.6423957721667646,0.7822667143367894,5109
00020006,torsion,grefem,2.7141858501126963,62856,0.33761295659921087,0.9983908045977011,0.504593895873044,4350
00020006,torsion,blind_sub,2.7141858501126963,66954,0.24513845326642172,1.0,0.3937529238187772,4350
00020006,torsion,mech_sub,2.7141858501126963,60391,0.3510125680978954,0.9993103448275862,0.5195357156530482,4350
00060057,torsion,grefem,1.7583462039625934,140788,0.12418672045913004,1.0,0.22093610998786897,3575
00060057,torsion,blind_sub,1.7583462039625934,135338,0.12214603437319896,1.0,0.2177007815946638,3575
00060057,torsion,mech_sub,1.7583462039625934,69333,0.32449194467281095,0.973986013986014,0.4868016644485586,3575
00100056,torsion,grefem,2.367723196993701,49351,0.4008834674069421,1.0,0.5723295002531279,4240
00100056,torsion,blind_sub,2.367723196993701,53236,0.23790292283417236,1.0,0.38436442542601784,4240
00100056,torsion,mech_sub,2.367723196993701,44539,0.24309032533285435,0.9997641509433962,0.39108841356409274,4240
00060059,torsion,grefem,2.081958849774459,81903,0.393868356470459,0.998223485521407,0.5648602078868111,5629
00060059,torsion,blind_sub,2.081958849774459,79943,0.39252967739514405,0.9996446971042814,0.5637084228119039,5629
00060059,torsion,mech_sub,2.081958849774459,75304,0.5113938170615107,0.9914727305027536,0.674754554868446,5629
00060057,bending,grefem,1.7583462039625934,141223,0.08095706789970472,0.9997202797202798,0.14978461933022164,3575
00060057,bending,blind_sub,1.7583462039625934,135338,0.08702655573453132,1.0,0.16011854590935043,3575
00060057,bending,mech_sub,1.7583462039625934,108072,0.07255348286327633,0.9986013986013986,0.13527830702055144,3575
00060059,bending,grefem,2.081958849774459,83259,0.3544962106198729,1.0,0.5234362530370475,5629
00060059,bending,blind_sub,2.081958849774459,81850,0.31029932803909593,0.9907621247113164,0.4725877027477879,5629
00060059,bending,mech_sub,2.081958849774459,73593,0.3076515429456606,0.8227038550364185,0.44783456750176914,5629
00060017,bending,grefem,4.862058446842274,228764,0.2802713713696211,1.0,0.4378311936629336,4057
00060017,bending,blind_sub,4.862058446842274,228291,0.28047097783092634,1.0,0.4380747126436782,4057
00060017,bending,mech_sub,4.862058446842274,236984,0.12401681126151977,0.6514666009366527,0.20836760456946646,4057
00060057,compression,grefem,1.7583462039625934,141223,0.1998966174065131,0.9991608391608392,0.3331431215399575,3575
00060057,compression,blind_sub,1.7583462039625934,135338,0.2075100858591083,1.0,0.34369913475541847,3575
00060057,compression,mech_sub,1.7583462039625934,132943,0.19610660207758213,0.7188811188811188,0.30815131239967697,3575
00060017,torsion,grefem,4.862058446842274,229045,0.15455041585714596,1.0,0.2677239793680325,4057
00060017,torsion,blind_sub,4.862058446842274,228291,0.15414098672308588,1.0,0.2671094580233794,4057
00060017,torsion,mech_sub,4.862058446842274,234776,0.16845418611783147,1.0,0.28833682675658434,4057
00030040,torsion_compression,grefem,2.894300499375506,192563,0.2967236696561645,1.0,0.45765135101581494,4078
00030040,torsion_compression,blind_sub,2.894300499375506,188250,0.2984860557768924,1.0,0.45974472263132055,4078
00030040,torsion_compression,mech_sub,2.894300499375506,183114,0.3427100057887436,1.0,0.5104750903936649,4078
00060059,torsion_compression,grefem,2.081958849774459,46457,0.23557268011279248,0.9189730517115805,0.37501320004197125,5492
00060059,torsion_compression,blind_sub,2.081958849774459,45732,0.3208475465757019,1.0,0.4858207102061088,5492
00060059,torsion_compression,mech_sub,2.081958849774459,45361,0.3868521417076343,0.9910779315367808,0.5564877751908516,5492
00060059,compression,grefem,2.081958849774459,51257,0.23704079442807813,0.9504352460472553,0.3794466887690726,5629
00060059,compression,blind_sub,2.081958849774459,50449,0.2665464132093798,0.9991117427607035,0.42082398026996615,5629
00060059,compression,mech_sub,2.081958849774459,51036,0.2976526373540246,0.9863208385148339,0.45730072213915235,5629
00060017,bending_compression,grefem,4.862058446842274,229045,0.1756816346132856,1.0,0.29885919698162533,3248
00060017,bending_compression,blind_sub,4.862058446842274,228291,0.17606913982592393,1.0,0.29941970903510795,3248
00060017,bending_compression,mech_sub,4.862058446842274,247446,0.13300679744267435,0.9892241379310345,0.23448566670528037,3248
00060017,torsion_compression,grefem,4.862058446842274,229045,0.18713789866620095,1.0,0.31527575503479116,3248
00060017,torsion_compression,blind_sub,4.862058446842274,228291,0.18679229579790707,1.0,0.31478515062709,3248
00060017,torsion_compression,mech_sub,4.862058446842274,215589,0.1868184369332387,0.9987684729064039,0.3147611759509209,3248
00030040,bending,grefem,2.894300499375506,188775,0.15461793139981458,1.0,0.26782527309681,4310
00030040,bending,blind_sub,2.894300499375506,185990,0.1470079036507339,1.0,0.25633285208032547,4310
00030040,bending,mech_sub,2.894300499375506,180275,0.20939675495770352,1.0,0.34628297802076835,4310
00060059,bending_compression,grefem,2.081958849774459,51257,0.2433033536882767,0.906409322651129,0.3836305062191656,5492
00060059,bending_compression,blind_sub,2.081958849774459,50449,0.31154234969969674,0.9990895848506919,0.47497502329920904,5492
00060059,bending_compression,mech_sub,2.081958849774459,50418,0.3985878059423222,0.9765112891478515,0.5661053717642462,5492
00030040,compression,grefem,2.894300499375506,192270,0.14856191813595465,1.0,0.2586920492315495,4310
00030040,compression,blind_sub,2.894300499375506,187975,0.14656204282484372,1.0,0.2556547964273286,4310
00030040,compression,mech_sub,2.894300499375506,184441,0.21202986320828882,1.0,0.34987564192030346,4310
00110070,bending,grefem,2.9661151798784133,207750,0.2458531889290012,1.0,0.39467441447149826,4258
00110070,bending,blind_sub,2.9661151798784133,215114,0.23642812648177244,1.0,0.3824373150658149,4258
00110070,bending,mech_sub,2.9661151798784133,208237,0.2449180501063692,1.0,0.3934685501353968,4258
00110070,torsion,grefem,2.9661151798784133,212119,0.09109980718370349,1.0,0.16698711993881862,4258
00110070,torsion,blind_sub,2.9661151798784133,218911,0.08845603921228262,1.0,0.1625348861609485,4258
00110070,torsion,mech_sub,2.9661151798784133,219254,0.08943052350242185,1.0,0.1641784796242182,4258
00110070,compression,grefem,2.9661151798784133,208880,0.12455955572577557,1.0,0.22152593891816877,4258
00110070,compression,blind_sub,2.9661151798784133,215783,0.11099113461208715,1.0,0.19980561708233746,4258
00110070,compression,mech_sub,2.9661151798784133,216910,0.11654603291687797,1.0,0.20876171600809282,4258
00030040,torsion,grefem,2.894300499375506,207161,0.10331577854905122,1.0,0.18728233667594196,4310
00030040,torsion,blind_sub,2.894300499375506,190161,0.1075982982840856,1.0,0.19429119465203068,4310
00030040,torsion,mech_sub,2.894300499375506,198740,0.14690047297977257,1.0,0.2561695220128546,4310
00110070,bending_compression,grefem,2.9661151798784133,212269,0.14431216993531792,1.0,0.2522251772319701,4226
00110070,bending_compression,blind_sub,2.9661151798784133,220602,0.14791796991867706,1.0,0.25771522668846475,4226
00110070,bending_compression,mech_sub,2.9661151798784133,209630,0.14685398082335543,1.0,0.25609882910800075,4226
00110070,torsion_compression,grefem,2.9661151798784133,212575,0.11912501470069388,1.0,0.21288955770960663,4226
00110070,torsion_compression,blind_sub,2.9661151798784133,219902,0.11817082154778037,1.0,0.21136452368558042,4226
00110070,torsion_compression,mech_sub,2.9661151798784133,222575,0.11686397843423565,1.0,0.20927164039809162,4226
00160015,bending,grefem,2.683520603474303,9805,0.8770015298317185,0.9890697109545786,0.9296704548663239,4117
00160015,bending,blind_sub,2.683520603474303,6087,0.2863479546574667,0.5664318678649503,0.3803950387479373,4117
00160015,bending,mech_sub,2.683520603474303,9757,0.025725120426360562,0.03279086713626427,0.02883140287301505,4117
00160015,torsion,grefem,2.683520603474303,67482,0.27691828932159684,0.9958707796939519,0.43333941092299727,4117
00160015,torsion,blind_sub,2.683520603474303,65805,0.2964668338272168,1.0,0.4573458049089247,4117
00160015,torsion,mech_sub,2.683520603474303,60807,0.2291348035588008,0.6808355598736945,0.3428751716243735,4117
00160015,bending_compression,grefem,2.683520603474303,88796,0.23623811883418172,0.9676103034940067,0.37975950065195074,3921
00160015,bending_compression,blind_sub,2.683520603474303,91540,0.27985580074284466,1.0,0.43732395568377747,3921
00160015,bending_compression,mech_sub,2.683520603474303,79322,0.20207508635687452,0.3953073195613364,0.26743928159410324,3921
00160015,compression,grefem,2.683520603474303,104056,0.3258822172676251,1.0,0.49157038690691907,4117
00160015,compression,blind_sub,2.683520603474303,108496,0.34497124317947203,1.0,0.5129793591184452,4117
00160015,compression,mech_sub,2.683520603474303,98400,0.2834451219512195,0.2569832402234637,0.2695663327936695,4117
00160091,bending,grefem,3.923714378885471,75524,0.16100842116413325,1.0,0.27735960950686556,4180
00160091,bending,blind_sub,3.923714378885471,85842,0.13120616947415017,1.0,0.23197569641110136,4180
00160091,bending,mech_sub,3.923714378885471,68951,0.15706806282722513,0.9526315789473684,0.2696729656576693,4180
00160091,compression,grefem,3.923714378885471,86055,0.3036778804253094,1.0,0.4658787036046636,4180
00160091,compression,blind_sub,3.923714378885471,97443,0.22527015793848712,1.0,0.36770691994572596,4180
00160091,compression,mech_sub,3.923714378885471,81493,0.3562882701581731,0.9832535885167464,0.5230470670412456,4180
00160015,torsion_compression,grefem,2.683520603474303,106370,0.28517439127573563,1.0,0.44379096441947563,3921
00160015,torsion_compression,blind_sub,2.683520603474303,108496,0.2868032001179767,1.0,0.44576078158910704,3921
00160015,torsion_compression,mech_sub,2.683520603474303,96457,0.33557958468540383,0.8204539658250446,0.4763315060942473,3921
00160047,torsion,grefem,3.448303522157884,46783,0.6090673962764251,0.9798980747451869,0.7512107467226584,3532
00160047,torsion,blind_sub,3.448303522157884,51612,0.5235991629853523,0.9637599093997735,0.678550178298703,3532
00160047,torsion,mech_sub,3.448303522157884,41389,0.566841431298171,0.9328992072480181,0.7051964963835438,3532
00160047,compression,grefem,3.448303522157884,44558,0.41543606086449125,0.9011891279728199,0.5687062112939649,3532
00160047,compression,blind_sub,3.448303522157884,47372,0.3351768977455037,0.9575311438278595,0.49654261900050484,3532
00160047,compression,mech_sub,3.448303522157884,42292,0.439633973328289,0.948471121177803,0.6007904289680635,3532
00160047,bending,grefem,3.448303522157884,44339,0.35413518572814,0.9923556058890147,0.521990999103376,3532
00160047,bending,blind_sub,3.448303522157884,46994,0.24415882878665363,0.8694790486976217,0.38125676304062794,3532
00160047,bending,mech_sub,3.448303522157884,40822,0.38650727548870706,0.877123442808607,0.5365722552298134,3532
00160091,bending_compression,grefem,3.923714378885471,99893,0.25164926471324317,0.875842155919153,0.3909653421899992,4156
00160091,bending_compression,blind_sub,3.923714378885471,98945,0.23870837333872352,1.0,0.38541496687444926,4156
00160091,bending_compression,mech_sub,3.923714378885471,93060,0.009166129378895336,0.5074590952839269,0.01800700198061537,4156
00130059,bending,grefem,1.547273225588062,35088,0.08512881896944824,0.4166829078152407,0.14137463089732327,5131
00130059,bending,blind_sub,1.547273225588062,37808,0.0820196783749471,0.5412200350808809,0.1424514267913629,5131
00130059,bending,mech_sub,1.547273225588062,35563,0.14917189213508422,0.5979341259013837,0.23877458561307766,5131
00130015,bending,grefem,1.547273225588062,20566,0.027472527472527472,0.12356265835119859,0.04495083059776097,5131
00130015,bending,blind_sub,1.547273225588062,21028,0.0665303404983831,0.3556811537711947,0.11209352938243969,5131
00130015,bending,mech_sub,1.547273225588062,19956,0.114652234916817,0.5178327811342818,0.1877378409402185,5131
00160091,torsion,grefem,3.923714378885471,118903,0.1964374321926276,1.0,0.32837058906228034,4180
00160091,torsion,blind_sub,3.923714378885471,133638,0.18254538379802152,1.0,0.3087329861484627,4180
00160091,torsion,mech_sub,3.923714378885471,113204,0.24585703685382143,0.8169856459330144,0.3779706504344089,4180
00130059,bending_compression,grefem,1.547273225588062,35088,0.6923734610123119,0.5843336724313326,0.6337821988603698,4915
00130059,bending_compression,blind_sub,1.547273225588062,37808,0.6483283961066441,0.6335707019328586,0.640864601016566,4915
00130059,bending_compression,mech_sub,1.547273225588062,38428,0.42479442073488083,0.679145473041709,0.5226683254076767,4915
00130059,torsion,grefem,1.547273225588062,35088,0.2577234382124943,0.3837458585071136,0.30835552865904015,5131
00130059,torsion,blind_sub,1.547273225588062,37808,0.23743652137113838,0.5312804521535763,0.32819720853418893,5131
00130059,torsion,mech_sub,1.547273225588062,36695,0.2086932824635509,0.5162736308711752,0.2972351887902917,5131
00160047,torsion_compression,grefem,3.448303522157884,41546,0.5145621720502576,0.9928590320021159,0.6778300566202925,3781
00160047,torsion_compression,blind_sub,3.448303522157884,44261,0.4342649284923522,0.9658820417878868,0.5991495246032796,3781
00160047,torsion_compression,mech_sub,3.448303522157884,39872,0.4812650481540931,0.9553028299391695,0.6400725917144144,3781
00150032,bending,grefem,1.4277971172403086,63910,0.9645751838522922,1.0,0.9819682054222817,4702
00150032,bending,blind_sub,1.4277971172403086,67630,0.9649563803045985,1.0,0.9821657009556777,4702
00150032,bending,mech_sub,1.4277971172403086,61501,0.9190094470008617,0.7014036580178648,0.7955953773552455,4702
00160047,bending_compression,grefem,3.448303522157884,46029,0.33489756457885245,0.9962972758529489,0.5012903012326412,3781
00160047,bending_compression,blind_sub,3.448303522157884,44531,0.24632278637353752,0.8497751917482148,0.3819348218873855,3781
00160047,bending_compression,mech_sub,3.448303522157884,41702,0.29430243153805574,0.8659084898175086,0.43929766450567526,3781
00150032,torsion,grefem,1.4277971172403086,63910,0.9945861367548114,1.0,0.9972857210097745,4702
00150032,torsion,blind_sub,1.4277971172403086,67630,0.994824781901523,1.0,0.9974056778593137,4702
00150032,torsion,mech_sub,1.4277971172403086,58293,0.9940987768685777,0.9736282433007231,0.983757031203114,4702
00130015,torsion,grefem,1.547273225588062,35088,0.2577234382124943,0.3837458585071136,0.30835552865904015,5131
00130015,torsion,blind_sub,1.547273225588062,37808,0.23743652137113838,0.5312804521535763,0.32819720853418893,5131
00130015,torsion,mech_sub,1.547273225588062,36149,0.19884367479045065,0.503020853634769,0.28501943318716616,5131
00160092,torsion,grefem,3.108459431104584,57192,0.036910756749195694,0.8478510687198345,0.0707418056615935,4351
00160092,torsion,blind_sub,3.108459431104584,60790,0.056308603388715246,1.0,0.10661392552909846,4351
00160092,torsion,mech_sub,3.108459431104584,53822,0.22104343948571217,0.9988508388876121,0.3619812452195772,4351
00150032,compression,grefem,1.4277971172403086,63910,0.20816773587857926,1.0,0.3446007200766701,4702
00150032,compression,blind_sub,1.4277971172403086,67630,0.15123465917492238,1.0,0.26273472218654476,4702
00150032,compression,mech_sub,1.4277971172403086,67761,0.15123743746402799,1.0,0.26273891474060684,4702
00150032,torsion_compression,grefem,1.4277971172403086,78543,0.12337191092777205,1.0,0.21964571078848052,4509
00150032,torsion_compression,blind_sub,1.4277971172403086,74168,0.1172338474813936,0.9997782213351075,0.20985959021804174,4509
00150032,torsion_compression,mech_sub,1.4277971172403086,71704,0.146797947115921,0.9960079840319361,0.2558823390426353,4509
00160092,compression,grefem,3.108459431104584,27128,0.05650987909171336,0.6180188462422431,0.10355132099158129,4351
00160092,compression,blind_sub,3.108459431104584,23702,0.07130199983123787,1.0,0.13311279143037177,4351
00160092,compression,mech_sub,3.108459431104584,29556,0.18960617133576937,0.9857504022063893,0.3180385661038619,4351
00130059,compression,grefem,1.547273225588062,35088,0.721984724122207,0.7922432274410446,0.7554840173320055,5131
00130059,compression,blind_sub,1.547273225588062,37808,0.6800412611087601,0.8473981679984408,0.7545513201315537,5131
00130059,compression,mech_sub,1.547273225588062,38517,0.5401251395487707,0.8551939193139739,0.6620876165587557,5131
00150013,bending,grefem,1.506754551293853,46223,0.11288752352724835,1.0,0.20287319453354327,4646
00150013,bending,blind_sub,1.506754551293853,54472,0.12826773388162727,1.0,0.2273710929237378,4646
00150013,bending,mech_sub,1.506754551293853,51767,0.15386249927560028,1.0,0.26669122078617824,4646
00160092,bending_compression,grefem,3.108459431104584,34449,0.2772504281691776,0.942876965772433,0.4285012266248192,4324
00160092,bending_compression,blind_sub,3.108459431104584,35832,0.1164322393391382,1.0,0.20857914208579142,4324
00160092,bending_compression,mech_sub,3.108459431104584,34948,0.03053107473961314,0.5862627197039778,0.058039594670299476,4324
00130015,compression,grefem,1.547273225588062,35088,0.721984724122207,0.7922432274410446,0.7554840173320055,5131
00130015,compression,blind_sub,1.547273225588062,37808,0.6800412611087601,0.8473981679984408,0.7545513201315537,5131
00130015,compression,mech_sub,1.547273225588062,31593,0.5856044060393125,0.837263691288248,0.689178860016654,5131
00160091,torsion_compression,grefem,3.923714378885471,38987,0.15846307743606844,0.7562560153994226,0.26202285809570136,4156
00160091,torsion_compression,blind_sub,3.923714378885471,40803,0.17025708893953875,1.0,0.2909738219895288,4156
00160091,torsion_compression,mech_sub,3.923714378885471,36843,0.016312460983090412,0.6530317613089509,0.03182982618597479,4156
00140014,torsion_compression,grefem,1.6555697229749224,50029,0.19382758000359793,1.0,0.32471620399825873,4606
00140014,torsion_compression,blind_sub,1.6555697229749224,47597,0.2022816564069164,1.0,0.3364962865880297,4606
00140014,torsion_compression,mech_sub,1.6555697229749224,46687,0.20421102234026603,1.0,0.3391615232742214,4606
00130015,bending_compression,grefem,1.547273225588062,35088,0.6923734610123119,0.5843336724313326,0.6337821988603698,4915
00130015,bending_compression,blind_sub,1.547273225588062,37808,0.6483283961066441,0.6335707019328586,0.640864601016566,4915
00130015,bending_compression,mech_sub,1.547273225588062,33535,0.42874608617861937,0.6561546286876907,0.5186165427358936,4915
00150013,torsion,grefem,1.506754551293853,102425,0.5421820844520381,1.0,0.7031362767317895,4646
00150013,torsion,blind_sub,1.506754551293853,98836,0.5587336598000728,1.0,0.7169071589455988,4646
00150013,torsion,mech_sub,1.506754551293853,110554,0.5752392495974817,1.0,0.7303515954728422,4646
00160092,bending,grefem,3.108459431104584,27128,0.03627248599233265,0.500574580556194,0.06764341501603821,4351
00160092,bending,blind_sub,3.108459431104584,24230,0.04073462649607924,1.0,0.07828052504262997,4351
00160092,bending,mech_sub,3.108459431104584,29622,0.13716156910404428,1.0,0.2412349710553659,4351
00130015,torsion_compression,grefem,1.547273225588062,35088,0.6795485636114911,0.2856561546286877,0.40223017127109223,4915
00130015,torsion_compression,blind_sub,1.547273225588062,37808,0.6335960643250106,0.3790437436419125,0.4743258605657711,4915
00130015,torsion_compression,mech_sub,1.547273225588062,36093,0.5949353060150168,0.40773143438453713,0.4838573294868498,4915
00130059,torsion_compression,grefem,1.547273225588062,35088,0.6795485636114911,0.2856561546286877,0.40223017127109223,4915
00130059,torsion_compression,blind_sub,1.547273225588062,37808,0.6335960643250106,0.3790437436419125,0.4743258605657711,4915
00130059,torsion_compression,mech_sub,1.547273225588062,36031,0.5966251283616886,0.417293997965412,0.49110048057295747,4915
00140014,compression,grefem,1.6555697229749224,50029,0.39593036039097323,1.0,0.5672637713532941,4829
00140014,compression,blind_sub,1.6555697229749224,47597,0.3843939744101519,1.0,0.5553245413018074,4829
00140014,compression,mech_sub,1.6555697229749224,46870,0.38222743759334327,1.0,0.5530601219418075,4829
00140014,torsion,grefem,1.6555697229749224,50029,0.31519718563233323,1.0,0.4793154807136995,4829
00140014,torsion,blind_sub,1.6555697229749224,47597,0.32731054478223415,1.0,0.49319361782955545,4829
00140014,torsion,mech_sub,1.6555697229749224,46762,0.3326418887130576,1.0,0.4992217211996727,4829
00140014,bending_compression,grefem,1.6555697229749224,50029,0.1907293769613624,1.0,0.32035722079535345,4606
00140014,bending_compression,blind_sub,1.6555697229749224,47597,0.1734142908166481,1.0,0.2955721473205493,4606
00140014,bending_compression,mech_sub,1.6555697229749224,46870,0.17606144655429912,1.0,0.2994085845941729,4606
00160092,torsion_compression,grefem,3.108459431104584,74062,0.15004995814317734,0.9710915818686402,0.25993551396025416,4324
00160092,torsion_compression,blind_sub,3.108459431104584,80857,0.12016275647130119,1.0,0.21454517350645336,4324
00160092,torsion_compression,mech_sub,3.108459431104584,70795,0.021103185253195846,0.4727104532839963,0.04040267618498765,4324
00150013,bending_compression,grefem,1.506754551293853,102364,0.13586807862139033,1.0,0.2392321453144351,4939
00150013,bending_compression,blind_sub,1.506754551293853,98747,0.13602438555095345,1.0,0.23947441143172962,4939
00150013,bending_compression,mech_sub,1.506754551293853,109683,0.14224629158575167,1.0,0.24906413377499304,4939
00170011,compression,grefem,1.8283793726563604,16931,0.039867698304884534,1.0,0.07667840508917416,5303
00170011,compression,blind_sub,1.8283793726563604,18885,0.030288588827111464,1.0,0.058796320090455885,5303
00170011,compression,mech_sub,1.8283793726563604,17508,0.03769705277587389,1.0,0.0726552179656539,5303
00150032,bending_compression,grefem,1.4277971172403086,78543,0.47475904918324996,0.996451541361721,0.6431090006752014,4509
00150032,bending_compression,blind_sub,1.4277971172403086,74168,0.4340820839175925,0.9933466400532269,0.604154830746783,4509
00150032,bending_compression,mech_sub,1.4277971172403086,73083,0.7564276233871078,0.9880239520958084,0.8568522284448923,4509
00140014,bending,grefem,1.6555697229749224,50029,0.271382598093106,1.0,0.42690941106184954,4829
00140014,bending,blind_sub,1.6555697229749224,47597,0.2812362123663256,1.0,0.4390075922798157,4829
00140014,bending,mech_sub,1.6555697229749224,46914,0.2835827258387688,1.0,0.4418612375037364,4829
00150013,compression,grefem,1.506754551293853,49415,0.18874835576242033,1.0,0.31755813557590823,4646
00150013,compression,blind_sub,1.506754551293853,56033,0.18114325486766727,1.0,0.3067252919934122,4646
00150013,compression,mech_sub,1.506754551293853,56847,0.19869122381128293,1.0,0.3315136039447037,4646
00150013,torsion_compression,grefem,1.506754551293853,102425,0.06492555528435441,1.0,0.12193444877377951,4939
00150013,torsion_compression,blind_sub,1.506754551293853,98939,0.06717270237216871,1.0,0.12588909409480514,4939
00150013,torsion_compression,mech_sub,1.506754551293853,99763,0.07344406242795425,1.0,0.13683817349892613,4939
00170059,bending_compression,grefem,2.5917533708774494,53012,0.2777672979702709,0.8427299703264095,0.417819540304589,3033
00170059,bending_compression,blind_sub,2.5917533708774494,55203,0.32318895712189555,0.6768875700626442,0.43749169570690805,3033
00170059,bending_compression,mech_sub,2.5917533708774494,49800,0.2234136546184739,0.5159907682162875,0.3118168615617188,3033
00200002,bending_compression,grefem,3.0881906599723283,10481,0.64306840950291,0.28885272579332794,0.3986433098707412,3687
00200002,bending_compression,blind_sub,3.0881906599723283,9251,0.8753648254242784,0.37320314618931383,0.5233017574359244,3687
00200002,bending_compression,mech_sub,3.0881906599723283,2410,0.9029045643153527,0.15188500135611607,0.2600284747568208,3687
00170059,torsion_compression,grefem,2.5917533708774494,51931,0.428356858138684,0.8325090669304319,0.5656604103449606,3033
00170059,torsion_compression,blind_sub,2.5917533708774494,55605,0.4892185954500495,0.7190900098911969,0.5822886687822298,3033
00170059,torsion_compression,mech_sub,2.5917533708774494,49070,0.38632565722437334,0.5661061655126937,0.45924827631643933,3033
00200002,compression,grefem,3.0881906599723283,18283,0.46327189192145707,1.0,0.6332000149515942,3995
00200002,compression,blind_sub,3.0881906599723283,17118,0.6021731510690501,1.0,0.7516954714504485,3995
00200002,compression,mech_sub,3.0881906599723283,4217,1.0,0.7679599499374218,0.8687526546793147,3995
00200002,torsion_compression,grefem,3.0881906599723283,18200,0.4796153846153846,0.08001084892866829,0.13714308508843662,3687
00200002,torsion_compression,blind_sub,3.0881906599723283,16603,0.7104740107209541,0.08001084892866829,0.14382471225251753,3687
00200002,torsion_compression,mech_sub,3.0881906599723283,2410,0.5240663900414938,0.023596419853539462,0.04515950452402632,3687
00170059,bending,grefem,2.5917533708774494,38368,0.1215335696413678,0.7672793165933213,0.20983087824618463,3863
00170059,bending,blind_sub,2.5917533708774494,39682,0.1351746383750819,0.750194149624644,0.2290734081912197,3863
00170059,bending,mech_sub,2.5917533708774494,35760,0.27609060402684565,0.8164638881698162,0.4126439635934165,3863
00200002,bending,grefem,3.0881906599723283,7860,0.7904580152671755,0.9949937421777222,0.8810103945576193,3995
00200002,bending,blind_sub,3.0881906599723283,8337,0.9269521410579346,1.0,0.9620915032679739,3995
00200002,bending,mech_sub,3.0881906599723283,2410,1.0,0.8951188986232791,0.9446572447497029,3995
00170059,torsion,grefem,2.5917533708774494,51546,0.3490862530555232,0.8930882733626715,0.5019662412414373,3863
00170059,torsion,blind_sub,2.5917533708774494,56437,0.4138242642238248,0.8832513590473725,0.5635921872630087,3863
00170059,torsion,mech_sub,2.5917533708774494,48886,0.25788569324551,0.760031063939943,0.38510248785808227,3863
00200008,compression,grefem,2.516885539776645,193471,0.345297228008332,1.0,0.5133396855645546,4004
00200008,compression,blind_sub,2.516885539776645,191838,0.369561817783755,1.0,0.5396789147959533,4004
00200008,compression,mech_sub,2.516885539776645,195032,0.45789921653882437,1.0,0.6281630600308787,4004
00170038,compression,grefem,1.3684133560964935,7998,0.25106276569142283,0.7610362694300518,0.3775675382827713,4825
00170038,compression,blind_sub,1.3684133560964935,8589,0.16788916055419723,0.6982383419689119,0.2706914369037425,4825
00170038,compression,mech_sub,1.3684133560964935,8504,0.1735653809971778,0.7100518134715026,0.27894525888447186,4825
00170038,bending_compression,grefem,1.3684133560964935,13179,0.17717581000075877,0.6200594985125372,0.27560130045542475,4706
00170038,bending_compression,blind_sub,1.3684133560964935,11677,0.20878650338271817,0.5756481087972801,0.30643103694939994,4706
00170038,bending_compression,mech_sub,1.3684133560964935,14990,0.5320880587058039,0.998937526561836,0.6943355282776008,4706
00170038,torsion_compression,grefem,1.3684133560964935,10490,0.12964728312678742,0.6285592860178496,0.21495726107533134,4706
00170038,torsion_compression,blind_sub,1.3684133560964935,10724,0.11851920925027974,0.8759031024224394,0.2087872362886812,4706
00170038,torsion_compression,mech_sub,1.3684133560964935,389,0.2416452442159383,0.694857628559286,0.3585873492324402,4706
00170059,compression,grefem,2.5917533708774494,50001,0.2609947801043979,0.8708257830701527,0.401620170469695,3863
00170059,compression,blind_sub,2.5917533708774494,55325,0.31181201988251245,0.8436448356199845,0.4553326227723422,3863
00170059,compression,mech_sub,2.5917533708774494,47713,0.1810408064887976,0.7952368625420657,0.2949372448253455,3863
00170011,torsion,grefem,1.8283793726563604,19158,0.03424157010126318,1.0,0.06621580700514787,5303
00170011,torsion,blind_sub,1.8283793726563604,20674,0.028248041017703396,1.0,0.054944021074419036,5303
00170011,torsion,mech_sub,1.8283793726563604,18109,0.03158650394831299,1.0,0.061238691718858734,5303
00200030,torsion,grefem,7.972502839812068,61392,0.23895621579358875,0.3238993710691824,0.2750182100528228,2862
00200030,torsion,blind_sub,7.972502839812068,56692,0.30115360191914203,0.36757512229210343,0.33106570137151164,2862
00200030,torsion,mech_sub,7.972502839812068,27150,0.7251197053406998,0.3137665967854647,0.43800431623979585,2862
00170038,torsion,grefem,1.3684133560964935,27880,0.3588593974175036,0.9997927461139896,0.5281484655524572,4825
00170038,torsion,blind_sub,1.3684133560964935,25400,0.20484251968503936,0.6360621761658031,0.30988667202130465,4825
00170038,torsion,mech_sub,1.3684133560964935,389,0.4652956298200514,0.6613471502590673,0.5462635437789413,4825
00200022,bending,grefem,2.837425862656248,43523,0.44413298715621624,0.9802381555611858,0.6112958723992693,3947
00200022,bending,blind_sub,2.837425862656248,43670,0.3973437142202885,0.9792247276412465,0.5653024993238377,3947
00200022,bending,mech_sub,2.837425862656248,37035,0.927636019981099,0.9804915125411705,0.9533317127044014,3947
00200002,torsion,grefem,3.0881906599723283,13998,0.6588798399771396,1.0,0.7943671676499721,3995
00200002,torsion,blind_sub,3.0881906599723283,13475,0.8380705009276438,0.9997496871088861,0.9117983647494304,3995
00200002,torsion,mech_sub,3.0881906599723283,2410,0.9970954356846473,0.5844806007509387,0.7369648070394459,3995
00170011,bending_compression,grefem,1.8283793726563604,19158,0.26902599436266833,1.0,0.4239881539980257,4716
00170011,bending_compression,blind_sub,1.8283793726563604,20783,0.3057787614877544,1.0,0.4683469673520525,4716
00170011,bending_compression,mech_sub,1.8283793726563604,16913,0.2185892508721102,0.8912213740458015,0.3510714497408851,4716
00200022,torsion,grefem,2.837425862656248,54675,0.3495747599451303,0.9736508740815809,0.5144455515748635,3947
00200022,torsion,blind_sub,2.837425862656248,53993,0.31883762709980923,0.9217126931846973,0.473784389327127,3947
00200022,torsion,mech_sub,2.837425862656248,40266,0.7679928475637013,0.9513554598429187,0.8498966561953815,3947
00200008,torsion,grefem,2.516885539776645,193471,0.15676768094443094,1.0,0.2710443653066787,4004
00200008,torsion,blind_sub,2.516885539776645,191838,0.18288347459835902,1.0,0.3092163827218163,4004
00200008,torsion,mech_sub,2.516885539776645,181673,0.18870718268537426,1.0,0.31749986108281314,4004
00200089,compression,grefem,7.051256731771781,30162,0.3894635634241761,1.0,0.5605955761292324,4225
00200089,compression,blind_sub,7.051256731771781,29828,0.3962049081400027,1.0,0.5675455025692744,4225
00200089,compression,mech_sub,7.051256731771781,18443,0.0785663937537277,0.00047337278106508875,0.0009410754596064142,4225
00200022,compression,grefem,2.837425862656248,43523,0.42687774280265606,0.9969597162401824,0.5977928318024133,3947
00200022,compression,blind_sub,2.837425862656248,43980,0.3389495225102319,0.9969597162401824,0.5059011645096931,3947
00200022,compression,mech_sub,2.837425862656248,38065,0.888821752265861,0.9969597162401824,0.9397902108233966,3947
00200030,bending_compression,grefem,7.972502839812068,34966,0.18949836984499227,0.41056317478844473,0.2593102425462764,3427
00200030,bending_compression,blind_sub,7.972502839812068,35233,0.14897964976016803,0.41814998540997955,0.21968817889373182,3427
00200030,bending_compression,mech_sub,7.972502839812068,24577,0.004679171583187533,0.018967026553837175,0.007506489724393833,3427
00170038,bending,grefem,1.3684133560964935,7998,0.11790447611902975,0.6458031088082902,0.19940374751503498,4825
00170038,bending,blind_sub,1.3684133560964935,8396,0.07813244402096237,0.6470466321243523,0.13942855337783538,4825
00170038,bending,mech_sub,1.3684133560964935,5404,0.12657290895632864,0.5927461139896373,0.20860174005397814,4825
00210070,torsion_compression,grefem,2.613566147447888,109237,0.15894797550280582,0.9761599589848756,0.2733813138529017,3901
00210070,torsion_compression,blind_sub,2.613566147447888,111603,0.20486904473894071,1.0,0.34006856700900595,3901
00210070,torsion_compression,mech_sub,2.613566147447888,87689,0.10752774008142413,0.15278133811843117,0.1262209687660442,3901
00200022,torsion_compression,grefem,2.837425862656248,54675,0.28773662551440327,0.6014225500526871,0.38924705455591424,3796
00200022,torsion_compression,blind_sub,2.837425862656248,53792,0.3002676977989292,0.6022128556375131,0.40072900642269554,3796
00200022,torsion_compression,mech_sub,2.837425862656248,38752,0.037520644095788605,0.5995785036880927,0.07062188584812785,3796
00200008,bending,grefem,2.516885539776645,193471,0.2462384543419944,1.0,0.3951706890187507,4004
00200008,bending,blind_sub,2.516885539776645,191838,0.26651653999728936,1.0,0.42086547088893095,4004
00200008,bending,mech_sub,2.516885539776645,178157,0.2866123699882688,0.8918581418581418,0.43381242578704443,4004
00200089,torsion,grefem,7.051256731771781,30162,0.42367880114050793,0.9988165680473373,0.5949789577890576,4225
00200089,torsion,blind_sub,7.051256731771781,29828,0.4252380313799115,0.9985798816568048,0.5964725393089988,4225
00200089,torsion,mech_sub,7.051256731771781,30352,0.11811412756984713,0.0016568047337278107,0.003267771936213144,4225
00200022,bending_compression,grefem,2.837425862656248,43523,0.3535601865680215,0.9894625922023182,0.520965964585404,3796
00200022,bending_compression,blind_sub,2.837425862656248,42533,0.31653069381421484,0.9894625922023182,0.47962770431738105,3796
00200022,bending_compression,mech_sub,2.837425862656248,38199,0.03895389931673604,0.9894625922023182,0.07495684192577269,3796
00200008,bending_compression,grefem,2.516885539776645,193471,0.41155005142889634,1.0,0.583117900796063,3622
00200008,bending_compression,blind_sub,2.516885539776645,191838,0.47356102544855555,1.0,0.6427436899729381,3622
00200008,bending_compression,mech_sub,2.516885539776645,183733,0.5530198712261815,0.9837106570955273,0.7080116271327227,3622
00170011,torsion_compression,grefem,1.8283793726563604,19158,0.14693600584612174,1.0,0.25622354708050793,4716
00170011,torsion_compression,blind_sub,1.8283793726563604,20734,0.14333944246165717,1.0,0.2507382097359318,4716
00170011,torsion_compression,mech_sub,1.8283793726563604,17876,0.045535914074737074,0.8449957591178965,0.08641501574618682,4716
00200030,compression,grefem,7.972502839812068,61392,0.18888454521761794,0.550314465408805,0.281239276652525,2862
00200030,compression,blind_sub,7.972502839812068,56692,0.26061878219149087,0.826345213137666,0.39626166835910764,2862
00200030,compression,mech_sub,7.972502839812068,25016,0.6766469459545891,0.5457721872816212,0.6042037034112839,2862
00200030,bending,grefem,7.972502839812068,55231,0.19996016729735114,0.40356394129979034,0.26741835849792156,2862
00200030,bending,blind_sub,7.972502839812068,52352,0.32394177872860636,0.8211041229909154,0.46459260667826663,2862
00200030,bending,mech_sub,7.972502839812068,24235,0.7712399422323086,0.6069182389937107,0.679282819574219,2862
00200089,torsion_compression,grefem,7.051256731771781,67101,0.330948868124171,0.8229113275243465,0.47205298083391134,3902
00200089,torsion_compression,blind_sub,7.051256731771781,65175,0.5585270425776755,0.8457201435161456,0.6727555878824895,3902
00200089,torsion_compression,mech_sub,7.051256731771781,19727,0.4618036194048766,0.02998462327011789,0.056312885714037406,3902
00200030,torsion_compression,grefem,7.972502839812068,35896,0.2834299086249164,0.533702947184126,0.37023937167102583,3427
00200030,torsion_compression,blind_sub,7.972502839812068,36320,0.2196035242290749,0.38692734169827836,0.2801856018575869,3427
00200030,torsion_compression,mech_sub,7.972502839812068,26904,0.05660868272375855,0.14531660344324482,0.08147747768458655,3427
00200089,bending,grefem,7.051256731771781,30162,0.32351966049996683,1.0,0.488877755511022,4225
00200089,bending,blind_sub,7.051256731771781,29828,0.33052836261231056,1.0,0.49683775543628894,4225
00200089,bending,mech_sub,7.051256731771781,16842,0.0,0.0,0.0,4225
00170011,bending,grefem,1.8283793726563604,16931,0.04116708995334003,1.0,0.07907873837077377,5303
00170011,bending,blind_sub,1.8283793726563604,18854,0.03155829001803331,1.0,0.06118566507275438,5303
00170011,bending,mech_sub,1.8283793726563604,15938,0.03388128999874514,1.0,0.06554193470081321,5303
00210070,bending,grefem,2.613566147447888,109541,0.1614007540555591,0.7484262065749592,0.2655374248580784,4289
00210070,bending,blind_sub,2.613566147447888,111603,0.23082712830300262,1.0,0.37507643924172274,4289
00210070,bending,mech_sub,2.613566147447888,104721,0.2282063769444524,0.2683609232921427,0.2466601163177225,4289
00210070,compression,grefem,2.613566147447888,109141,0.2982838713224178,0.8239682909769177,0.4380057529601018,4289
00210070,compression,blind_sub,2.613566147447888,111603,0.363207082246893,1.0,0.5328714719530953,4289
00210070,compression,mech_sub,2.613566147447888,88134,0.46290875258129666,0.10468640708789928,0.17075640372099268,4289
00210070,bending_compression,grefem,2.613566147447888,137321,0.21138063369768645,1.0,0.34899127131074614,3901
00210070,bending_compression,blind_sub,2.613566147447888,142705,0.23466591920395222,1.0,0.38012860896857426,3901
00210070,bending_compression,mech_sub,2.613566147447888,84853,0.23114091428706116,0.12612150730581903,0.16319567213340658,3901
00210070,torsion,grefem,2.613566147447888,113537,0.3135982102750645,0.8106784798321287,0.4522504515496562,4289
00210070,torsion,blind_sub,2.613566147447888,111603,0.3830452586400007,0.9995336908370249,0.5538441638662095,4289
00210070,torsion,mech_sub,2.613566147447888,108583,0.4706353664938342,0.4649102354861273,0.467755283337722,4289
00200008,torsion_compression,grefem,2.516885539776645,193117,0.41329867386092367,1.0,0.5848709568683774,3622
00200008,torsion_compression,blind_sub,2.516885539776645,192110,0.4752589662172714,1.0,0.6443058162674834,3622
00200008,torsion_compression,mech_sub,2.516885539776645,182737,0.5620372447834866,0.9779127553837659,0.7138197871552003,3622
00210090,bending,grefem,2.240738337559491,73589,0.42426177825490224,0.9553137300300996,0.5875765399716902,4319
00210090,bending,blind_sub,2.240738337559491,68384,0.38046911558259244,1.0,0.5512171352301858,4319
00210090,bending,mech_sub,2.240738337559491,67225,0.4223131275567125,0.9085436443621209,0.5766058618300984,4319
00210090,compression,grefem,2.240738337559491,43859,0.0992270685606147,0.3042370919194258,0.149646772802088,4319
00210090,compression,blind_sub,2.240738337559491,48585,0.12483276731501493,0.9881917110442232,0.2216639585667673,4319
00210090,compression,mech_sub,2.240738337559491,42867,0.4837987262929526,0.9993053947673073,0.6519605337223062,4319
00200089,bending_compression,grefem,7.051256731771781,30162,0.70406471719382,0.9810353664787289,0.8197879693313244,3902
00200089,bending_compression,blind_sub,7.051256731771781,29209,0.7022835427436749,0.9853921066119938,0.8200920122149412,3902
00200089,bending_compression,mech_sub,7.051256731771781,16105,0.8959950325985718,0.3646847770374167,0.518380236111168,3902
00210090,torsion,grefem,2.240738337559491,47430,0.4128610584018554,0.7443852743690669,0.531136169598222,4319
00210090,torsion,blind_sub,2.240738337559491,51300,0.4082261208576998,1.0,0.5797735389385676,4319
00210090,torsion,mech_sub,2.240738337559491,46228,0.43382798304058146,0.7969437369761518,0.5618206664749935,4319
00210090,bending_compression,grefem,2.240738337559491,84988,0.31822139596178284,1.0,0.48280417377022844,3946
00210090,bending_compression,blind_sub,2.240738337559491,83111,0.22719014330233062,1.0,0.3702607041659722,3946
00210090,bending_compression,mech_sub,2.240738337559491,66783,0.19672671188775587,0.8302078053725291,0.3180807519650093,3946
00210097,bending_compression,grefem,3.1435388939825426,77212,0.4372118323576646,0.9964565932675272,0.6077592352881576,3951
00210097,bending_compression,blind_sub,3.1435388939825426,72351,0.3364017083385164,0.9858263730701088,0.5016285475840823,3951
00210097,bending_compression,mech_sub,3.1435388939825426,65886,0.5418298272774186,0.9377372817008353,0.6868144422680964,3951
00210097,bending,grefem,3.1435388939825426,22890,0.4884665792922674,1.0,0.6563352998150921,4111
00210097,bending,blind_sub,3.1435388939825426,25496,0.27306244116724193,1.0,0.4289851500400518,4111
00210097,bending,mech_sub,3.1435388939825426,24305,0.6916683809915655,0.9978107516419362,0.8170022745985227,4111
00210097,compression,grefem,3.1435388939825426,33365,0.5618462460662371,0.9119435660423255,0.6953122690841288,4111
00210097,compression,blind_sub,3.1435388939825426,35517,0.3032069149984514,1.0,0.4653242881216782,4111
00210097,compression,mech_sub,3.1435388939825426,31426,0.4327945013682938,0.8467526149355388,0.5728118505271297,4111
00210097,torsion,grefem,3.1435388939825426,69629,0.6742880121788335,1.0,0.8054623903104332,4111
00210097,torsion,blind_sub,3.1435388939825426,64043,0.5064565994722295,1.0,0.6723812682684134,4111
00210097,torsion,mech_sub,3.1435388939825426,50717,0.8145197862649605,0.7810751641936269,0.7974469656136883,4111
00220004,bending_compression,grefem,3.424596004811165,4083,0.4043595395542493,0.7399457192203306,0.5229445692480417,4053
00220004,bending_compression,blind_sub,3.424596004811165,502,0.7171314741035857,0.9541080680977054,0.8188184973505388,4053
00220004,bending_compression,mech_sub,3.424596004811165,4587,0.9548724656638325,0.24747100912904021,0.39307112754626344,4053
00210090,torsion_compression,grefem,2.240738337559491,47129,0.4175772878694647,0.9926507856056767,0.5878601208572787,3946
00210090,torsion_compression,blind_sub,2.240738337559491,50844,0.20315081425536938,1.0,0.337698004021382,3946
00210090,torsion_compression,mech_sub,2.240738337559491,44946,0.25913318204067104,0.8208312214901166,0.39391040232003527,3946
00220004,torsion,grefem,3.424596004811165,40091,0.39679728617395427,0.8822115384615384,0.547391288551354,4160
00220004,torsion,blind_sub,3.424596004811165,42926,0.42254111727158367,1.0,0.5940652430237129,4160
00220004,torsion,mech_sub,3.424596004811165,4859,0.9689236468409138,0.4170673076923077,0.5831298904594201,4160
00210097,torsion_compression,grefem,3.1435388939825426,93663,0.32141827616027674,0.9503923057453809,0.48037571150092995,3951
00210097,torsion_compression,blind_sub,3.1435388939825426,87926,0.31634556331460545,0.8883826879271071,0.4665548791797329,3951
00210097,torsion_compression,mech_sub,3.1435388939825426,42981,0.39454642749121704,0.5016451531257909,0.44169641249653396,3951
00220004,torsion_compression,grefem,3.424596004811165,4083,0.3970120009796718,0.5085122131754256,0.4458974108467041,4053
00220004,torsion_compression,blind_sub,3.424596004811165,439,0.6446469248291572,0.8156920799407846,0.7201524977745347,4053
00220004,torsion_compression,mech_sub,3.424596004811165,4587,0.9025506867233486,0.4759437453737972,0.6232355303391329,4053
00220074,bending,grefem,5.37042383758545,97938,0.2368028752884478,1.0,0.38292743333608514,2785
00220074,bending,blind_sub,5.37042383758545,91036,0.27172766817522737,1.0,0.4273362528396085,2785
00220074,bending,mech_sub,5.37042383758545,90307,0.2953923837576268,1.0,0.45606626603865524,2785
00230003,bending,grefem,2.5802115831655263,62452,0.3079004675590854,0.8146306818181818,0.4468921293791124,4224
00230003,bending,blind_sub,2.5802115831655263,61285,0.2813575915803215,0.8866003787878788,0.42715877385779266,4224
00230003,bending,mech_sub,2.5802115831655263,59735,0.36064283920649537,0.8686079545454546,0.5096718106294447,4224
00220074,torsion,grefem,5.37042383758545,96693,0.14814929726040146,1.0,0.25806625952548234,2785
00220074,torsion,blind_sub,5.37042383758545,89258,0.13788119832395976,1.0,0.24234726529808495,2785
00220074,torsion,mech_sub,5.37042383758545,88117,0.22148961040434875,1.0,0.3626549231655425,2785
00240056,compression,grefem,4.188992358593392,7513,0.21975242912285373,0.46683221000354735,0.2988342770720893,2819
00240056,compression,blind_sub,4.188992358593392,2121,0.9410655351249411,1.0,0.9696380859849405,2819
00240056,compression,mech_sub,4.188992358593392,2121,0.9410655351249411,1.0,0.9696380859849405,2819
00220074,bending_compression,grefem,5.37042383758545,96693,0.258167602618597,1.0,0.41038666403629903,1926
00220074,bending_compression,blind_sub,5.37042383758545,92876,0.33359533140962144,1.0,0.5002946899296782,1926
00220074,bending_compression,mech_sub,5.37042383758545,88779,0.32951486274907354,1.0,0.495691882778545,1926
00220074,torsion_compression,grefem,5.37042383758545,127171,0.07003168961477066,1.0,0.1308964777295208,1926
00220074,torsion_compression,blind_sub,5.37042383758545,113818,0.11376935106925092,1.0,0.20429607074396333,1926
00220074,torsion_compression,mech_sub,5.37042383758545,113967,0.1541674344327744,1.0,0.26714916715448883,1926
00240056,bending_compression,grefem,4.188992358593392,2624,0.0,0.0,0.0,2138
00240056,bending_compression,blind_sub,4.188992358593392,2080,0.2110576923076923,0.04724041159962582,0.07720112617985099,2138
00240056,bending_compression,mech_sub,4.188992358593392,2080,0.2110576923076923,0.04724041159962582,0.07720112617985099,2138
00240056,bending,grefem,4.188992358593392,2719,0.33578521515262966,0.5033699893579283,0.4028437153685132,2819
00240056,bending,blind_sub,4.188992358593392,2080,0.9346153846153846,1.0,0.9662027833001988,2819
00240056,bending,mech_sub,4.188992358593392,2080,0.9346153846153846,1.0,0.9662027833001988,2819
00240056,torsion,grefem,4.188992358593392,2301,0.42590178183398525,0.4299396949272792,0.42791121281860245,2819
00240056,torsion,blind_sub,4.188992358593392,2080,0.9514423076923076,0.8343384178786803,0.8890507757597415,2819
00240056,torsion,mech_sub,4.188992358593392,2080,0.9514423076923076,0.8343384178786803,0.8890507757597415,2819
00230003,torsion_compression,grefem,2.5802115831655263,21806,0.6716500045858937,0.6110654615173925,0.6399269843954467,3651
00230003,torsion_compression,blind_sub,2.5802115831655263,19555,0.2959345435949885,0.8474390577923856,0.43867811971179216,3651
00230003,torsion_compression,mech_sub,2.5802115831655263,9436,0.9705383637134379,0.24760339632977266,0.39454947364297416,3651
00240090,compression,grefem,6.37215347009931,24293,0.3372988103568929,1.0,0.5044479330193616,4162
00240090,compression,blind_sub,6.37215347009931,24773,0.4134743470714084,1.0,0.5850468357322367,4162
00240090,compression,mech_sub,6.37215347009931,23858,0.40481180316874843,1.0,0.5763217567728846,4162
00230003,torsion,grefem,2.5802115831655263,110664,0.2203426588592496,0.9256628787878788,0.35595468471851605,4224
00230003,torsion,blind_sub,2.5802115831655263,106447,0.23049029094291057,0.7852746212121212,0.3563780826594269,4224
00230003,torsion,mech_sub,2.5802115831655263,9436,0.2381305637982196,0.3378314393939394,0.27935173044671446,4224
00220004,bending,grefem,3.424596004811165,14893,0.5347478681259652,0.9432692307692307,0.6825512514025824,4160
00220004,bending,blind_sub,3.424596004811165,15085,0.4503811733510109,1.0,0.621052150463915,4160
00220004,bending,mech_sub,3.424596004811165,4859,0.20991973657131097,0.05600961538461539,0.08842591929414045,4160
00240056,torsion_compression,grefem,4.188992358593392,2301,0.20643198609300303,0.05940130963517306,0.09225578978679087,2138
00240056,torsion_compression,blind_sub,4.188992358593392,2080,0.20865384615384616,0.021515434985968196,0.039008491830569814,2138
00240056,torsion_compression,mech_sub,4.188992358593392,2080,0.20865384615384616,0.021515434985968196,0.039008491830569814,2138
00220004,compression,grefem,3.424596004811165,7676,0.6178999478895258,0.2778846153846154,0.38336201896104144,4160
00220004,compression,blind_sub,3.424596004811165,2488,0.5542604501607717,1.0,0.713214378070856,4160
00220004,compression,mech_sub,3.424596004811165,4859,0.2819510187281334,0.18245192307692307,0.2215425482900564,4160
00230003,compression,grefem,2.5802115831655263,82146,0.12917244905412315,1.0,0.22879135806462048,4224
00230003,compression,blind_sub,2.5802115831655263,79370,0.08766536474738566,1.0,0.16119914743767955,4224
00230003,compression,mech_sub,2.5802115831655263,77846,0.2485548390411839,1.0,0.39814805288337884,4224
00220074,compression,grefem,5.37042383758545,102250,0.23814180929095355,1.0,0.38467614533965244,2785
00220074,compression,blind_sub,5.37042383758545,93872,0.29243011760695414,1.0,0.4525275504232503,2785
00220074,compression,mech_sub,5.37042383758545,95121,0.29120804028553104,1.0,0.4510629289779435,2785
00240090,bending,grefem,6.37215347009931,25211,0.23247788663678554,1.0,0.37725283213182287,4162
00240090,bending,blind_sub,6.37215347009931,22543,0.24850286119859824,1.0,0.3980813643631196,4162
00240090,bending,mech_sub,6.37215347009931,23937,0.21410368884989764,1.0,0.3526942399009015,4162
00230003,bending_compression,grefem,2.5802115831655263,63110,0.2535731262874346,0.5543686661188716,0.3479780278846239,3651
00230003,bending_compression,blind_sub,2.5802115831655263,63086,0.24027517991313446,0.8504519309778144,0.3746904036450546,3651
00230003,bending_compression,mech_sub,2.5802115831655263,61100,0.27484451718494274,0.4864420706655711,0.3512368093283031,3651
00240090,torsion,grefem,6.37215347009931,24293,0.33923352406042895,0.9867851994233542,0.5048957677031648,4162
00240090,torsion,blind_sub,6.37215347009931,24773,0.4190852944738223,0.9932724651609803,0.5894623804982159,4162
00240090,torsion,mech_sub,6.37215347009931,24081,0.3381919355508492,0.9851033157135992,0.5035217903795887,4162
00240090,torsion_compression,grefem,6.37215347009931,24148,0.011222461487493788,0.9321867321867322,0.02217792612424081,2035
00240090,torsion_compression,blind_sub,6.37215347009931,24618,0.021975790072304817,0.9557739557739557,0.04296372951850894,2035
00240090,torsion_compression,mech_sub,6.37215347009931,23631,0.011171765900723626,0.9292383292383293,0.022078097914708474,2035
00260088,bending,grefem,5.329096811982593,41024,0.28320007800312014,1.0,0.44139660347251247,4023
00260088,bending,blind_sub,5.329096811982593,37003,0.27973407561549063,1.0,0.4371753178189804,4023
00260088,bending,mech_sub,5.329096811982593,38564,0.337594647858106,0.6375838926174496,0.441447182796336,4023
00260088,torsion_compression,grefem,5.329096811982593,41024,0.22011505460218408,0.9989987484355445,0.36074509781036124,3995
00260088,torsion_compression,blind_sub,5.329096811982593,37003,0.22811663919141692,0.9989987484355445,0.3714210405106995,3995
00260088,torsion_compression,mech_sub,5.329096811982593,30109,0.20787804311003355,0.04505632040050062,0.0740604762800818,3995
00260088,torsion,grefem,5.329096811982593,41024,0.1846480109204368,0.9475515784240617,0.30906832301859544,4023
00260088,torsion,blind_sub,5.329096811982593,37003,0.17582358187174013,0.9308973402933135,0.2957813509209807,4023
00260088,torsion,mech_sub,5.329096811982593,30082,0.09863041021208696,0.5692269450658712,0.1681289773989344,4023
00240090,bending_compression,grefem,6.37215347009931,24148,0.06965380155706477,0.9346437346437346,0.12964582083055554,2035
00240090,bending_compression,blind_sub,6.37215347009931,24618,0.10317653749289138,0.9867321867321868,0.1868185990202089,2035
00240090,bending_compression,mech_sub,6.37215347009931,24684,0.10281964025279533,0.9582309582309583,0.18571209053591062,2035
00260088,bending_compression,grefem,5.329096811982593,41024,0.2237470748829953,1.0,0.3656753580463319,3995
00260088,bending_compression,blind_sub,5.329096811982593,37003,0.22644109937032134,1.0,0.3692653474946014,3995
00260088,bending_compression,mech_sub,5.329096811982593,23217,0.22802256966877718,0.246558197747184,0.23692841211973892,3995
00290041,compression,grefem,4.194942436602689,71640,0.36575935231714124,1.0,0.5356131762108685,4111
00290041,compression,blind_sub,4.194942436602689,67854,0.28080879535473224,1.0,0.4384866755649653,4111
00290041,compression,mech_sub,4.194942436602689,69371,0.3187066641680241,0.7397226952079786,0.44547999450450626,4111
00260088,compression,grefem,5.329096811982593,41024,0.32702808112324494,1.0,0.49287288758265985,4023
00260088,compression,blind_sub,5.329096811982593,37003,0.32418993054617196,1.0,0.48964264576828104,4023
00260088,compression,mech_sub,5.329096811982593,31472,0.46803507880020334,0.5637583892617449,0.5114564305936361,4023
00250056,compression,grefem,2.029159828708955,90130,0.4029623876622656,1.0,0.5744450331754304,5219
00250056,compression,blind_sub,2.029159828708955,51946,0.49254995572325105,0.9863958612761066,0.6570210107938733,5219
00250056,compression,mech_sub,2.029159828708955,78815,0.6550275962697456,0.6326882544548764,0.6436641535016786,5219
00270052,bending,grefem,1.4320719416437548,29488,0.48921595225176345,1.0,0.6570114314341668,4476
00270052,bending,blind_sub,1.4320719416437548,26784,0.42491786140979687,1.0,0.5964103235949169,4476
00270052,bending,mech_sub,1.4320719416437548,30000,0.4859,1.0,0.6540144020458981,4476
00270052,torsion,grefem,1.4320719416437548,29829,0.999061316168829,1.0,0.9995304376991446,4476
00270052,torsion,blind_sub,1.4320719416437548,30329,0.7171024432061723,1.0,0.835247129306041,4476
00270052,torsion,mech_sub,1.4320719416437548,32215,0.9991618811112836,1.0,0.9995807648712017,4476
00290041,bending,grefem,4.194942436602689,64700,0.3235703245749614,1.0,0.4889355987621884,4111
00290041,bending,blind_sub,4.194942436602689,60890,0.2432254885859747,1.0,0.39128137384412154,4111
00290041,bending,mech_sub,4.194942436602689,61203,0.3775795304151757,0.9674045244466066,0.5431620467792139,4111
00270052,bending_compression,grefem,1.4320719416437548,90212,0.29146898417062034,0.9932532152646004,0.4506849898050245,4743
00270052,bending_compression,blind_sub,1.4320719416437548,93734,0.31308810036912965,0.9951507484714316,0.4763195309418761,4743
00270052,bending_compression,mech_sub,1.4320719416437548,88739,0.4757772794374514,0.9934640522875817,0.6434172709548452,4743
00270052,torsion_compression,grefem,1.4320719416437548,36822,0.23936776926837217,1.0,0.38627399421509334,4743
00270052,torsion_compression,blind_sub,1.4320719416437548,37787,0.12697488554264694,0.9930423782416192,0.22515981921599165,4743
00270052,torsion_compression,mech_sub,1.4320719416437548,35732,0.21412179558938765,0.9966266076323003,0.35250837942970187,4743
00270052,compression,grefem,1.4320719416437548,29488,0.5493760173629951,1.0,0.7091577657152863,4476
00270052,compression,blind_sub,1.4320719416437548,34479,0.34319440819049274,1.0,0.5110122646398342,4476
00270052,compression,mech_sub,1.4320719416437548,32141,0.3189073146448462,1.0,0.4835932155410347,4476
00250056,torsion,grefem,2.029159828708955,100194,0.4681318242609338,0.9990419620616976,0.6375295695343368,5219
00250056,torsion,blind_sub,2.029159828708955,51946,0.5822007469295037,0.9977007089480744,0.7353143397655981,5219
00250056,torsion,mech_sub,2.029159828708955,76831,0.8138511798622952,0.8340678290860318,0.8238354956777312,5219
00250056,bending,grefem,2.029159828708955,90130,0.40562520803284147,1.0,0.5771456085374421,5219
00250056,bending,blind_sub,2.029159828708955,51946,0.5121087282947676,0.9980839241233953,0.6769036894675015,5219
00250056,bending,mech_sub,2.029159828708955,70196,0.7152829221038236,0.9254646484000767,0.8069115199824347,5219
00250056,bending_compression,grefem,2.029159828708955,91081,0.41168849705207455,0.9991945227547322,0.5831197704709608,4966
00250056,bending_compression,blind_sub,2.029159828708955,51946,0.5258922727447735,0.9810712847362062,0.6847382673499989,4966
00250056,bending_compression,mech_sub,2.029159828708955,81575,0.7496414342629482,0.7515102698348771,0.7505746887599574,4966
00250056,torsion_compression,grefem,2.029159828708955,90518,0.389988731523012,0.8626661296818365,0.5371472702686757,4966
00250056,torsion_compression,blind_sub,2.029159828708955,51946,0.5046394332576136,0.8660894079742247,0.6377087208550422,4966
00250056,torsion_compression,mech_sub,2.029159828708955,84712,0.7045873075833412,0.7400322190898108,0.7218749285138062,4966
00290041,bending_compression,grefem,4.194942436602689,94541,0.3128695486614273,1.0,0.4766194005800838,3921
00290041,bending_compression,blind_sub,4.194942436602689,92997,0.2684495198769853,1.0,0.42327190112069984,3921
00290041,bending_compression,mech_sub,4.194942436602689,86974,0.31584151585531306,0.9352206069880132,0.472209155367757,3921
00300071,torsion,grefem,2.248360960416031,145462,0.3323067192806369,1.0,0.49884416924664604,4081
00300071,torsion,blind_sub,2.248360960416031,136488,0.3454149815368384,1.0,0.5134698011795266,4081
00300071,torsion,mech_sub,2.248360960416031,135045,0.576955829538302,0.9649595687331537,0.7221395532770266,4081
00290041,torsion_compression,grefem,4.194942436602689,89619,0.2432408306274339,1.0,0.39130122601375,3921
00290041,torsion_compression,blind_sub,4.194942436602689,88208,0.19797524034101216,1.0,0.3305164141533628,3921
00290041,torsion_compression,mech_sub,4.194942436602689,79757,0.19118071141091064,0.9224687579699057,0.3167212632913659,3921
00300071,bending_compression,grefem,2.248360960416031,137023,0.22265605044408604,1.0,0.36421698541174224,3981
00300071,bending_compression,blind_sub,2.248360960416031,136488,0.2363357950882129,1.0,0.3823165130818691,3981
00300071,bending_compression,mech_sub,2.248360960416031,89962,0.27879549142971477,0.8045717156493344,0.41409960609697094,3981
00300071,bending,grefem,2.248360960416031,137540,0.24171877272066308,1.0,0.38932933612825404,4081
00300071,bending,blind_sub,2.248360960416031,136488,0.26595744680851063,1.0,0.42016806722689076,4081
00300071,bending,mech_sub,2.248360960416031,128033,0.4803136691321769,1.0,0.6489349914788766,4081
00290041,torsion,grefem,4.194942436602689,93696,0.675140881147541,1.0,0.8060705684468061,4111
00290041,torsion,blind_sub,4.194942436602689,91486,0.6941608552128194,1.0,0.8194745535253433,4111
00290041,torsion,mech_sub,4.194942436602689,83136,0.7563991531947653,0.4986621260034055,0.6010664436723816,4111
00360016,compression,grefem,0.3278173200782243,4161,0.6366258111031002,0.9875243664717349,0.7741691740943408,2565
00360016,compression,blind_sub,0.3278173200782243,3005,0.5800332778702163,0.9957115009746589,0.7330448604078937,2565
00360016,compression,mech_sub,0.3278173200782243,2958,0.5797836375929682,0.9957115009746589,0.7328454679372683,2565
00360016,bending,grefem,0.3278173200782243,8680,0.8111751152073733,0.9730994152046784,0.8847898871869152,2565
00360016,bending,blind_sub,0.3278173200782243,7720,0.6079015544041451,0.9988304093567252,0.7558081523601903,2565
00360016,bending,mech_sub,0.3278173200782243,8129,0.702423422315168,0.9742690058479532,0.8163087729728057,2565
00300071,compression,grefem,2.248360960416031,143398,0.2829816315429783,1.0,0.44113122836006674,4081
00300071,compression,blind_sub,2.248360960416031,136488,0.28943936463278824,1.0,0.4489383100464223,4081
00300071,compression,mech_sub,2.248360960416031,113883,0.20299781354548088,0.686351384464592,0.31332536349495393,4081
00310027,bending,grefem,3.866941117229198,161379,0.22873484158409707,1.0,0.3723095233292317,4312
00310027,bending,blind_sub,3.866941117229198,146395,0.252966289832303,0.9373840445269017,0.39841474740227595,4312
00310027,bending,mech_sub,3.866941117229198,151755,0.22731376231425654,0.899582560296846,0.36292157883620535,4312
00300071,torsion_compression,grefem,2.248360960416031,131850,0.3176109215017065,1.0,0.48210122778842673,3981
00300071,torsion_compression,blind_sub,2.248360960416031,136488,0.32248256256960317,1.0,0.4876927253286648,3981
00300071,torsion_compression,mech_sub,2.248360960416031,101636,0.3342122869849266,0.864104496357699,0.4819999918820998,3981
00310027,compression,grefem,3.866941117229198,116532,0.7551488003295233,1.0,0.8604954750135676,4312
00310027,compression,blind_sub,3.866941117229198,109955,0.7572643354099404,0.9955936920222634,0.8602266512502574,4312
00310027,compression,mech_sub,3.866941117229198,125066,0.754169798346473,0.9974489795918368,0.8589150850336044,4312
00310027,bending_compression,grefem,3.866941117229198,110246,0.8368829708107324,1.0,0.9111990084391312,4210
00310027,bending_compression,blind_sub,3.866941117229198,109955,0.8164339957255241,0.9990498812351544,0.898557455471794,4210
00310027,bending_compression,mech_sub,3.866941117229198,101566,0.805820845558553,0.9950118764845606,0.8904783901748707,4210
00360016,bending_compression,grefem,0.3278173200782243,18162,0.44493998458319567,0.9995590828924162,0.6157758256076599,2268
00360016,bending_compression,blind_sub,0.3278173200782243,20325,0.39158671586715865,0.9876543209876543,0.5608190325448907,2268
00360016,bending_compression,mech_sub,0.3278173200782243,16520,0.6027845036319612,0.8589065255731922,0.7084062682732974,2268
00360016,torsion_compression,grefem,0.3278173200782243,22635,0.38718798321184006,0.7874779541446209,0.5191297222344107,2268
00360016,torsion_compression,blind_sub,0.3278173200782243,23716,0.37181649519311855,0.9056437389770723,0.5271918012207727,2268
00360016,torsion_compression,mech_sub,0.3278173200782243,19892,0.537301427709632,0.9343033509700176,0.6822518269347965,2268
00360016,torsion,grefem,0.3278173200782243,22892,0.4231609295823869,0.9996101364522417,0.5946085981914563,2565
00360016,torsion,blind_sub,0.3278173200782243,23927,0.4658753709198813,0.9703703703703703,0.6295185332557925,2565
00360016,torsion,mech_sub,0.3278173200782243,21187,0.7464010950110918,1.0,0.8547877084403125,2565
00350001,bending,grefem,2.514755223465145,71996,0.3207400411133952,0.9995438996579248,0.48564364311457553,4385
00350001,bending,blind_sub,2.514755223465145,72592,0.2702777165527882,1.0,0.4255411443196113,4385
00350001,bending,mech_sub,2.514755223465145,72598,0.2333810848783713,1.0,0.37844116103237624,4385
00310027,torsion,grefem,3.866941117229198,160035,0.2871059455744056,1.0,0.4461263605557767,4312
00310027,torsion,blind_sub,3.866941117229198,146893,0.34115308421776397,0.9710111317254174,0.504911562703752,4312
00310027,torsion,mech_sub,3.866941117229198,150710,0.3708911153871674,0.9728664192949907,0.5370425870175843,4312
00310027,torsion_compression,grefem,3.866941117229198,96212,0.7077495530703031,0.9983372921615202,0.8282963722690487,4210
00310027,torsion_compression,blind_sub,3.866941117229198,93031,0.7060872182390816,0.9980997624703087,0.8270753066243808,4210
00310027,torsion_compression,mech_sub,3.866941117229198,95277,0.6955193803331339,0.9738717339667459,0.8114894815605579,4210
00300090,bending,grefem,1.4675875854865197,74103,0.5532704478900989,0.9919739696312364,0.7103470185688159,4610
00300090,bending,blind_sub,1.4675875854865197,77441,0.5741532263271394,1.0,0.7294756529728311,4610
00300090,bending,mech_sub,1.4675875854865197,63036,0.6374135414683673,0.9885032537960955,0.7750524031614879,4610
00320057,bending,grefem,8.156487373352693,308287,0.45790124137573107,1.0,0.6281649653355642,3741
00320057,bending,blind_sub,8.156487373352693,303192,0.4205717828966464,1.0,0.5921161999136302,3741
00320057,bending,mech_sub,8.156487373352693,291114,0.6077584726258441,1.0,0.7560320570206456,3741
00350001,torsion_compression,grefem,2.514755223465145,86159,0.2064439002309683,1.0,0.34223539145325454,4052
00350001,torsion_compression,blind_sub,2.514755223465145,85715,0.16342530478912676,1.0,0.28093819881070564,4052
00350001,torsion_compression,mech_sub,2.514755223465145,87089,0.14546039109416803,1.0,0.2539771645097587,4052
00300090,torsion_compression,grefem,1.4675875854865197,95422,0.543648215296263,0.9812382739212008,0.6996565844994793,4264
00300090,torsion_compression,blind_sub,1.4675875854865197,100517,0.5838713849398609,1.0,0.7372712083715438,4264
00300090,torsion_compression,mech_sub,1.4675875854865197,44101,0.6654951134894901,0.9322232645403377,0.7765949691307024,4264
00350001,torsion,grefem,2.514755223465145,80773,0.2731853465885878,1.0,0.4291368060755161,4385
00350001,torsion,blind_sub,2.514755223465145,80012,0.254086886966955,1.0,0.4052141675469893,4385
00350001,torsion,mech_sub,2.514755223465145,79104,0.22790250809061488,0.9963511972633979,0.3709540527463695,4385
00320057,torsion_compression,grefem,8.156487373352693,154869,0.2310081423654831,1.0,0.37531537674735765,3636
00320057,torsion_compression,blind_sub,8.156487373352693,157563,0.22387235581957693,1.0,0.3658426546772663,3636
00320057,torsion_compression,mech_sub,8.156487373352693,165474,0.22871871109660732,1.0,0.37228815518318326,3636
00320057,compression,grefem,8.156487373352693,301176,0.5849071639174436,1.0,0.7380964352154458,3741
00320057,compression,blind_sub,8.156487373352693,295837,0.5507661313493579,1.0,0.7103148827091335,3741
00320057,compression,mech_sub,8.156487373352693,281033,0.5468112285745802,1.0,0.7070174026063653,3741
00300090,bending_compression,grefem,1.4675875854865197,73521,0.6739571006923192,0.999765478424015,0.8051502102178253,4264
00300090,bending_compression,blind_sub,1.4675875854865197,76882,0.6441950001300695,1.0,0.7835992690393879,4264
00300090,bending_compression,mech_sub,1.4675875854865197,42113,0.7617837722318525,0.8909474671669794,0.8213184409169288,4264
00300090,compression,grefem,1.4675875854865197,101198,0.713818454910176,1.0,0.8330152506702799,4610
00300090,compression,blind_sub,1.4675875854865197,104311,0.7605046447642148,1.0,0.8639620997604008,4610
00300090,compression,mech_sub,1.4675875854865197,44164,0.6533375600036229,0.9405639913232104,0.7710711901959485,4610
00320057,torsion,grefem,8.156487373352693,340727,0.1924737399736446,1.0,0.32281421975447194,3741
00320057,torsion,blind_sub,8.156487373352693,318056,0.17874210830797094,1.0,0.30327602118931146,3741
00320057,torsion,mech_sub,8.156487373352693,312206,0.2232051914441106,1.0,0.3649513475013878,3741
00300090,torsion,grefem,1.4675875854865197,78859,0.6178622604902421,0.9750542299349241,0.7564102879584912,4610
00300090,torsion,blind_sub,1.4675875854865197,81157,0.6906859543847111,1.0,0.8170481958443566,4610
00300090,torsion,mech_sub,1.4675875854865197,63661,0.7129482728829267,0.9258134490238612,0.8055559153838854,4610
00350001,compression,grefem,2.514755223465145,69552,0.2459454796411318,0.9881413911060434,0.3938602932250462,4385
00350001,compression,blind_sub,2.514755223465145,69877,0.21962877627831762,1.0,0.3601567633530461,4385
00350001,compression,mech_sub,2.514755223465145,65962,0.2020405688123465,1.0,0.33616264551198777,4385
00350001,bending_compression,grefem,2.514755223465145,61458,0.14022584529272022,0.9531095755182626,0.24448233056329344,4052
00350001,bending_compression,blind_sub,2.514755223465145,60947,0.18562029304149508,1.0,0.3131192914475505,4052
00350001,bending_compression,mech_sub,2.514755223465145,61186,0.15725819631941948,1.0,0.27177720031634844,4052
00320057,bending_compression,grefem,8.156487373352693,224953,0.4352864820651425,1.0,0.6065499640724498,3636
00320057,bending_compression,blind_sub,8.156487373352693,236928,0.4402772150189087,1.0,0.6113784352453684,3636
00320057,bending_compression,mech_sub,8.156487373352693,240279,0.44224006259390125,1.0,0.6132683095746523,3636
00360019,compression,grefem,2.357895781119256,92774,0.5082781813870265,1.0,0.6739846636508515,3951
00360019,compression,blind_sub,2.357895781119256,90771,0.4843286952881427,1.0,0.6525895468107531,3951
00360019,compression,mech_sub,2.357895781119256,82190,0.5077016668694488,0.8714249557074158,0.6416001189762146,3951
00360019,torsion,grefem,2.357895781119256,92809,0.3345257464254544,1.0,0.5013402661154889,3951
00360019,torsion,blind_sub,2.357895781119256,90872,0.35205563870058987,1.0,0.5207709337153276,3951
00360019,torsion,mech_sub,2.357895781119256,85705,0.5469225832798553,1.0,0.7071104775266067,3951
00360019,torsion_compression,grefem,2.357895781119256,88178,0.22130236566944136,1.0,0.3624038925825503,3659
00360019,torsion_compression,blind_sub,2.357895781119256,85662,0.23791179286031144,1.0,0.38437600196148697,3659
00360019,torsion_compression,mech_sub,2.357895781119256,81861,0.27863084985524245,1.0,0.43582688449412443,3659
00360019,bending,grefem,2.357895781119256,88525,0.18689635696131038,1.0,0.3149329018749405,3951
00360019,bending,blind_sub,2.357895781119256,86043,0.12358936810664435,1.0,0.21999027690143466,3951
00360019,bending,mech_sub,2.357895781119256,81251,0.016110570946819117,0.5613768666160466,0.0313222461624069,3951
00360019,bending_compression,grefem,2.357895781119256,88178,0.2764748576742498,1.0,0.43318496406265267,3659
00360019,bending_compression,blind_sub,2.357895781119256,85662,0.29152949966146013,1.0,0.4514484566366882,3659
00360019,bending_compression,mech_sub,2.357895781119256,84250,0.34681305637982196,0.8685433178464061,0.49569355795309034,3659
00370070,torsion_compression,grefem,1.9084748089275263,156911,0.29652478156407136,1.0,0.457414753316719,3475
00370070,torsion_compression,blind_sub,1.9084748089275263,163854,0.29274231938188877,1.0,0.45290127041228206,3475
00370070,torsion_compression,mech_sub,1.9084748089275263,144267,0.35321313952601774,1.0,0.5220362250542967,3475
00370070,bending,grefem,1.9084748089275263,209087,0.5565673619115488,1.0,0.7151214596046187,3905
00370070,bending,blind_sub,1.9084748089275263,201236,0.6906219563100042,1.0,0.8170034154973047,3905
00370070,bending,mech_sub,1.9084748089275263,189458,0.7474796524823444,0.9887323943661972,0.8513445669039906,3905
00370070,torsion,grefem,1.9084748089275263,212205,0.5202987677010438,1.0,0.6844691040404197,3905
00370070,torsion,blind_sub,1.9084748089275263,201537,0.6229674948024432,1.0,0.7676894291444505,3905
00370070,torsion,mech_sub,1.9084748089275263,189376,0.663510687732342,0.9971830985915493,0.7968255785507037,3905
00370070,compression,grefem,1.9084748089275263,206513,0.11438989313021457,1.0,0.2052959988876143,3905
00370070,compression,blind_sub,1.9084748089275263,198992,0.14874969848034092,1.0,0.2589766920977112,3905
00370070,compression,mech_sub,1.9084748089275263,185013,0.19259727694810636,1.0,0.3229879535545625,3905
00370070,bending_compression,grefem,1.9084748089275263,189589,0.5039743866996503,1.0,0.6701901191357137,3475
00370070,bending_compression,blind_sub,1.9084748089275263,185223,0.5774174913482667,1.0,0.7321048416354639,3475
00370070,bending_compression,mech_sub,1.9084748089275263,160522,0.6956429648272511,1.0,0.8205064146839685,3475
00390005,bending,grefem,9.823943921734244,210634,0.16182572614107885,1.0,0.2785714285714286,3882
00390005,bending,blind_sub,9.823943921734244,206223,0.18691416573321112,1.0,0.3149581850642851,3882
00390005,bending,mech_sub,9.823943921734244,99768,0.6268943949963917,1.0,0.7706639065503476,3882
00390005,torsion,grefem,9.823943921734244,223658,0.22196836241046597,1.0,0.36329641460210826,3882
00390005,torsion,blind_sub,9.823943921734244,228175,0.2951024433000986,0.9979392065945389,0.4555062834287,3882
00390005,torsion,mech_sub,9.823943921734244,100699,0.5306904735896086,0.9894384337970118,0.6908434521151432,3882
00390005,compression,grefem,9.823943921734244,223721,0.14345546461887798,1.0,0.25091570079940584,3882
00390005,compression,blind_sub,9.823943921734244,218981,0.201515199948854,1.0,0.33543512384601054,3882
00390005,compression,mech_sub,9.823943921734244,229200,0.2939048865619546,1.0,0.4542913310156695,3882
00390005,bending_compression,grefem,9.823943921734244,223180,0.12564297876153777,1.0,0.22323770703882237,3589
00390005,bending_compression,blind_sub,9.823943921734244,232666,0.1725262823102645,0.9910838673725272,0.2938922716376682,3589
00390005,bending_compression,mech_sub,9.823943921734244,135693,0.3614040517933865,0.983560880468097,0.5285831308463187,3589
00400055,compression,grefem,2.3624618834634727,52184,0.10932469722520313,1.0,0.1971013491336869,4191
00400055,compression,blind_sub,2.3624618834634727,59286,0.07020207131531896,1.0,0.13119404866977682,4191
00400055,compression,mech_sub,2.3624618834634727,52191,0.0726753654844705,1.0,0.1355030008573878,4191
00400070,compression,grefem,2.9071302269604264,84338,0.2645426735279471,1.0,0.4184005475906947,4097
00400070,compression,blind_sub,2.9071302269604264,81257,0.27627158275594715,1.0,0.4329354135729851,4097
00400070,compression,mech_sub,2.9071302269604264,82446,0.3144361157606191,1.0,0.4784349912337363,4097
00390005,torsion_compression,grefem,9.823943921734244,219804,0.09663609397463195,1.0,0.17624095085979796,3589
00390005,torsion_compression,blind_sub,9.823943921734244,225146,0.11091469535323746,0.9607132906101978,0.1988698006128261,3589
00390005,torsion_compression,mech_sub,9.823943921734244,173683,0.26015787382760547,0.9601560323209808,0.40938999490670575,3589
00400055,bending_compression,grefem,2.3624618834634727,91853,0.03572011801465385,1.0,0.06897639119557678,4374
00400055,bending_compression,blind_sub,2.3624618834634727,96032,0.04065311562812396,1.0,0.07813000320204931,4374
00400055,bending_compression,mech_sub,2.3624618834634727,82543,0.04228099293701465,1.0,0.08113165878209525,4374
00400055,torsion_compression,grefem,2.3624618834634727,86983,0.02839635331041698,1.0,0.05522453131812237,4374
00400055,torsion_compression,blind_sub,2.3624618834634727,90997,0.03259448113674077,1.0,0.0631312325064121,4374
00400055,torsion_compression,mech_sub,2.3624618834634727,85429,0.013601938451813787,1.0,0.026838816967121294,4374
00400070,bending,grefem,2.9071302269604264,79244,0.3630684972994801,1.0,0.5327223070869788,4097
00400070,bending,blind_sub,2.9071302269604264,76189,0.34137473913557076,1.0,0.5089923481868529,4097
00400070,bending,mech_sub,2.9071302269604264,77391,0.39562739853471335,1.0,0.5669527539371719,4097
00400070,torsion_compression,grefem,2.9071302269604264,83656,0.30421009849861336,0.9987120041215868,0.4663644534613257,3882
00400070,torsion_compression,blind_sub,2.9071302269604264,80469,0.29504529694665027,0.999227202472952,0.45557220261267894,3882
00400070,torsion_compression,mech_sub,2.9071302269604264,74949,0.35861719302459005,0.9989696032972695,0.5277713012854331,3882
00400055,torsion,grefem,2.3624618834634727,64030,0.07808839606434484,1.0,0.14486455164421266,4191
00400055,torsion,blind_sub,2.3624618834634727,69745,0.05745214710731952,1.0,0.10866146002820264,4191
00400055,torsion,mech_sub,2.3624618834634727,61039,0.09783908648568948,1.0,0.17823939353240512,4191
00400083,bending,grefem,1.165787863472716,28438,0.5056966031366481,1.0,0.6717111562624068,4366
00400083,bending,blind_sub,1.165787863472716,28838,0.21326028157292462,1.0,0.35154910254944555,4366
00400083,bending,mech_sub,1.165787863472716,28748,0.4684847641575066,1.0,0.6380519234413492,4366
00400099,torsion_compression,grefem,10.62945094232574,147021,0.129172023044327,1.0,0.2287906898296509,3995
00400099,torsion_compression,blind_sub,10.62945094232574,137821,0.18254837796852438,0.9992490613266584,0.30870145638586105,3995
00400099,torsion_compression,mech_sub,10.62945094232574,141731,0.49076066633270066,0.9994993742177722,0.658294479544717,3995
00410001,bending_compression,grefem,5.512193985131289,108598,0.32589918783034677,1.0,0.4915896937287311,3961
00410001,bending_compression,blind_sub,5.512193985131289,121306,0.2021581784907589,1.0,0.336325422241118,3961
00410001,bending_compression,mech_sub,5.512193985131289,106444,0.03848972229529142,0.9997475385003787,0.07412564849154223,3961
00400070,torsion,grefem,2.9071302269604264,83865,0.4213795981637155,0.9931657310226996,0.5917092482133758,4097
00400070,torsion,blind_sub,2.9071302269604264,80458,0.4426160232667976,1.0,0.6136297062117688,4097
00400070,torsion,mech_sub,2.9071302269604264,75523,0.5598294559273334,0.9968269465462534,0.7169894220097978,4097
00400055,bending,grefem,2.3624618834634727,40952,0.14778277007227975,1.0,0.2575099991490086,4191
00400055,bending,blind_sub,2.3624618834634727,46081,0.07794969727219461,1.0,0.14462585307913756,4191
00400055,bending,mech_sub,2.3624618834634727,36904,0.15152828961630174,1.0,0.2631777108433735,4191
00410029,bending_compression,grefem,4.390169353595008,57566,0.1556648021401522,1.0,0.2693943812286741,3807
00410029,bending_compression,blind_sub,4.390169353595008,56173,0.18453705516885335,1.0,0.3115766693217511,3807
00410029,bending_compression,mech_sub,4.390169353595008,51429,0.23523692858115072,0.9968479117415288,0.3806482043220296,3807
00410029,bending,grefem,4.390169353595008,77670,0.11338998326252092,1.0,0.20368421661250968,3973
00410029,bending,blind_sub,4.390169353595008,75258,0.17663238459698638,1.0,0.30023376359386117,3973
00410029,bending,mech_sub,4.390169353595008,76706,0.3191927619742915,1.0,0.4839213361004052,3973
00400099,bending_compression,grefem,10.62945094232574,131603,0.2441357719808819,0.9724655819774718,0.3902899414149998,3995
00400099,bending_compression,blind_sub,10.62945094232574,137821,0.3260896380087215,0.9969962453066333,0.49144223943111215,3995
00400099,bending_compression,mech_sub,10.62945094232574,124668,0.699265248500016,0.9989987484355445,0.8226814079984204,3995
00410029,compression,grefem,4.390169353595008,77402,0.11250355287977055,1.0,0.20225293229590058,3973
00410029,compression,blind_sub,4.390169353595008,74605,0.17699886066617518,1.0,0.3007630110465778,3973
00410029,compression,mech_sub,4.390169353595008,73258,0.18307898113516613,1.0,0.3094957886235145,3973
00400070,bending_compression,grefem,2.9071302269604264,83919,0.2598815524493857,0.9997424008243173,0.41252725704438015,3882
00400070,bending_compression,blind_sub,2.9071302269604264,81462,0.262600967322187,1.0,0.4159682656970074,3882
00400070,bending_compression,mech_sub,2.9071302269604264,78577,0.2594906906601168,0.9997424008243173,0.41203467066813865,3882
00410001,torsion_compression,grefem,5.512193985131289,109400,0.14059414990859231,1.0,0.24652791691042705,3961
00410001,torsion_compression,blind_sub,5.512193985131289,121780,0.1242404335687305,1.0,0.22102110875757797,3961
00410001,torsion_compression,mech_sub,5.512193985131289,109815,0.03333788644538542,0.9873769250189346,0.06449805456991885,3961
00400099,bending,grefem,10.62945094232574,136438,0.060452366642724166,1.0,0.11401241308765188,4330
00400099,bending,blind_sub,10.62945094232574,137821,0.05557208262891722,1.0,0.10529282375584273,4330
00400099,bending,mech_sub,10.62945094232574,126396,0.020103484287477453,1.0,0.03941459782684567,4330
00400099,torsion,grefem,10.62945094232574,90628,0.055611952156066555,1.0,0.10536438516536355,4330
00400099,torsion,blind_sub,10.62945094232574,90451,0.05943549546163116,1.0,0.11220219771045739,4330
00400099,torsion,mech_sub,10.62945094232574,86159,0.031732030316043595,1.0,0.06151215506282835,4330
00400083,torsion,grefem,1.165787863472716,92105,0.13498724282069377,1.0,0.2378656565076814,4366
00400083,torsion,blind_sub,1.165787863472716,97530,0.1334973854198708,1.0,0.23554952510176388,4366
00400083,torsion,mech_sub,1.165787863472716,75551,0.05744464004447327,1.0,0.10864803294488741,4366
00410001,torsion,grefem,5.512193985131289,109400,0.21741316270566727,1.0,0.35717235424409655,4250
00410001,torsion,blind_sub,5.512193985131289,121780,0.13703399573000494,1.0,0.2410376404656672,4250
00410001,torsion,mech_sub,5.512193985131289,106276,0.04586171854416801,0.9978823529411764,0.08769314405906631,4250
00400099,compression,grefem,10.62945094232574,90554,0.05856174216489608,1.0,0.11064398009535037,4330
00400099,compression,blind_sub,10.62945094232574,90752,0.0625,1.0,0.11764705882352941,4330
00400099,compression,mech_sub,10.62945094232574,85207,0.07766967502669968,1.0,0.14414375170160632,4330
00410001,compression,grefem,5.512193985131289,108598,0.16962559163152177,1.0,0.2900510947181131,4250
00410001,compression,blind_sub,5.512193985131289,121306,0.14721448238339407,1.0,0.25664683395130927,4250
00410001,compression,mech_sub,5.512193985131289,105856,0.17753363059250302,0.9858823529411764,0.3008851106258842,4250
00410001,bending,grefem,5.512193985131289,109400,0.4497074954296161,1.0,0.6204113544937515,4250
00410001,bending,blind_sub,5.512193985131289,121780,0.30624076202989,1.0,0.4688886933125464,4250
00410001,bending,mech_sub,5.512193985131289,96999,0.10922793018484726,0.9887058823529412,0.19672278211629984,4250
00410029,torsion,grefem,4.390169353595008,77402,0.36256169091237955,0.9969796123835892,0.5317478964333788,3973
00410029,torsion,blind_sub,4.390169353595008,74605,0.5015347496816567,0.9977347092876919,0.6675232723213009,3973
00410029,torsion,mech_sub,4.390169353595008,75794,0.822532126553553,0.9854014598540146,0.8966306775607181,3973
00400083,torsion_compression,grefem,1.165787863472716,102872,0.14731899836690257,1.0,0.2568056461657079,4212
00400083,torsion_compression,blind_sub,1.165787863472716,97530,0.14883625551112478,1.0,0.25910786641200934,4212
00400083,torsion_compression,mech_sub,1.165787863472716,91552,0.2860450891296749,1.0,0.44484457278749784,4212
00400083,bending_compression,grefem,1.165787863472716,102083,0.3252255517569037,1.0,0.4908229415373698,4212
00400083,bending_compression,blind_sub,1.165787863472716,97530,0.31109402235209677,1.0,0.47455638886064855,4212
00400083,bending_compression,mech_sub,1.165787863472716,102305,0.6767802160207224,1.0,0.8072378354115295,4212
00400083,compression,grefem,1.165787863472716,84716,0.16403040747910666,1.0,0.2818318257412891,4366
00400083,compression,blind_sub,1.165787863472716,84107,0.14711022863733103,1.0,0.25648839137645113,4366
00400083,compression,mech_sub,1.165787863472716,92091,0.14286955294219847,1.0,0.25001900273639405,4366
00410029,torsion_compression,grefem,4.390169353595008,57634,0.14536558281569906,1.0,0.2538326364903351,3807
00410029,torsion_compression,blind_sub,4.390169353595008,56173,0.1660940309401314,1.0,0.28487244859014094,3807
00410029,torsion_compression,mech_sub,4.390169353595008,52154,0.1816543314031522,0.9884423430522721,0.3069059794418995,3807
00420062,compression,grefem,0.7356298974899841,64870,0.41866810544165256,1.0,0.5902269936650404,3836
00420062,compression,blind_sub,0.7356298974899841,58645,0.3810043481967772,1.0,0.5517786366049711,3836
00420062,compression,mech_sub,0.7356298974899841,41043,0.019491752552201348,0.6712721584984359,0.03788348117009384,3836
00420062,bending,grefem,0.7356298974899841,61402,0.3681964756848311,1.0,0.5382216402809189,3836
00420062,bending,blind_sub,0.7356298974899841,58645,0.35416489044249294,1.0,0.5230749858339104,3836
00420062,bending,mech_sub,0.7356298974899841,53528,0.24308772978628007,0.3151720542231491,0.274476010444233,3836
00420029,bending,grefem,4.743186539659139,171645,0.1606863002126482,1.0,0.27688153152700956,4225
00420029,bending,blind_sub,4.743186539659139,164143,0.13388326032788483,1.0,0.23614999006012283,4225
00420029,bending,mech_sub,4.743186539659139,162042,0.18835240246355883,0.9926627218934911,0.3166266115456264,4225
00420062,torsion,grefem,0.7356298974899841,93108,0.3454268161704687,1.0,0.5134828769857108,3836
00420062,torsion,blind_sub,0.7356298974899841,93298,0.3861176016634869,1.0,0.5571209848285675,3836
00420062,torsion,mech_sub,0.7356298974899841,45625,0.12039452054794521,0.2596454640250261,0.16450843291590325,3836
00420029,bending_compression,grefem,4.743186539659139,173734,0.19845856309070187,1.0,0.33118969516792895,4081
00420029,bending_compression,blind_sub,4.743186539659139,165633,0.1702438523724137,1.0,0.29095449128364403,4081
00420029,bending_compression,mech_sub,4.743186539659139,161542,0.1349556152579515,0.9002695417789758,0.23472464725746975,4081
00420029,compression,grefem,4.743186539659139,174650,0.17748067563698827,1.0,0.30145832421576785,4225
00420029,compression,blind_sub,4.743186539659139,166061,0.14795165631906348,1.0,0.257766353669412,4225
00420029,compression,mech_sub,4.743186539659139,162454,0.143480616051313,0.9732544378698225,0.25009181153562704,4225
00420029,torsion,grefem,4.743186539659139,173656,0.1433120652324135,1.0,0.2506963227109492,4225
00420029,torsion,blind_sub,4.743186539659139,165612,0.1171654227954496,1.0,0.2097548320145285,4225
00420029,torsion,mech_sub,4.743186539659139,155380,0.10532243531986099,0.9976331360946745,0.19053016127299777,4225
00430053,compression,grefem,2.372925415289976,2209,0.9755545495699411,0.872778297474275,0.9213089949989599,4276
00430053,compression,blind_sub,2.372925415289976,1667,0.9220155968806238,0.8725444340505145,0.8965981224361972,4276
00430053,compression,mech_sub,2.372925415289976,1554,0.9124839124839125,0.872310570626754,0.8919451174000751,4276
00420062,torsion_compression,grefem,0.7356298974899841,68484,0.3210968985456457,1.0,0.4861065057364547,4014
00420062,torsion_compression,blind_sub,0.7356298974899841,66543,0.27699382354267166,1.0,0.43382171226831423,4014
00420062,torsion_compression,mech_sub,0.7356298974899841,46326,8.634460130380347e-05,0.03238664673642252,0.0001722300277754041,4014
00430053,bending_compression,grefem,2.372925415289976,6778,0.2776630274417232,0.9085758434200361,0.4253408407720674,3883
00430053,bending_compression,blind_sub,2.372925415289976,5521,0.6390146712552074,0.9093484419263456,0.7505823288181932,3883
00430053,bending_compression,mech_sub,2.372925415289976,7524,0.6057947900053163,0.9088333762554726,0.7269989249938589,3883
00420062,bending_compression,grefem,0.7356298974899841,85895,0.2289772396530648,1.0,0.3726305618445857,4014
00420062,bending_compression,blind_sub,0.7356298974899841,84762,0.3041339279394068,1.0,0.46641517626943846,4014
00420062,bending_compression,mech_sub,0.7356298974899841,42416,9.43040362127499e-05,0.026905829596412557,0.0001879493163343618,4014
00430053,torsion_compression,grefem,2.372925415289976,12339,0.3073993030229354,0.42003605459696114,0.3549972903436386,3883
00430053,torsion_compression,blind_sub,2.372925415289976,12704,0.39995277078085645,0.3940252382178728,0.39696687816722004,3883
00430053,torsion_compression,mech_sub,2.372925415289976,13921,0.3417857912506285,0.37702807107906255,0.3585429952054859,3883
00430053,bending,grefem,2.372925415289976,6180,0.6961165048543689,0.8500935453695042,0.765438237212593,4276
00430053,bending,blind_sub,2.372925415289976,5599,0.7879978567601358,0.8503274087932647,0.8179769790062511,4276
00430053,bending,mech_sub,2.372925415289976,7130,0.9841514726507714,0.8538353601496725,0.9143736093171854,4276
00420029,torsion_compression,grefem,4.743186539659139,143831,0.16359477442276005,0.9830923793187945,0.2805102952564182,4081
00420029,torsion_compression,blind_sub,4.743186539659139,120331,0.1325925987484522,0.9884832148983093,0.23382104347831176,4081
00420029,torsion_compression,mech_sub,4.743186539659139,135143,0.11089734577447592,0.9436412643959814,0.19847032735552367,4081
00430053,torsion,grefem,2.372925415289976,2209,0.8632865550022635,0.5792797006548176,0.6933260433618755,4276
00430053,torsion,blind_sub,2.372925415289976,1667,0.9346130773845231,0.5832553788587465,0.7182679135258117,4276
00430053,torsion,mech_sub,2.372925415289976,2565,0.9582846003898635,0.5774087932647334,0.7206151397168017,4276
00430054,torsion,grefem,1.179364653437068,5115,0.7227761485826002,0.5351534187001691,0.6149726295160246,4139
00430054,torsion,blind_sub,1.179364653437068,3606,0.6433721575152523,0.3329306595796086,0.4387948349756663,4139
00430054,torsion,mech_sub,1.179364653437068,3497,0.7128967686588504,0.49045663203672385,0.5811176466434183,4139
00430054,compression,grefem,1.179364653437068,4153,0.8880327474115097,0.5496496738342594,0.679019097341299,4139
00430054,compression,blind_sub,1.179364653437068,2609,0.9931008049060943,0.9318676008697753,0.9615102894290688,4139
00430054,compression,mech_sub,1.179364653437068,2606,0.9915579432079816,0.9540951920753805,0.9724659027068651,4139
00430057,bending,grefem,3.0083354963603486,4377,0.568882796435915,0.7256923983500294,0.6377905626314925,3394
00430057,bending,blind_sub,3.0083354963603486,4765,0.6713536201469045,0.8674130819092516,0.7568930519804129,3394
00430057,bending,mech_sub,3.0083354963603486,6468,0.6272418058132344,0.9133765468473777,0.7437376734382097,3394
00430057,compression,grefem,3.0083354963603486,4377,0.5684258624628741,0.9012964054213317,0.6971659854127931,3394
00430057,compression,blind_sub,3.0083354963603486,4765,0.6484784889821616,0.9428403064230996,0.7684339040374643,3394
00430057,compression,mech_sub,3.0083354963603486,6195,0.596771589991929,0.9672952268709487,0.7381453328051621,3394
00430057,bending_compression,grefem,3.0083354963603486,7678,0.4588434488147955,0.27622169249106077,0.3448470261966114,3356
00430057,bending_compression,blind_sub,3.0083354963603486,7802,0.37836452191745706,0.40822407628128726,0.3927275523979527,3356
00430057,bending_compression,mech_sub,3.0083354963603486,8196,0.3476085895558809,0.39183551847437426,0.3683994244746935,3356
00430057,torsion,grefem,3.0083354963603486,5039,0.591387179996031,0.8367707719505009,0.6929982869926075,3394
00430057,torsion,blind_sub,3.0083354963603486,5045,0.6112983151635283,0.8461991750147319,0.7098195824899937,3394
00430057,torsion,mech_sub,3.0083354963603486,5874,0.5549880830779708,0.8700648202710666,0.6776949902996661,3394
00430057,torsion_compression,grefem,3.0083354963603486,4377,0.4713273931916838,0.799165673420739,0.5929488062237182,3356
00430057,torsion_compression,blind_sub,3.0083354963603486,4765,0.34963273871983214,0.8286650774731824,0.4917745523020995,3356
00430057,torsion_compression,mech_sub,3.0083354963603486,4579,0.3291111596418432,0.8957091775923719,0.4813569422025308,3356
00430054,torsion_compression,grefem,1.179364653437068,4153,0.5718757524680953,0.6131171702284451,0.5917787969190966,4071
00430054,torsion_compression,blind_sub,1.179364653437068,2609,0.7393637408968954,0.5357406042741342,0.6212937456084934,4071
00430054,torsion_compression,mech_sub,1.179364653437068,2434,0.7547247329498767,0.5354949643822157,0.6264844581509224,4071
00460016,bending_compression,grefem,2.4380258002545143,123334,0.12051826746882449,0.9997459994919989,0.21510577338066172,3937
00460016,bending_compression,blind_sub,2.4380258002545143,113765,0.11791851623961676,0.9974599949199898,0.21090419338823002,3937
00460016,bending_compression,mech_sub,2.4380258002545143,129622,0.0777182885621268,0.9979679959359918,0.14420629100074103,3937
00430054,bending,grefem,1.179364653437068,4153,0.7941247291114857,0.6494322300072481,0.7145269751539534,4139
00430054,bending,blind_sub,1.179364653437068,2609,0.9279417401303182,0.9842957236047355,0.9552883508312637,4139
00430054,bending,mech_sub,1.179364653437068,2778,0.949244060475162,0.9485382942739792,0.948891046140889,4139
00430054,bending_compression,grefem,1.179364653437068,4153,0.9402841319528052,0.49545566199950875,0.6489603464731768,4071
00430054,bending_compression,blind_sub,1.179364653437068,2609,0.93560751245688,0.7609923851633505,0.8393141995116202,4071
00430054,bending_compression,mech_sub,1.179364653437068,2797,0.9145513049696103,0.8273151559813313,0.8687487502466733,4071
00440061,bending,grefem,2.221012513261041,164496,0.35514541387024606,1.0,0.5241436236070985,3739
00440061,bending,blind_sub,2.221012513261041,155006,0.3411803414061391,1.0,0.5087762336993905,3739
00440061,bending,mech_sub,2.221012513261041,156164,0.21059271022770934,0.9438352500668628,0.3443520603387155,3739
00460016,compression,grefem,2.4380258002545143,121101,0.11149371186034797,0.9997627520759194,0.20061482443723974,4215
00460016,compression,blind_sub,2.4380258002545143,113973,0.10695515604573012,1.0,0.193242075727432,4215
00460016,compression,mech_sub,2.4380258002545143,122077,0.10827592421176799,1.0,0.19539524742229944,4215
00440061,compression,grefem,2.221012513261041,130702,0.3777294915150495,0.9997325488098422,0.5482960056364495,3739
00440061,compression,blind_sub,2.221012513261041,130975,0.40258828020614623,1.0,0.5740647998954841,3739
00440061,compression,mech_sub,2.221012513261041,120452,0.20317636901006209,0.9946509761968441,0.33742688307233565,3739
00460016,bending,grefem,2.4380258002545143,122573,0.14415899096864726,0.999288256227758,0.2519685749523146,4215
00460016,bending,blind_sub,2.4380258002545143,115221,0.13162531135817254,1.0,0.2326305536594906,4215
00460016,bending,mech_sub,2.4380258002545143,124219,0.12261409285214017,0.9919335705812574,0.21825003796021727,4215
00440061,torsion,grefem,2.221012513261041,186332,0.4411641585986304,1.0,0.6122330422477517,3739
00440061,torsion,blind_sub,2.221012513261041,192980,0.42159291118250597,1.0,0.5931274809633338,3739
00440061,torsion,mech_sub,2.221012513261041,179474,0.4221447117688356,0.9997325488098422,0.5936262156573135,3739
00460016,torsion,grefem,2.4380258002545143,121101,0.28232632265629515,1.0,0.44033459762639177,4215
00460016,torsion,blind_sub,2.4380258002545143,113973,0.29021785861563704,1.0,0.44987419245154714,4215
00460016,torsion,mech_sub,2.4380258002545143,124345,0.28578551610438696,1.0,0.44453061964836343,4215
00460087,torsion_compression,grefem,2.2542204506184578,85574,0.22897141655175637,0.45468509984639016,0.3045678316512189,3906
00460087,torsion_compression,blind_sub,2.2542204506184578,82323,0.1726127570666764,1.0,0.2944070939471476,3906
00460087,torsion_compression,mech_sub,2.2542204506184578,96509,0.18797210622843466,1.0,0.3164587876144788,3906
00440061,bending_compression,grefem,2.221012513261041,158496,0.4147675651120533,1.0,0.5863402234263162,3415
00440061,bending_compression,blind_sub,2.221012513261041,155006,0.41200340631975535,1.0,0.5835728220990638,3415
00440061,bending_compression,mech_sub,2.221012513261041,157953,0.27312555000538136,0.9903367496339678,0.42816674389339265,3415
00460087,compression,grefem,2.2542204506184578,196036,0.4490450733538738,1.0,0.6197806839983806,3856
00460087,compression,blind_sub,2.2542204506184578,183625,0.47415656909462217,1.0,0.6432920071520399,3856
00460087,compression,mech_sub,2.2542204506184578,183399,0.439822463590314,0.9987033195020747,0.6106976455228627,3856
00460087,torsion,grefem,2.2542204506184578,196036,0.24693423656879349,1.0,0.39606617466577215,3856
00460087,torsion,blind_sub,2.2542204506184578,183625,0.21084819605173588,1.0,0.3482652850113789,3856
00460087,torsion,mech_sub,2.2542204506184578,175490,0.39117898455752464,1.0,0.5623704626072139,3856
00460087,bending,grefem,2.2542204506184578,199534,0.47153367345915986,1.0,0.6408737794640029,3856
00460087,bending,blind_sub,2.2542204506184578,183625,0.49613070115724983,1.0,0.6632183949884795,3856
00460087,bending,mech_sub,2.2542204506184578,176497,0.5176915188360142,1.0,0.6822091477892095,3856
00440061,torsion_compression,grefem,2.221012513261041,183712,0.17293372234802298,1.0,0.2948738177666812,3415
00440061,torsion_compression,blind_sub,2.221012513261041,186402,0.15885559167820087,1.0,0.2741594255901265,3415
00440061,torsion_compression,mech_sub,2.221012513261041,178386,0.09370129942932741,0.9633967789165446,0.17079121020021895,3415
00460090,torsion,grefem,2.928292252834596,20568,0.6727926876701672,1.0,0.8043945823402894,4015
00460090,torsion,blind_sub,2.928292252834596,6553,0.1725927056310087,0.035118306351183064,0.05836150382675887,4015
00460090,torsion,mech_sub,2.928292252834596,18815,0.23385596598458677,0.09165628891656288,0.13169623976003175,4015
00460090,compression,grefem,2.928292252834596,13859,0.5480914928927051,0.9621419676214197,0.698358023704265,4015
00460090,compression,blind_sub,2.928292252834596,3577,0.18674867207156837,0.10286425902864259,0.13265819108455443,4015
00460090,compression,mech_sub,2.928292252834596,13170,0.2466211085801063,0.13275217932752179,0.1725977588603976,4015
00460090,bending_compression,grefem,2.928292252834596,20568,0.40198366394399065,1.0,0.5734498543487307,4244
00460090,bending_compression,blind_sub,2.928292252834596,6480,0.09058641975308641,0.1644674835061263,0.11682644575314201,4244
00460090,bending_compression,mech_sub,2.928292252834596,20474,0.09915014164305949,0.18614514608859567,0.1293839638754358,4244
00460089,torsion,grefem,2.307176061926662,216399,0.2460824680335861,1.0,0.3949697942896559,3414
00460089,torsion,blind_sub,2.307176061926662,205220,0.24823603937238087,1.0,0.3977389396595137,3414
00460089,torsion,mech_sub,2.307176061926662,212049,0.452376573339181,1.0,0.6229466677490055,3414
00460089,bending,grefem,2.307176061926662,216247,0.14795118544997157,1.0,0.25776563903625915,3414
00460089,bending,blind_sub,2.307176061926662,205317,0.1477227896374874,1.0,0.2574189359508078,3414
00460089,bending,mech_sub,2.307176061926662,148006,0.022269367458076023,0.8116578793204452,0.043349363231994745,3414
00460016,torsion_compression,grefem,2.4380258002545143,123659,0.1173549842712621,1.0,0.21005855063653012,3937
00460016,torsion_compression,blind_sub,2.4380258002545143,114617,0.10582199848190059,1.0,0.19139065532640082,3937
00460016,torsion_compression,mech_sub,2.4380258002545143,133465,0.08300303450342786,0.9972059944119889,0.15325019759242284,3937
00460090,bending,grefem,2.928292252834596,20568,0.5730746791131855,1.0,0.7286045433472416,4015
00460090,bending,blind_sub,2.928292252834596,6520,0.02822085889570552,0.0547945205479452,0.03725450496051832,4015
00460090,bending,mech_sub,2.928292252834596,22078,0.30297128363076364,0.9504358655043587,0.4594752381606668,4015
00460090,torsion_compression,grefem,2.928292252834596,13978,0.4238803834597224,1.0,0.5953876300055267,4244
00460090,torsion_compression,blind_sub,2.928292252834596,3665,0.1626193724420191,0.24269557021677662,0.1947473293938462,4244
00460090,torsion_compression,mech_sub,2.928292252834596,12857,0.12701252236135957,0.25,0.16844602609727166,4244
00460089,compression,grefem,2.307176061926662,216399,0.27138295463472567,1.0,0.4269098522131678,3414
00460089,compression,blind_sub,2.307176061926662,205220,0.27057791638241885,1.0,0.4259131421909276,3414
00460089,compression,mech_sub,2.307176061926662,129844,0.19373247897476972,0.8318687756297598,0.31427418669959206,3414
00460089,torsion_compression,grefem,2.307176061926662,216399,0.09497733353666145,1.0,0.17347817279449002,2856
00460089,torsion_compression,blind_sub,2.307176061926662,205220,0.10372283403177078,1.0,0.18795087105860328,2856
00460089,torsion_compression,mech_sub,2.307176061926662,131045,0.07097561906215422,0.967436974789916,0.13224885483065266,2856
00460087,bending_compression,grefem,2.2542204506184578,196036,0.18186455548980798,1.0,0.30775870998929594,3906
00460087,bending_compression,blind_sub,2.2542204506184578,183625,0.20654050374404356,1.0,0.3423681229152656,3906
00460087,bending_compression,mech_sub,2.2542204506184578,180859,0.2660083269287124,1.0,0.42023155973079324,3906
00460091,compression,grefem,1.0641648851269705,2690,0.25464684014869887,1.0,0.40592592592592597,4112
00460091,compression,blind_sub,1.0641648851269705,236,0.029661016949152543,0.1879863813229572,0.051237619074673786,4112
00460091,compression,mech_sub,1.0641648851269705,419,0.021479713603818614,0.5228599221789884,0.04126424256124061,4112
00460089,bending_compression,grefem,2.307176061926662,216399,0.28640150832489986,1.0,0.44527545478058456,2856
00460089,bending_compression,blind_sub,2.307176061926662,205220,0.27755579378228246,1.0,0.4345106415439774,2856
00460089,bending_compression,mech_sub,2.307176061926662,130712,0.23196034029010343,0.8333333333333334,0.3629051563173265,2856
00460091,torsion,grefem,1.0641648851269705,68990,0.38454848528772284,1.0,0.5554857621440537,4112
00460091,torsion,blind_sub,1.0641648851269705,64409,0.34121007933673864,1.0,0.5088092978028846,4112
00460091,torsion,mech_sub,1.0641648851269705,71242,0.4347996968080627,1.0,0.606077207536833,4112
00460091,bending,grefem,1.0641648851269705,14183,0.205950786152436,0.9990272373540856,0.3415007425978282,4112
00460091,bending,blind_sub,1.0641648851269705,15061,0.06062014474470487,0.996352140077821,0.11428683952362186,4112
00460091,bending,mech_sub,1.0641648851269705,15138,0.04439159730479588,0.9980544747081712,0.08500244476712576,4112
00460091,bending_compression,grefem,1.0641648851269705,2690,0.30966542750929366,0.9986631016042781,0.4727427850336218,3740
00460091,bending_compression,blind_sub,1.0641648851269705,236,0.07627118644067797,0.6454545454545455,0.13642186165670367,3740
00460091,bending_compression,mech_sub,1.0641648851269705,306,0.19934640522875818,0.8109625668449197,0.32002580783541107,3740
00460091,torsion_compression,grefem,1.0641648851269705,2690,0.26022304832713755,0.8224598930481284,0.39535677956454207,3740
00460091,torsion_compression,blind_sub,1.0641648851269705,236,0.2457627118644068,0.6328877005347594,0.3540434179376222,3740
00460091,torsion_compression,mech_sub,1.0641648851269705,300,0.20666666666666667,0.6101604278074866,0.3087552374301676,3740
00470072,compression,grefem,5.439733020878516,31262,0.9594715629198388,0.7803988326848249,0.8607198439475761,4112
00470072,compression,blind_sub,5.439733020878516,28955,0.9572094629597652,0.7716439688715954,0.8544679328395145,4112
00470072,compression,mech_sub,5.439733020878516,27639,0.9657368211585079,0.6293774319066148,0.7620933224443887,4112
00470031,bending,grefem,1.4367155976142594,19765,0.14788768024285354,0.9706672175170419,0.25666996474444737,4841
00470031,bending,blind_sub,1.4367155976142594,22867,0.20912231600122447,1.0,0.34590762776230605,4841
00470031,bending,mech_sub,1.4367155976142594,22606,0.21697779350614882,1.0,0.3565846388717241,4841
00470031,compression,grefem,1.4367155976142594,45637,0.1471174704735193,0.999793431109275,0.25649260178423594,4841
00470031,compression,blind_sub,1.4367155976142594,47066,0.1393362512216887,1.0,0.2445919737431001,4841
00470031,compression,mech_sub,1.4367155976142594,53020,0.11154281403244058,1.0,0.20069908711439916,4841
00470031,bending_compression,grefem,1.4367155976142594,34727,0.15685201716243846,0.9956331877729258,0.27100924712488733,4580
00470031,bending_compression,blind_sub,1.4367155976142594,40014,0.20550307392412656,1.0,0.34094160084582376,4580
00470031,bending_compression,mech_sub,1.4367155976142594,40309,0.20365178992284602,1.0,0.3383898759223381,4580
00470072,bending_compression,grefem,5.439733020878516,31262,0.4931866163393257,0.7858917039244908,0.6060477519276913,4026
00470072,bending_compression,blind_sub,5.439733020878516,28955,0.48554653773096185,0.8027819175360159,0.6051065301229569,4026
00470072,bending_compression,mech_sub,5.439733020878516,24236,0.7414589866314574,0.6544957774465971,0.6952686267317862,4026
00470072,torsion_compression,grefem,5.439733020878516,31262,0.5047661697908004,0.9582712369597616,0.6612310794912428,4026
00470072,torsion_compression,blind_sub,5.439733020878516,28955,0.49780694180625107,0.9600099354197715,0.6556373677938132,4026
00470072,torsion_compression,mech_sub,5.439733020878516,25581,0.6876197177592744,0.899652260307998,0.7794740181424162,4026
00470072,bending,grefem,5.439733020878516,31262,0.9080033267225386,0.6519941634241245,0.7589920793233141,4112
00470072,bending,blind_sub,5.439733020878516,28955,0.9041270937661889,0.6429961089494164,0.7515241220181847,4112
00470072,bending,mech_sub,5.439733020878516,23604,0.9705558379935604,0.3477626459143969,0.5120508744256832,4112
00470031,torsion,grefem,1.4367155976142594,19056,0.539620067170445,0.9942160710596984,0.6995518356559569,4841
00470031,torsion,blind_sub,1.4367155976142594,22965,0.4667973002394949,1.0,0.6364850823808816,4841
00470031,torsion,mech_sub,1.4367155976142594,21551,0.5016008537886874,0.9993802933278249,0.6679497731944712,4841
00470088,compression,grefem,2.6732144969190124,98252,0.3338049098237186,1.0,0.5005303359811979,4102
00470088,compression,blind_sub,2.6732144969190124,92918,0.3322929895176392,1.0,0.4988286992907572,4102
00470088,compression,mech_sub,2.6732144969190124,93141,0.3700733296829538,1.0,0.5402241203667424,4102
00470088,torsion,grefem,2.6732144969190124,93286,0.4737581201895247,0.8622623110677718,0.6115232402805544,4102
00470088,torsion,blind_sub,2.6732144969190124,92918,0.4479756344303579,0.8542174549000487,0.5877294380315056,4102
00470088,torsion,mech_sub,2.6732144969190124,62798,0.7604541545909106,0.855436372501219,0.8051537310852005,4102
00470072,torsion,grefem,5.439733020878516,31262,0.7657859381997313,0.7378404669260701,0.7515535139321196,4112
00470072,torsion,blind_sub,5.439733020878516,28955,0.7692626489380072,0.7047665369649806,0.7356035800287447,4112
00470072,torsion,mech_sub,5.439733020878516,23974,0.4657128555935597,0.3842412451361868,0.42107235521438274,4112
00480056,bending,grefem,6.451799872641506,842,0.5641330166270784,0.058337506259389084,0.10574031115883929,3994
00480056,bending,blind_sub,6.451799872641506,1130,0.5893805309734513,0.1269404106159239,0.20889018390220096,3994
00480056,bending,mech_sub,6.451799872641506,504,0.8829365079365079,0.10766149223835754,0.19192096487048974,3994
00470088,bending,grefem,2.6732144969190124,87739,0.24882891302613433,1.0,0.39849960299714343,4102
00470088,bending,blind_sub,2.6732144969190124,92918,0.23534729546481845,1.0,0.38102207586291015,4102
00470088,bending,mech_sub,2.6732144969190124,69554,0.4054547545791759,0.9719648951730863,0.5722116540196843,4102
00470031,torsion_compression,grefem,1.4367155976142594,46456,0.08362751851214052,0.9980349344978166,0.15432390156138812,4580
00470031,torsion_compression,blind_sub,1.4367155976142594,49256,0.17171512100048725,1.0,0.2931004608933708,4580
00470031,torsion_compression,mech_sub,1.4367155976142594,52985,0.1527602151552326,1.0,0.2650338086740124,4580
00470088,bending_compression,grefem,2.6732144969190124,87739,0.2659820604292276,1.0,0.4201987828153697,3819
00470088,bending_compression,blind_sub,2.6732144969190124,92918,0.2902128758690458,1.0,0.4498682059324013,3819
00470088,bending_compression,mech_sub,2.6732144969190124,77360,0.256346949327818,1.0,0.4080830529575784,3819
00480056,torsion,grefem,6.451799872641506,299,0.2140468227424749,0.08412618928392589,0.1207818467760054,3994
00480056,torsion,blind_sub,6.451799872641506,154,0.9805194805194806,0.17976965448172258,0.30383400638393865,3994
00480056,torsion,mech_sub,6.451799872641506,536,0.9701492537313433,0.16374561842764146,0.280198267793348,3994
00470088,torsion_compression,grefem,2.6732144969190124,98290,0.188208363007427,0.9895260539408222,0.31626328667201464,3819
00470088,torsion_compression,blind_sub,2.6732144969190124,92918,0.19145913601239803,0.9895260539408222,0.32084026956641476,3819
00470088,torsion_compression,mech_sub,2.6732144969190124,95812,0.15445873168287896,0.9895260539408222,0.26720799293765873,3819
00480056,torsion_compression,grefem,6.451799872641506,299,0.08695652173913043,0.034784723911457066,0.049691599339761965,4111
00480056,torsion_compression,blind_sub,6.451799872641506,166,0.9759036144578314,0.06275845293116031,0.11793287340754223,4111
00480056,torsion_compression,mech_sub,6.451799872641506,638,0.0,0.0,0.0,4111
00480056,compression,grefem,6.451799872641506,1132,0.8365724381625441,0.9106159238858288,0.8720252495062284,3994
00480056,compression,blind_sub,6.451799872641506,1463,0.7792207792207793,0.9073610415623435,0.8384230982787341,3994
00480056,compression,mech_sub,6.451799872641506,898,0.8363028953229399,0.85728592889334,0.8466644255105901,3994
00480056,bending_compression,grefem,6.451799872641506,299,0.24749163879598662,0.16881537338846997,0.20071914328148205,4111
00480056,bending_compression,blind_sub,6.451799872641506,176,0.4772727272727273,0.20311359766480175,0.28495746357793467,4111
00480056,bending_compression,mech_sub,6.451799872641506,142,0.8380281690140845,0.14886888834833373,0.2528254005724571,4111
00490039,compression,grefem,5.994764706604132,149093,0.22017130247563602,1.0,0.3608858887746745,4141
00490039,compression,blind_sub,5.994764706604132,163590,0.21780059905862217,1.0,0.3576950105411103,4141
00490039,compression,mech_sub,5.994764706604132,152618,0.23738353274187843,1.0,0.3836862645421955,4141
00490039,torsion_compression,grefem,5.994764706604132,157858,0.12655044406998694,0.9923684927773235,0.2244750165653357,3669
00490039,torsion_compression,blind_sub,5.994764706604132,163590,0.1476801760498808,0.9880076315072227,0.2569529055233358,3669
00490039,torsion_compression,mech_sub,5.994764706604132,144194,0.07475345714800893,0.9929136004360861,0.13903908293251424,3669
00490039,bending_compression,grefem,5.994764706604132,165172,0.3270106313418739,0.9978195693649495,0.4925878156600333,3669
00490039,bending_compression,blind_sub,5.994764706604132,163590,0.38034109664404914,0.9970019078768056,0.5506265291266188,3669
00490039,bending_compression,mech_sub,5.994764706604132,156020,0.33222663761056276,0.9904606159716544,0.49755888890403627,3669
00490066,bending,grefem,2.642670352697967,36594,0.22580204405093732,0.9997720537953043,0.36839971361781443,4387
00490066,bending,blind_sub,2.642670352697967,38086,0.22433440109226488,1.0,0.36645936092644216,4387
00490066,bending,mech_sub,2.642670352697967,40711,0.24899904202795314,0.9997720537953043,0.3986996247334405,4387
00490039,bending,grefem,5.994764706604132,142457,0.1489923275093537,1.0,0.25934433841228727,4141
00490039,bending,blind_sub,5.994764706604132,138771,0.16295191358425032,1.0,0.280238437515491,4141
00490039,bending,mech_sub,5.994764706604132,128105,0.17796338940712697,0.9966191741125332,0.30199958978061114,4141
00490039,torsion,grefem,5.994764706604132,162008,0.18922522344575576,1.0,0.31823277830835034,4141
00490039,torsion,blind_sub,5.994764706604132,163590,0.21447521242129713,1.0,0.3531981718979645,4141
00490039,torsion,mech_sub,5.994764706604132,154217,0.2890731890777281,0.9963776865491427,0.4481323725983525,4141
00490066,bending_compression,grefem,2.642670352697967,36594,0.5014209979778106,0.9981549815498155,0.6675165164260504,3794
00490066,bending_compression,blind_sub,2.642670352697967,37906,0.3736083997256371,1.0,0.5439809479910886,3794
00490066,bending_compression,mech_sub,2.642670352697967,37916,0.4216162042409537,0.7698998418555614,0.5448558582694217,3794
00490066,compression,grefem,2.642670352697967,35436,0.37270007901569024,0.9997720537953043,0.5429838822068124,4387
00490066,compression,blind_sub,2.642670352697967,36507,0.33434683759279044,1.0,0.5011393262578777,4387
00490066,compression,mech_sub,2.642670352697967,26418,0.36902869255810433,1.0,0.5391102386153123,4387
00490066,torsion,grefem,2.642670352697967,32323,0.2293413358908517,0.98518349669478,0.37206863650302663,4387
00490066,torsion,blind_sub,2.642670352697967,33330,0.2384038403840384,1.0,0.3850179280938076,4387
00490066,torsion,mech_sub,2.642670352697967,32902,0.3656920551942131,0.9972646455436517,0.5351479729384698,4387
00490052,compression,grefem,1.8971462712930376,4546,0.4700835899692037,0.3688853247794707,0.4133810793484187,4988
00490052,compression,blind_sub,1.8971462712930376,826,0.24455205811138014,0.8901363271852446,0.38369066544371183,4988
00490052,compression,mech_sub,1.8971462712930376,3876,0.09623323013415892,0.3267842822774659,0.14868182104968158,4988
00490066,torsion_compression,grefem,2.642670352697967,35446,0.21599052079219094,0.9894570374275171,0.3545792421382396,3794
00490066,torsion_compression,blind_sub,2.642670352697967,36247,0.1802907826854636,1.0,0.3055023140573138,3794
00490066,torsion_compression,mech_sub,2.642670352697967,36928,0.30155979202772965,0.978123352662098,0.46099329514532544,3794
00510024,torsion_compression,grefem,10.505350163790734,236100,0.1576027107157984,1.0,0.27229153708243387,3311
00510024,torsion_compression,blind_sub,10.505350163790734,248815,0.15230593010871532,1.0,0.26434981566804205,3311
00510024,torsion_compression,mech_sub,10.505350163790734,212308,0.13081466548599205,1.0,0.2313635814579246,3311
00490052,bending_compression,grefem,1.8971462712930376,6275,0.7572908366533865,0.9806105610561056,0.8546024454460556,4848
00490052,bending_compression,blind_sub,1.8971462712930376,1377,0.20261437908496732,0.719059405940594,0.3161460756005301,4848
00490052,bending_compression,mech_sub,1.8971462712930376,6229,0.03098410659816985,0.3620049504950495,0.0570825053408203,4848
00510024,bending,grefem,10.505350163790734,236100,0.1786912325285896,1.0,0.3032027855933939,3903
00510024,bending,blind_sub,10.505350163790734,248682,0.17038627644944146,1.0,0.2911624646972727,3903
00510024,bending,mech_sub,10.505350163790734,208681,0.4478654022167806,0.9994875736612862,0.6185580320058671,3903
00490052,torsion_compression,grefem,1.8971462712930376,16292,0.5470169408298552,0.8857260726072608,0.676335060938172,4848
00490052,torsion_compression,blind_sub,1.8971462712930376,15109,0.262558739823946,0.7881600660066007,0.39389856270189355,4848
00490052,torsion_compression,mech_sub,1.8971462712930376,17712,0.03940831074977416,0.4837046204620462,0.07287903187601094,4848
00520006,bending_compression,grefem,3.4868671952757344,61736,0.526775301282882,1.0,0.6900495453918543,3908
00520006,bending_compression,blind_sub,3.4868671952757344,61348,0.49268109799830473,1.0,0.6601290773481266,3908
00520006,bending_compression,mech_sub,3.4868671952757344,68251,0.5137507142752488,1.0,0.6787784929584282,3908
00490052,torsion,grefem,1.8971462712930376,6275,0.6210358565737052,0.7257417802726543,0.6693186103362226,4988
00490052,torsion,blind_sub,1.8971462712930376,1377,0.2679738562091503,0.9141940657578188,0.4144590706149937,4988
00490052,torsion,mech_sub,1.8971462712930376,5790,0.18272884283246976,0.7111066559743384,0.29074633207142947,4988
00520006,compression,grefem,3.4868671952757344,60462,0.42216598855479476,1.0,0.5936943956644609,4033
00520006,compression,blind_sub,3.4868671952757344,59114,0.2866326081808032,1.0,0.4455547082489679,4033
00520006,compression,mech_sub,3.4868671952757344,63017,0.3380833743275624,1.0,0.5053248262612366,4033
00510024,compression,grefem,10.505350163790734,236100,0.18790343074968233,1.0,0.31636145815505734,3903
00510024,compression,blind_sub,10.505350163790734,249830,0.1790177320577993,1.0,0.30367267122497066,3903
00510024,compression,mech_sub,10.505350163790734,226840,0.33030329747839887,1.0,0.49658344545111116,3903
00520006,bending,grefem,3.4868671952757344,49692,0.3952346454157611,1.0,0.5665493567183985,4033
00520006,bending,blind_sub,3.4868671952757344,49127,0.25533820506035376,1.0,0.40680384621621185,4033
00520006,bending,mech_sub,3.4868671952757344,51881,0.31481659952583796,1.0,0.47887530418975577,4033
00490052,bending,grefem,1.8971462712930376,1134,0.8395061728395061,0.6617882919005613,0.7401284281157006,4988
00490052,bending,blind_sub,1.8971462712930376,1092,0.0989010989010989,0.5783881315156375,0.16891814967455687,4988
00490052,bending,mech_sub,1.8971462712930376,862,0.06612529002320186,0.6032477947072975,0.11918595560781273,4988
00510024,torsion,grefem,10.505350163790734,236100,0.2919102075391783,0.9994875736612862,0.45185244904026295,3903
00510024,torsion,blind_sub,10.505350163790734,250468,0.2824991615695418,1.0,0.44054478947778036,3903
00510024,torsion,mech_sub,10.505350163790734,220766,0.4896315555837403,1.0,0.6573861217539378,3903
00520020,bending_compression,grefem,2.596683188316929,33689,0.3659651518299742,1.0,0.5358338041635882,4409
00520020,bending_compression,blind_sub,2.596683188316929,37139,0.3378927811734295,1.0,0.5051118982450491,4409
00520020,bending_compression,mech_sub,2.596683188316929,35598,0.45525029496039104,0.9988659559990928,0.6254438333859873,4409
00520006,torsion,grefem,3.4868671952757344,70757,0.3332956456605,1.0,0.4999576001695993,4033
00520006,torsion,blind_sub,3.4868671952757344,71257,0.2631180094587198,1.0,0.4166166699997778,4033
00520006,torsion,mech_sub,3.4868671952757344,66554,0.2017760014424377,1.0,0.3357963567258042,4033
00510024,bending_compression,grefem,10.505350163790734,236100,0.19677678949597627,0.9842947749924494,0.3279841316382427,3311
00510024,bending_compression,blind_sub,10.505350163790734,249323,0.2091102706128195,1.0,0.3458911493768638,3311
00510024,bending_compression,mech_sub,10.505350163790734,223533,0.127135590718149,0.8740561763817578,0.22198274487818997,3311
00520006,torsion_compression,grefem,3.4868671952757344,86666,0.46064200493849955,0.9994882292732856,0.6306372555779803,3908
00520006,torsion_compression,blind_sub,3.4868671952757344,87508,0.41872743063491336,0.9982088024564995,0.5899734897424961,3908
00520006,torsion_compression,mech_sub,3.4868671952757344,81719,0.3900072198631897,0.8490276356192425,0.5344916751772089,3908
00520020,torsion,grefem,2.596683188316929,84436,0.35559477000331613,1.0,0.52463284437494,4446
00520020,torsion,blind_sub,2.596683188316929,90662,0.28044825836623943,1.0,0.438046998828475,4446
00520020,torsion,mech_sub,2.596683188316929,80885,0.1999876367682512,1.0,0.3333161620012157,4446
00520020,compression,grefem,2.596683188316929,14326,0.3752617618316348,0.9856050382366172,0.5435651499474585,4446
00520020,compression,blind_sub,2.596683188316929,14020,0.3313124108416548,1.0,0.49772301098312355,4446
00520020,compression,mech_sub,2.596683188316929,14232,0.33558178752107926,0.9997750787224472,0.5024968478733548,4446
00520020,bending,grefem,2.596683188316929,162696,0.09289718247529134,1.0,0.17000168719419606,4446
00520020,bending,blind_sub,2.596683188316929,163749,0.07214089857037295,1.0,0.13457354097128083,4446
00520020,bending,mech_sub,2.596683188316929,145357,0.1689426721795304,1.0,0.2890521087138199,4446
00520092,torsion,grefem,6.492836220532536,125747,0.643275783915322,1.0,0.7829188383493759,4025
00520092,torsion,blind_sub,6.492836220532536,115717,0.6774631212354278,1.0,0.8077234159836383,4025
00520092,torsion,mech_sub,6.492836220532536,118691,0.7134323579715396,1.0,0.8327522877134667,4025
00520020,torsion_compression,grefem,2.596683188316929,178553,0.2580410298342789,1.0,0.41022673142587485,4409
00520020,torsion_compression,blind_sub,2.596683188316929,163749,0.2503282462793666,1.0,0.40042004493503963,4409
00520020,torsion_compression,mech_sub,2.596683188316929,172174,0.2392695761264767,1.0,0.3861461311337114,4409
00520092,compression,grefem,6.492836220532536,103208,0.6790171304550034,1.0,0.8088269239647292,4025
00520092,compression,blind_sub,6.492836220532536,104690,0.645715923201834,1.0,0.7847234314237622,4025
00520092,compression,mech_sub,6.492836220532536,98749,0.690477878256995,1.0,0.8169025896617206,4025
00520092,torsion_compression,grefem,6.492836220532536,114248,0.44507562495623554,0.999735659529474,0.615939227820332,3783
00520092,torsion_compression,blind_sub,6.492836220532536,114769,0.43032526204811405,0.9989426381178959,0.6015250919287957,3783
00520092,torsion_compression,mech_sub,6.492836220532536,103245,0.4786478764104799,0.999735659529474,0.6473575209309541,3783
00520092,bending,grefem,6.492836220532536,126545,0.3995890789837607,1.0,0.5710091411600635,4025
00520092,bending,blind_sub,6.492836220532536,114232,0.4240755655157924,1.0,0.5955801444598124,4025
00520092,bending,mech_sub,6.492836220532536,118636,0.5302690582959642,1.0,0.693040293040293,4025
00520092,bending_compression,grefem,6.492836220532536,125439,0.5630067203979624,1.0,0.720414970774551,3783
00520092,bending_compression,blind_sub,6.492836220532536,114973,0.5780400615796752,1.0,0.7326050531328542,3783
00520092,bending_compression,mech_sub,6.492836220532536,116866,0.6494361063097907,1.0,0.7874643992882451,3783
00560053,compression,grefem,3.275201738199625,12309,0.03054675440734422,0.9716608594657375,0.05923141119757581,4305
00560053,compression,blind_sub,3.275201738199625,6695,0.01568334578043316,0.940534262485482,0.030852232649542382,4305
00560053,compression,mech_sub,3.275201738199625,12052,0.03708927978758712,0.9753774680603949,0.07146120677699927,4305
00540016,compression,grefem,3.788804258835573,151878,0.25614638064762507,1.0,0.4078288718478255,4253
00540016,compression,blind_sub,3.788804258835573,141133,0.24602325466049754,1.0,0.39489352022973473,4253
00540016,compression,mech_sub,3.788804258835573,141397,0.3715213194056451,0.9795438513990125,0.538717793858466,4253
00540016,bending,grefem,3.788804258835573,138924,0.3445768909619648,0.9957676933928992,0.5119855594072361,4253
00540016,bending,blind_sub,3.788804258835573,126825,0.30324462842499506,1.0,0.46536869872461945,4253
00540016,bending,mech_sub,3.788804258835573,131600,0.4269452887537994,0.9992946155654832,0.5982782095784248,4253
00560053,bending_compression,grefem,3.275201738199625,30113,0.09172118354199182,1.0,0.16803041825095058,4473
00560053,bending_compression,blind_sub,3.275201738199625,29841,0.09195402298850575,1.0,0.16842105263157897,4473
00560053,bending_compression,mech_sub,3.275201738199625,23934,0.05924626054984541,1.0,0.11186494162196277,4473
00560053,bending,grefem,3.275201738199625,8151,0.049564470617102195,0.9988385598141696,0.09444250543376032,4305
00560053,bending,blind_sub,3.275201738199625,3136,0.011160714285714286,0.49175377468060394,0.02182606983311356,4305
00560053,bending,mech_sub,3.275201738199625,6318,0.000949667616334283,0.18885017421602787,0.0018898318677257166,4305
00540016,torsion_compression,grefem,3.788804258835573,158813,0.22042276136084576,0.9997637051039697,0.3612081966878983,4232
00540016,torsion_compression,blind_sub,3.788804258835573,148504,0.19200156224748155,0.9997637051039697,0.3221375861790152,4232
00540016,torsion_compression,mech_sub,3.788804258835573,150270,0.18050176349238037,0.9995274102079396,0.30578305049146776,4232
00540016,bending_compression,grefem,3.788804258835573,147732,0.1608520835025587,1.0,0.27712761304994316,4232
00540016,bending_compression,blind_sub,3.788804258835573,146092,0.14707170823864416,1.0,0.25642984162598914,4232
00540016,bending_compression,mech_sub,3.788804258835573,130682,0.13756293904286743,0.9992911153119093,0.24183477598582326,4232
00560053,torsion,grefem,3.275201738199625,43675,6.868918145392101e-05,0.034378629500580724,0.0001371044255548445,4305
00560053,torsion,blind_sub,3.275201738199625,48852,0.02085892082207484,1.0,0.040865432816667,4305
00560053,torsion,mech_sub,3.275201738199625,43115,0.018207120491708223,1.0,0.03576309794988611,4305
00550079,torsion_compression,grefem,8.418738659965504,302078,0.3381974192096081,1.0,0.5054522066099347,3834
00550079,torsion_compression,blind_sub,8.418738659965504,297844,0.34019822457393806,1.0,0.5076834431445248,3834
00550079,torsion_compression,mech_sub,8.418738659965504,313174,0.3071136173500993,1.0,0.469911128265511,3834
00570051,torsion,grefem,1.0121456718648854,5850,0.5343589743589744,0.8730455075845974,0.6629504282342057,4285
00570051,torsion,blind_sub,1.0121456718648854,3485,0.1492109038737446,0.4942823803967328,0.22922483435541963,4285
00570051,torsion,mech_sub,1.0121456718648854,7055,0.043373493975903614,0.5136522753792299,0.0799923274560974,4285
00570051,compression,grefem,1.0121456718648854,6285,0.5374701670644392,0.9481913652275379,0.6860574369071661,4285
00570051,compression,blind_sub,1.0121456718648854,3485,0.13371592539454807,0.6996499416569428,0.2245216491332954,4285
00570051,compression,mech_sub,1.0121456718648854,5055,0.3159248269040554,0.8161026837806301,0.45551383985957855,4285
00610020,torsion,grefem,0.5170264603223771,38493,0.325825474761645,1.0,0.49150582933281084,3530
00610020,torsion,blind_sub,0.5170264603223771,42708,0.29668914489088694,1.0,0.4576102854872785,3530
00610020,torsion,mech_sub,0.5170264603223771,35798,0.39066428292083355,1.0,0.5618383785629633,3530
00550079,torsion,grefem,8.418738659965504,303538,0.45731012262056153,1.0,0.6276085172567362,4095
00550079,torsion,blind_sub,8.418738659965504,297968,0.477675455082425,1.0,0.6465228253463549,4095
00550079,torsion,mech_sub,8.418738659965504,312154,0.5012910294277825,1.0,0.6678132615217846,4095
00570051,torsion_compression,grefem,1.0121456718648854,6285,0.515194908512331,0.7037575757575758,0.5948916377564091,4125
00570051,torsion_compression,blind_sub,1.0121456718648854,3485,0.40229555236728837,0.35224242424242425,0.37560882293694403,4125
00570051,torsion_compression,mech_sub,1.0121456718648854,7389,0.32575449993233185,0.6353939393939394,0.43069816589910703,4125
00560053,torsion_compression,grefem,3.275201738199625,14311,0.1255677450911886,0.9993293091884641,0.2231022429669108,4473
00560053,torsion_compression,blind_sub,3.275201738199625,9867,0.10550319245971419,0.9481332439078918,0.18987779969782162,4473
00560053,torsion_compression,mech_sub,3.275201738199625,12841,0.09563118137216728,0.9948580371115583,0.1744894819205287,4473
00550079,compression,grefem,8.418738659965504,291844,0.45977302942668,1.0,0.6299239952491162,4095
00550079,compression,blind_sub,8.418738659965504,294862,0.4548670225393574,1.0,0.625303915055305,4095
00550079,compression,mech_sub,8.418738659965504,301871,0.4668219206217225,1.0,0.6365079687708196,4095
00570051,bending,grefem,1.0121456718648854,6832,0.5,0.9932322053675613,0.6651558959131046,4285
00570051,bending,blind_sub,1.0121456718648854,3485,0.10760401721664276,0.6196032672112018,0.18336395154495352,4285
00570051,bending,mech_sub,1.0121456718648854,6502,0.08243617348508152,0.7054842473745624,0.14762257778294455,4285
00550079,bending,grefem,8.418738659965504,263524,0.47842321761964757,1.0,0.6472073921971253,4095
00550079,bending,blind_sub,8.418738659965504,255311,0.4756081798277395,1.0,0.6446266513421759,4095
00550079,bending,mech_sub,8.418738659965504,275715,0.4779935803275121,1.0,0.6468141495196378,4095
00550079,bending_compression,grefem,8.418738659965504,302228,0.40649112590494596,1.0,0.5780216005890643,3834
00550079,bending_compression,blind_sub,8.418738659965504,297976,0.39536070019061936,1.0,0.566678852481096,3834
00550079,bending_compression,mech_sub,8.418738659965504,313209,0.37613223119386735,1.0,0.5466512921764107,3834
00610020,bending,grefem,0.5170264603223771,50876,0.23458998348926802,1.0,0.38002897581633793,3530
00610020,bending,blind_sub,0.5170264603223771,45415,0.16391060222393483,1.0,0.28165496887947183,3530
00610020,bending,mech_sub,0.5170264603223771,41434,0.1445431288313945,1.0,0.2525778630622272,3530
00540016,torsion,grefem,3.788804258835573,143324,0.2890653344868968,1.0,0.44848826006473475,4253
00540016,torsion,blind_sub,3.788804258835573,133880,0.3153047505228563,1.0,0.47943984144741697,4253
00540016,torsion,mech_sub,3.788804258835573,132176,0.45417473671468345,1.0,0.6246494664606388,4253
00570051,bending_compression,grefem,1.0121456718648854,5823,0.5720419027992444,0.6089696969696969,0.5899284719468948,4125
00570051,bending_compression,blind_sub,1.0121456718648854,3485,0.5406025824964132,0.464969696969697,0.49994182237770074,4125
00570051,bending_compression,mech_sub,1.0121456718648854,5254,0.47735059002664637,0.49866666666666665,0.4877758583212255,4125
00610020,bending_compression,grefem,0.5170264603223771,94584,0.15857861794806732,0.9994537011745425,0.2737263615499471,3661
00610020,bending_compression,blind_sub,0.5170264603223771,92341,0.2221764979803121,1.0,0.3635751437660048,3661
00610020,bending_compression,mech_sub,0.5170264603223771,92009,0.12966122879283548,0.9882545752526632,0.2292449970269619,3661
00610020,torsion_compression,grefem,0.5170264603223771,38625,0.33144336569579286,1.0,0.497870768273475,3661
00610020,torsion_compression,blind_sub,0.5170264603223771,42089,0.22528451614436076,0.9978148046981699,0.3675780398982793,3661
00610020,torsion_compression,mech_sub,0.5170264603223771,34521,0.15242895628747719,0.9847036328871893,0.2639926925714483,3661
00610020,compression,grefem,0.5170264603223771,27245,0.19409065883648377,1.0,0.32508529800510255,3530
00610020,compression,blind_sub,0.5170264603223771,30334,0.19281993802334016,1.0,0.3233009977061051,3530
00610020,compression,mech_sub,0.5170264603223771,28933,0.15504786921508312,1.0,0.26847003201771447,3530
00610091,torsion,grefem,1.185409308430168,34940,0.23282770463651975,0.6534552845528455,0.3433271220159586,3936
00610091,torsion,blind_sub,1.185409308430168,31852,0.30202185106115786,0.6323678861788617,0.40879926635219777,3936
00610091,torsion,mech_sub,1.185409308430168,31382,0.5624243196736983,0.6539634146341463,0.6047494860286284,3936
00620020,bending,grefem,4.213913429883131,44032,0.2087345566860465,0.8873606829499644,0.3379685123670398,4217
00620020,bending,blind_sub,4.213913429883131,42697,0.3024100053867953,0.8826179748636471,0.45047460647568655,4217
00620020,bending,mech_sub,4.213913429883131,39645,0.40978685836801615,0.012805311833056676,0.024834575160227405,4217
00610091,compression,grefem,1.185409308430168,50321,0.3080622404165259,1.0,0.47102076781672064,3936
00610091,compression,blind_sub,1.185409308430168,45850,0.506215921483097,1.0,0.6721691282942369,3936
00610091,compression,mech_sub,1.185409308430168,46323,0.6150292511279494,0.9796747967479674,0.7556620394804577,3936
00620020,bending_compression,grefem,4.213913429883131,62026,0.5556863250894786,0.9541458778807318,0.7023374060187263,4209
00620020,bending_compression,blind_sub,4.213913429883131,61043,0.5447799092443032,0.9978617248752673,0.7047845823585186,4209
00620020,bending_compression,mech_sub,4.213913429883131,54893,0.7361776547100723,0.9964362081254454,0.8467600156049616,4209
00610091,torsion_compression,grefem,1.185409308430168,42067,0.2897282905840683,0.685980341438179,0.4073919306980723,3866
00610091,torsion_compression,blind_sub,1.185409308430168,38028,0.365125696854949,0.7038282462493534,0.48081730842713516,3866
00610091,torsion_compression,mech_sub,1.185409308430168,40388,0.25918589680103,0.4151577858251423,0.3191341323580547,3866
00620020,torsion_compression,grefem,4.213913429883131,75533,0.4920365932771107,0.9864575908766928,0.6565778041326699,4209
00620020,torsion_compression,blind_sub,4.213913429883131,74723,0.5153433347162185,0.9657875980042766,0.6720704974662954,4209
00620020,torsion_compression,mech_sub,4.213913429883131,57481,0.7086689514796194,0.9531955333808506,0.8129424334533256,4209
00610091,bending,grefem,1.185409308430168,47900,0.19054279749478079,0.7672764227642277,0.30527471771917397,3936
00610091,bending,blind_sub,1.185409308430168,44326,0.27146595677480484,0.7055386178861789,0.3920753718323273,3936
00610091,bending,mech_sub,1.185409308430168,39228,0.45755582747017437,0.6857215447154471,0.548870985186369,3936
00620020,compression,grefem,4.213913429883131,47346,0.16193553837705402,0.8750296419255394,0.2732944149961612,4217
00620020,compression,blind_sub,4.213913429883131,46461,0.38208389832332496,0.9791320844202039,0.5496711888949394,4217
00620020,compression,mech_sub,4.213913429883131,44023,0.3313495218408559,0.19516243775195638,0.24564296879568684,4217
00620020,torsion,grefem,4.213913429883131,75533,0.23285186607178318,0.991225990040313,0.3771146097076379,4217
00620020,torsion,blind_sub,4.213913429883131,74723,0.3151372402071651,0.9964429689352621,0.47883657448508016,4217
00620020,torsion,mech_sub,4.213913429883131,54808,0.12780980878703838,0.9350248992174531,0.22488041212819987,4217
00640029,bending,grefem,7.288128685645178,39247,0.43065712028944886,1.0,0.6020409980587366,4008
00640029,bending,blind_sub,7.288128685645178,41556,0.28087400134757917,1.0,0.43856616818215977,4008
00640029,bending,mech_sub,7.288128685645178,34491,0.7716215824417965,1.0,0.8710907454381802,4008
00610091,bending_compression,grefem,1.185409308430168,42003,0.3234768945075352,1.0,0.48882892606583916,3866
00610091,bending_compression,blind_sub,1.185409308430168,37937,0.41555737143158394,1.0,0.5871289709880452,3866
00610091,bending_compression,mech_sub,1.185409308430168,38136,0.32200545416404447,0.5957061562338334,0.4180411998998859,3866
00640033,bending,grefem,7.288128685645178,37676,0.4351045758573097,1.0,0.606373337772106,4008
00640033,bending,blind_sub,7.288128685645178,39316,0.27889408892054124,1.0,0.4361488434995326,4008
00640033,bending,mech_sub,7.288128685645178,33099,0.7593582887700535,1.0,0.8632218844984804,4008
00640029,compression,grefem,7.288128685645178,98030,0.27393655003570333,1.0,0.43006309855545943,4008
00640029,compression,blind_sub,7.288128685645178,95477,0.32574337274945797,1.0,0.49141240973944916,4008
00640029,compression,mech_sub,7.288128685645178,89161,0.3154069604423459,1.0,0.4795579922068842,4008
00640033,compression,grefem,7.288128685645178,17887,0.8094705652149606,0.999750499001996,0.8946044433230625,4008
00640033,compression,blind_sub,7.288128685645178,15767,0.3879621995306653,1.0,0.5590385669895814,4008
00640033,compression,mech_sub,7.288128685645178,16048,0.4335742771684945,1.0,0.604885681996001,4008
00640029,bending_compression,grefem,7.288128685645178,97407,0.16463909164639093,0.909816247582205,0.27882279532363746,4136
00640029,bending_compression,blind_sub,7.288128685645178,93728,0.2158266473199044,0.9487427466150871,0.35165610093723987,4136
00640029,bending_compression,mech_sub,7.288128685645178,81241,0.4298691547371401,0.5826885880077369,0.49474679858326687,4136
00640029,torsion_compression,grefem,7.288128685645178,37676,0.22401528824716,0.5730174081237911,0.32210638393120256,4136
00640029,torsion_compression,blind_sub,7.288128685645178,33823,0.1780149602341602,0.6477272727272727,0.2792763651765694,4136
00640029,torsion_compression,mech_sub,7.288128685645178,32827,0.3173302464434764,0.5544003868471954,0.40362929709713974,4136
00620093,bending,grefem,2.122033841268209,7139,0.03880095251435775,0.8424644899465044,0.07418519572982953,5421
00620093,bending,blind_sub,2.122033841268209,7030,0.00953058321479374,0.8345323741007195,0.01884594073907029,5421
00620093,bending,mech_sub,2.122033841268209,6729,0.004012483281319661,0.7411916620549714,0.007981756867192434,5421
00640029,torsion,grefem,7.288128685645178,107468,0.29533442513120184,1.0,0.45599718404965267,4008
00640029,torsion,blind_sub,7.288128685645178,104589,0.37997303731749993,1.0,0.5506963209311994,4008
00640029,torsion,mech_sub,7.288128685645178,82368,0.894340034965035,0.9960079840319361,0.9424400230146226,4008
00620093,torsion_compression,grefem,2.122033841268209,8981,0.20587907805366887,0.9964342313787639,0.34125041998282024,5048
00620093,torsion_compression,blind_sub,2.122033841268209,7479,0.029281989570798236,0.6703645007923931,0.05611292728888372,5048
00620093,torsion_compression,mech_sub,2.122033841268209,8955,0.027359017308766054,0.473256735340729,0.05172765397473428,5048
00620093,bending_compression,grefem,2.122033841268209,11074,0.4104208054903377,0.9998019017432647,0.5819499285317772,5048
00620093,bending_compression,blind_sub,2.122033841268209,8319,0.526265176102897,0.9451267828843106,0.676077247528985,5048
00620093,bending_compression,mech_sub,2.122033841268209,10004,0.5175929628148741,0.9213549920760697,0.6628271141176478,5048
00640066,bending,grefem,2.82506280706541,37294,0.4347079959242774,0.9804414640961162,0.6023473223416911,3579
00640066,bending,blind_sub,2.82506280706541,38490,0.4470511821252273,0.9972059234423023,0.6173444952129621,3579
00640066,bending,mech_sub,2.82506280706541,36658,0.5519941076981832,0.9712210114557139,0.7039166941751692,3579
00620093,torsion,grefem,2.122033841268209,9730,0.13782117163412128,0.9972329828444937,0.2421731466212736,5421
00620093,torsion,blind_sub,2.122033841268209,7294,0.006032355360570332,0.7439586792104778,0.011967671397951915,5421
00620093,torsion,mech_sub,2.122033841268209,9671,0.0024816461586185503,0.6947057738424645,0.004945625424576942,5421
00640066,torsion,grefem,2.82506280706541,37199,0.35302024247963654,0.6214026264319642,0.4502515547598379,3579
00640066,torsion,blind_sub,2.82506280706541,37394,0.36896293523025087,0.9270746018440905,0.5278491656128496,3579
00640066,torsion,mech_sub,2.82506280706541,35774,0.5431318834908033,0.6311818943839062,0.5838558953850579,3579
00640033,torsion_compression,grefem,7.288128685645178,86908,0.12444193860173977,0.745164410058027,0.213268230866891,4136
00640033,torsion_compression,blind_sub,7.288128685645178,82779,0.1763128329648824,0.7736943907156673,0.28718150025770334,4136
00640033,torsion_compression,mech_sub,7.288128685645178,79991,0.3269117775749772,0.648936170212766,0.43479084506533583,4136
00640066,compression,grefem,2.82506280706541,37199,0.41135514395548267,0.9527801061749092,0.5746219045304148,3579
00640066,compression,blind_sub,2.82506280706541,37471,0.3758906887993382,0.9997205923442303,0.5463544348818632,3579
00640066,compression,mech_sub,2.82506280706541,35997,0.47026141067311167,0.8418552668343112,0.6034403070253673,3579
00620093,compression,grefem,2.122033841268209,4436,0.0351668169522092,0.7124146836377052,0.06702508490053237,5421
00620093,compression,blind_sub,2.122033841268209,4430,0.006772009029345372,0.503043718871057,0.013364109500426357,5421
00620093,compression,mech_sub,2.122033841268209,4359,0.007570543702684102,0.5218594355285002,0.014924578578129226,5421
00640066,torsion_compression,grefem,2.82506280706541,37231,0.536757003572292,0.8242872807017544,0.6501507349677694,3648
00640066,torsion_compression,blind_sub,2.82506280706541,37155,0.467231866505181,0.9174890350877193,0.619157425686208,3648
00640066,torsion_compression,mech_sub,2.82506280706541,35823,0.4482594980878207,0.8489583333333334,0.586722795786057,3648
00640033,torsion,grefem,7.288128685645178,37676,0.5773436670559507,0.999750499001996,0.7319786372396245,4008
00640033,torsion,blind_sub,7.288128685645178,39316,0.3969885034082816,1.0,0.568348991333479,4008
00640033,torsion,mech_sub,7.288128685645178,32894,0.8708883078980969,0.9960079840319361,0.929255376012152,4008
00650065,torsion,grefem,0.9343582102179756,8931,0.16571492554025305,0.52625,0.25205751432407,4000
00650065,torsion,blind_sub,0.9343582102179756,9999,0.41374137413741374,1.0,0.5853140916808149,4000
00650065,torsion,mech_sub,0.9343582102179756,10182,0.09575721862109605,0.00025,0.0004986980145681198,4000
00650065,bending,grefem,0.9343582102179756,2818,0.13236337828246983,0.0005,0.000996236735762228,4000
00650065,bending,blind_sub,0.9343582102179756,1915,0.5430809399477807,1.0,0.7038917089678511,4000
00650065,bending,mech_sub,0.9343582102179756,2895,0.051122625215889464,0.0005,0.000990314324428311,4000
00650065,torsion_compression,grefem,0.9343582102179756,28066,0.30838024656167606,0.9524035046175704,0.4659045253485582,4223
00650065,torsion_compression,blind_sub,0.9343582102179756,28644,0.5696131825164084,0.9701633909542979,0.7177896666355555,4223
00650065,torsion_compression,mech_sub,0.9343582102179756,17119,0.9944506104328524,0.6296471702581103,0.7710779735861751,4223
00650065,compression,grefem,0.9343582102179756,2818,0.9499645138396026,0.2245,0.36317322634086296,4000
00650065,compression,blind_sub,0.9343582102179756,2127,0.6290550070521862,1.0,0.7722943722943724,4000
00650065,compression,mech_sub,0.9343582102179756,3159,0.8787591009813231,0.2245,0.3576338830920676,4000
00640033,bending_compression,grefem,7.288128685645178,37676,0.2678097462575645,0.8515473887814313,0.4074708294201419,4136
00640033,bending_compression,blind_sub,7.288128685645178,39316,0.21945264014650523,0.9260154738878144,0.35481832810775116,4136
00640033,bending_compression,mech_sub,7.288128685645178,36209,0.3379822696014803,0.5848646034816247,0.4284001427753405,4136
00640066,bending_compression,grefem,2.82506280706541,27324,0.5869565217391305,0.6938048245614035,0.6359237304696588,3648
00640066,bending_compression,blind_sub,2.82506280706541,27115,0.5412871104554674,0.8837719298245614,0.6713747861315091,3648
00640066,bending_compression,mech_sub,2.82506280706541,27924,0.5339134794442058,0.6924342105263158,0.6029284543883205,3648
00650065,bending_compression,grefem,0.9343582102179756,28066,0.2996508230599302,0.9528771015865498,0.45592661392513056,4223
00650065,bending_compression,blind_sub,0.9343582102179756,28644,0.5592096075967044,0.9718209803457258,0.709916096194693,4223
00650065,bending_compression,mech_sub,0.9343582102179756,14095,0.9963107484923732,0.6182808430026048,0.7630410720770022,4223
00650030,bending_compression,grefem,1.6327489940892983,118267,0.3181868145805677,1.0,0.48276437157628704,4970
00650030,bending_compression,blind_sub,1.6327489940892983,114213,0.24140859621934455,1.0,0.38892689635716043,4970
00650030,bending_compression,mech_sub,1.6327489940892983,110760,0.286926688335139,1.0,0.44590992002244983,4970
00660027,torsion,grefem,3.949233692342849,64664,0.2517474947420512,1.0,0.4022336706077116,4328
00660027,torsion,blind_sub,3.949233692342849,70766,0.27151456914337396,1.0,0.4270726828184041,4328
00660027,torsion,mech_sub,3.949233692342849,65550,0.21077040427154844,0.5247227356746765,0.30073978157487796,4328
00660049,torsion,grefem,0.6960899615251989,18906,0.7990584999471068,0.9033576642335767,0.8480131183970513,3425
00660049,torsion,blind_sub,0.6960899615251989,18844,0.7988219061770325,0.9322627737226278,0.8603991874114018,3425
00660049,torsion,mech_sub,0.6960899615251989,16998,0.8683962819155194,0.9462773722627738,0.9056655998082215,3425
00650030,bending,grefem,1.6327489940892983,63551,0.43248729366965116,1.0,0.6038270574278308,5149
00650030,bending,blind_sub,1.6327489940892983,63379,0.21156850060745672,1.0,0.34924727822055524,5149
00650030,bending,mech_sub,1.6327489940892983,57287,0.31057657060065985,0.9582443192852981,0.4691099222175334,5149
00660027,compression,grefem,3.949233692342849,65729,0.12639778484382844,1.0,0.22442832637735186,4328
00660027,compression,blind_sub,3.949233692342849,72403,0.0759637031614712,1.0,0.14120123743629898,4328
00660027,compression,mech_sub,3.949233692342849,68700,0.20090247452692866,1.0,0.3345858282223461,4328
00650030,torsion,grefem,1.6327489940892983,78578,0.21946346305581715,1.0,0.35993446249856503,5149
00650030,torsion,blind_sub,1.6327489940892983,74283,0.13172596691032942,1.0,0.23278774325545987,5149
00650030,torsion,mech_sub,1.6327489940892983,75648,0.16366592639593908,0.9937852010099049,0.28104646789951265,5149
00660049,bending,grefem,0.6960899615251989,4376,0.6558500914076782,0.8510948905109489,0.7408242084956957,3425
00660049,bending,blind_sub,0.6960899615251989,2990,0.4816053511705686,0.92992700729927,0.6345696862363933,3425
00660049,bending,mech_sub,0.6960899615251989,4941,0.6037239425217568,0.9570802919708029,0.7404032798083001,3425
00660027,bending,grefem,3.949233692342849,64664,0.09196771000866015,1.0,0.16844401014006316,4328
00660027,bending,blind_sub,3.949233692342849,70766,0.05488511432043637,1.0,0.1040589417280643,4328
00660027,bending,mech_sub,3.949233692342849,70083,0.12837635375197978,1.0,0.22754172989377844,4328
00660049,bending_compression,grefem,0.6960899615251989,22636,0.3921187488955646,0.6253146350233729,0.481992425699661,2781
00660049,bending_compression,blind_sub,0.6960899615251989,22024,0.42163094805666546,0.5188781014023732,0.46522692353882206,2781
00660049,bending_compression,mech_sub,0.6960899615251989,19660,0.6120549338758902,0.6418554476806904,0.6266010703259468,2781
00650030,torsion_compression,grefem,1.6327489940892983,131896,0.13947352459513557,1.0,0.24480344928539113,4970
00650030,torsion_compression,blind_sub,1.6327489940892983,128748,0.11058812564078666,1.0,0.19915236456716043,4970
00650030,torsion_compression,mech_sub,1.6327489940892983,124458,0.13835992865062913,1.0,0.24308643543810612,4970
00660049,compression,grefem,0.6960899615251989,18213,0.4223906001207928,0.7106569343065693,0.5298538672756776,3425
00660049,compression,blind_sub,0.6960899615251989,18340,0.5461286804798255,0.9521167883211679,0.694116279470084,3425
00660049,compression,mech_sub,0.6960899615251989,17547,0.5259588533652476,0.8265693430656934,0.6428575242318737,3425
00660049,torsion_compression,grefem,0.6960899615251989,22303,0.29951127650988657,0.2797554836389788,0.2892964961214695,2781
00660049,torsion_compression,blind_sub,0.6960899615251989,22024,0.286233200145296,0.3027687882056814,0.29426888488051994,2781
00660049,torsion_compression,mech_sub,0.6960899615251989,19824,0.506002824858757,0.41891405969075873,0.45835836953028597,2781
00650089,bending,grefem,2.0930043966827223,36324,0.3458044268252395,1.0,0.513899969315741,5257
00650089,bending,blind_sub,2.0930043966827223,37954,0.4034620856826685,1.0,0.5749525972928831,5257
00650089,bending,mech_sub,2.0930043966827223,32585,0.5649225103575265,1.0,0.7219814484340987,5257
00650089,torsion,grefem,2.0930043966827223,36324,0.372398414271556,1.0,0.5426972377685503,5257
00650089,torsion,blind_sub,2.0930043966827223,37954,0.4342098329556832,1.0,0.6055039129955543,5257
00650089,torsion,mech_sub,2.0930043966827223,33673,0.576812282837882,1.0,0.7316182009944252,5257
00650089,compression,grefem,2.0930043966827223,38972,0.40837011187519245,1.0,0.5799187421429483,5257
00650089,compression,blind_sub,2.0930043966827223,37954,0.4299151604573958,1.0,0.6013156197600928,5257
00650089,compression,mech_sub,2.0930043966827223,37989,0.4283345178867567,1.0,0.5997677890197379,5257
00650030,compression,grefem,1.6327489940892983,145404,0.2835685400676735,1.0,0.4418440172314023,5149
00650030,compression,blind_sub,1.6327489940892983,149622,0.23279998930638543,1.0,0.3776768191527427,5149
00650030,compression,mech_sub,1.6327489940892983,135770,0.32736981660160563,0.9968926005049524,0.4928819901298215,5149
00660027,bending_compression,grefem,3.949233692342849,66783,0.10655406315978617,0.994768133174792,0.19248969437722646,4205
00660027,bending_compression,blind_sub,3.949233692342849,71494,0.11586986320530394,1.0,0.20767630173732107,4205
00660027,bending_compression,mech_sub,3.949233692342849,69731,0.18562762616339934,0.9992865636147443,0.3130947274680148,4205
00650089,torsion_compression,grefem,2.0930043966827223,38972,0.23029354408293135,0.9998095600837935,0.37435835454730454,5251
00650089,torsion_compression,blind_sub,2.0930043966827223,37954,0.24527059071507615,0.9996191201675871,0.3938938043270531,5251
00650089,torsion_compression,mech_sub,2.0930043966827223,37517,0.4350027987312418,0.9996191201675871,0.6062044768867456,5251
00650089,bending_compression,grefem,2.0930043966827223,38972,0.3595401826952684,0.9984764806703486,0.5287010475813207,5251
00650089,bending_compression,blind_sub,2.0930043966827223,37954,0.3801443853085314,0.9980956008379356,0.5505868970186226,5251
00650089,bending_compression,mech_sub,2.0930043966827223,38139,0.5197304596344948,0.9946676823462197,0.6827254701372472,5251
00660027,torsion_compression,grefem,3.949233692342849,64664,0.0881479648645305,0.9652794292508918,0.1615439615285698,4205
00660027,torsion_compression,blind_sub,3.949233692342849,70766,0.11149422038832207,1.0,0.20062042310821807,4205
00660027,torsion_compression,mech_sub,3.949233692342849,64623,0.15110719093821084,0.9957193816884661,0.26239426661533277,4205
00660050,compression,grefem,1.718260445249221,111724,0.34444703018151873,1.0,0.5123995552803797,5449
00660050,compression,blind_sub,1.718260445249221,113755,0.3737681860138016,1.0,0.5441503010756816,5449
00660050,compression,mech_sub,1.718260445249221,112551,0.4413910138514984,1.0,0.6124514578068174,5449
00670070,compression,grefem,1.0197117212825146,58746,0.16486228849623805,1.0,0.2830588475983107,4602
00670070,compression,blind_sub,1.0197117212825146,64368,0.2544898086005469,1.0,0.4057263867044793,4602
00670070,compression,mech_sub,1.0197117212825146,61079,0.33229096743561615,1.0,0.49882642089093704,4602
00670070,torsion,grefem,1.0197117212825146,123930,0.1288711369321391,1.0,0.22831859672196766,4602
00670070,torsion,blind_sub,1.0197117212825146,122686,0.08671731085861467,1.0,0.15959497468591788,4602
00670070,torsion,mech_sub,1.0197117212825146,117212,0.15704876633791762,1.0,0.27146438578380766,4602
00670073,compression,grefem,2.252739518398781,159520,0.6576542126379138,1.0,0.7934757534158507,3893
00670073,compression,blind_sub,2.252739518398781,160123,0.6587685716605359,1.0,0.7942862951654135,3893
00670073,compression,mech_sub,2.252739518398781,161110,0.6593942027186395,1.0,0.7947408778918625,3893
00670073,torsion,grefem,2.252739518398781,158081,0.26332070267774116,1.0,0.4168707155983516,3893
00670073,torsion,blind_sub,2.252739518398781,159807,0.2662524169779797,1.0,0.42053608491964656,3893
00670073,torsion,mech_sub,2.252739518398781,158227,0.27502259412110447,1.0,0.43140034598474297,3893
00670073,bending_compression,grefem,2.252739518398781,159520,0.22686810431293883,1.0,0.36983291604925655,3778
00670073,bending_compression,blind_sub,2.252739518398781,160123,0.2259762807341856,1.0,0.36864706811270104,3778
00670073,bending_compression,mech_sub,2.252739518398781,149937,0.23920046419496188,1.0,0.3860561242613104,3778
00660050,bending,grefem,1.718260445249221,131051,0.19779322553814926,1.0,0.3302627220141171,5449
00660050,bending,blind_sub,1.718260445249221,116700,0.23229648671808054,1.0,0.37701395601109805,5449
00660050,bending,mech_sub,1.718260445249221,119048,0.422165849069283,1.0,0.5936942577345162,5449
00670070,bending_compression,grefem,1.0197117212825146,86041,0.20450715356632304,1.0,0.3395698447465674,4561
00670070,bending_compression,blind_sub,1.0197117212825146,80151,0.3068333520480094,1.0,0.46958298327350495,4561
00670070,bending_compression,mech_sub,1.0197117212825146,81411,0.3497070420459152,1.0,0.518196958527862,4561
00670073,bending,grefem,2.252739518398781,159520,0.33348169508525577,1.0,0.5001668884010211,3893
00670073,bending,blind_sub,2.252739518398781,160123,0.34069434122518316,1.0,0.5082356667722521,3893
00670073,bending,mech_sub,2.252739518398781,150658,0.3667113595029803,1.0,0.5366332209843326,3893
00670070,bending,grefem,1.0197117212825146,69499,0.06484985395473317,1.0,0.12180093505931953,4602
00670070,bending,blind_sub,1.0197117212825146,68346,0.04897141017762561,1.0,0.0933703429902501,4602
00670070,bending,mech_sub,1.0197117212825146,69595,0.07885623967239026,1.0,0.14618488872314642,4602
00670070,torsion_compression,grefem,1.0197117212825146,111487,0.3225936656291765,1.0,0.48781976507609254,4561
00670070,torsion_compression,blind_sub,1.0197117212825146,102309,0.2963082426765974,1.0,0.45715707564241775,4561
00670070,torsion_compression,mech_sub,1.0197117212825146,112652,0.37325569008983417,1.0,0.5436069812540401,4561
00680060,compression,grefem,15.866566566102131,34272,0.05683940242763772,0.2855320234753764,0.0948062154748396,3919
00680060,compression,blind_sub,15.866566566102131,37949,0.07683996943265962,0.3271242663944884,0.12444774265209561,3919
00680060,compression,mech_sub,15.866566566102131,38275,0.07443500979751796,0.05077825976014289,0.06037188033024889,3919
00680060,bending,grefem,15.866566566102131,71895,0.23570484734682523,0.990303648890023,0.3807793683405819,3919
00680060,bending,blind_sub,15.866566566102131,64106,0.16780020590896327,0.8846644552181679,0.28209379987537253,3919
00680060,bending,mech_sub,15.866566566102131,63649,0.09690647142924476,0.32023475376371524,0.14878807531861485,3919
00660050,torsion,grefem,1.718260445249221,122119,0.19078112333052186,1.0,0.3204302110482268,5449
00660050,torsion,blind_sub,1.718260445249221,114702,0.20928144234625376,1.0,0.3461252856741188,5449
00660050,torsion,mech_sub,1.718260445249221,111809,0.3256088508080745,0.9998164800880895,0.49123717121105925,5449
00680060,torsion,grefem,15.866566566102131,3077,0.1286967825804355,0.037764735902015824,0.05839427694637627,3919
00680060,torsion,blind_sub,15.866566566102131,486,0.04526748971193416,0.04720591987751978,0.04621638808139535,3919
00680060,torsion,mech_sub,15.866566566102131,489,0.053169734151329244,0.04133707578463894,0.04651265515261274,3919
00670073,torsion_compression,grefem,2.252739518398781,158081,0.27024120545796143,1.0,0.42549588896469637,3778
00670073,torsion_compression,blind_sub,2.252739518398781,159565,0.2737379751198571,1.0,0.42981834642105055,3778
00670073,torsion_compression,mech_sub,2.252739518398781,158487,0.27509511821158833,1.0,0.43148956384905435,3778
00680060,bending_compression,grefem,15.866566566102131,27444,0.09630520332313074,0.45379113018598,0.15889015940176338,3495
00680060,bending_compression,blind_sub,15.866566566102131,29580,0.1350236646382691,0.9227467811158798,0.2355759747675748,3495
00680060,bending_compression,mech_sub,15.866566566102131,30225,0.127808105872622,0.8783977110157367,0.22314788041068215,3495
00680060,torsion_compression,grefem,15.866566566102131,14061,0.23910105966858688,0.09413447782546495,0.13508555281154264,3495
00680060,torsion_compression,blind_sub,15.866566566102131,5094,0.2006281900274833,0.901859799713877,0.328236680959384,3495
00680060,torsion_compression,mech_sub,15.866566566102131,6578,0.28352082699908787,0.9081545064377683,0.43213232578305744,3495
00660050,torsion_compression,grefem,1.718260445249221,129581,0.3694523116814965,1.0,0.5395621425150038,5399
00660050,torsion_compression,blind_sub,1.718260445249221,116784,0.4348540896013153,1.0,0.6061300486966485,5399
00660050,torsion_compression,mech_sub,1.718260445249221,117955,0.5009198423127463,0.9799962956102982,0.6629674392672403,5399
00660050,bending_compression,grefem,1.718260445249221,115510,0.3664271491645745,1.0,0.5363288476646645,5399
00660050,bending_compression,blind_sub,1.718260445249221,115158,0.42649229753903334,1.0,0.5979594818350054,5399
00660050,bending_compression,mech_sub,1.718260445249221,107746,0.4806953390381081,0.9718466382663457,0.643233939636526,5399
00700046,torsion,grefem,1.7214259882965135,10015,0.7574638042935596,0.9283696529459241,0.8342537112326586,4956
00700046,torsion,blind_sub,1.7214259882965135,8443,0.3088949425559635,0.9903147699757869,0.4709066150496734,4956
00700046,torsion,mech_sub,1.7214259882965135,9872,0.4877431118314425,0.9695318805488297,0.6489955552812768,4956
00700046,bending,grefem,1.7214259882965135,6265,0.7350359138068635,0.7491928974979822,0.7420468890452446,4956
00700046,bending,blind_sub,1.7214259882965135,1624,0.1545566502463054,0.7161016949152542,0.25424043728947654,4956
00700046,bending,mech_sub,1.7214259882965135,3719,0.3635385856413014,0.760088781275222,0.49183850205589236,4956
00710000,torsion,grefem,4.345820151468958,187104,0.7329079014879425,1.0,0.845870574955125,4076
00710000,torsion,blind_sub,4.345820151468958,180335,0.7289877173039067,1.0,0.8432537837118382,4076
00710000,torsion,mech_sub,4.345820151468958,185218,0.8716107505749981,1.0,0.9314017354380135,4076
00710000,bending_compression,grefem,4.345820151468958,183531,0.36427633478812843,1.0,0.534021334973461,4180
00710000,bending_compression,blind_sub,4.345820151468958,176706,0.35109730286464524,1.0,0.5197217137806968,4180
00710000,bending_compression,mech_sub,4.345820151468958,188471,0.3487751431254676,1.0,0.5171731476564191,4180
00700046,torsion_compression,grefem,1.7214259882965135,23216,0.7237680909717437,0.9928129367139149,0.8372064147374056,5009
00700046,torsion_compression,blind_sub,1.7214259882965135,25562,0.41479539942101556,0.9772409662607306,0.5823914761482216,5009
00700046,torsion_compression,mech_sub,1.7214259882965135,20374,0.3823991361539217,0.9630664803353963,0.5474324808091107,5009
00700046,bending_compression,grefem,1.7214259882965135,22560,0.630540780141844,0.979037732082252,0.7670619490594902,5009
00700046,bending_compression,blind_sub,1.7214259882965135,24826,0.45182469991138324,0.998003593531643,0.6220359696348229,5009
00700046,bending_compression,mech_sub,1.7214259882965135,24248,0.4700181458264599,0.9982032341784788,0.6391047558304402,5009
00710003,bending,grefem,1.2898716302977535,103020,0.4938264414676762,1.0,0.6611563803657063,4585
00710003,bending,blind_sub,1.2898716302977535,98174,0.4523804673335099,1.0,0.6229503597828678,4585
00710003,bending,mech_sub,1.2898716302977535,98510,0.46250126890671,0.9997818974918211,0.6324361886197118,4585
00710000,torsion_compression,grefem,4.345820151468958,195140,0.1716050015373578,1.0,0.29294002895546023,4180
00710000,torsion_compression,blind_sub,4.345820151468958,187756,0.1708280960395407,1.0,0.29180730564527135,4180
00710000,torsion_compression,mech_sub,4.345820151468958,188766,0.20433764555057585,1.0,0.3393361426598281,4180
00710000,bending,grefem,4.345820151468958,191121,0.5432370069223162,1.0,0.7040227839088644,4076
00710000,bending,blind_sub,4.345820151468958,184058,0.5403948755283661,1.0,0.7016316194157772,4076
00710000,bending,mech_sub,4.345820151468958,194611,0.8167421163243599,1.0,0.8991282901249582,4076
00710003,compression,grefem,1.2898716302977535,93673,0.5699507862457699,1.0,0.7260747167861175,4585
00710003,compression,blind_sub,1.2898716302977535,87850,0.435685828116107,0.9997818974918211,0.6068973842790397,4585
00710003,compression,mech_sub,1.2898716302977535,90279,0.5183265211178679,1.0,0.6827602810181436,4585
00710003,torsion,grefem,1.2898716302977535,91579,0.5253933762107034,1.0,0.6888628001202629,4585
00710003,torsion,blind_sub,1.2898716302977535,85730,0.5347602939461099,1.0,0.6968649059471784,4585
00710003,torsion,mech_sub,1.2898716302977535,89334,0.3369377840463877,0.997164667393675,0.5036831361764015,4585
00720096,torsion,grefem,2.4191716378616337,64974,0.2688921722535168,0.8984277514349888,0.4139057079276947,4007
00720096,torsion,blind_sub,2.4191716378616337,67486,0.35493287496665976,1.0,0.5239121162742375,4007
00720096,torsion,mech_sub,2.4191716378616337,60378,0.3348736294676869,0.5677564262540554,0.4212725997945493,4007
00710000,compression,grefem,4.345820151468958,166504,0.7416278287608706,1.0,0.8516490337531208,4076
00710000,compression,blind_sub,4.345820151468958,157440,0.7488630589430895,1.0,0.8563998823277318,4076
00710000,compression,mech_sub,4.345820151468958,157557,0.7553774189658345,1.0,0.8606438829671839,4076
00700046,compression,grefem,1.7214259882965135,6265,0.4124501197126895,0.698547215496368,0.5186616988639812,4956
00700046,compression,blind_sub,1.7214259882965135,2922,0.07939767282683094,0.6799838579499596,0.14219238602184683,4956
00700046,compression,mech_sub,1.7214259882965135,1992,0.09186746987951808,0.5538740920096852,0.15759559076817087,4956
00720096,bending,grefem,2.4191716378616337,73152,0.2229057305336833,1.0,0.36455096246283175,4007
00720096,bending,blind_sub,2.4191716378616337,67486,0.25386005986426813,1.0,0.404925665933962,4007
00720096,bending,mech_sub,2.4191716378616337,69596,0.1675096269900569,0.6014474669328674,0.2620386537461025,4007
00710003,bending_compression,grefem,1.2898716302977535,100404,0.23970160551372455,0.9988417882788974,0.3866218680824676,4317
00710003,bending_compression,blind_sub,1.2898716302977535,94954,0.24985782589464373,1.0,0.39981799644418975,4317
00710003,bending_compression,mech_sub,1.2898716302977535,95013,0.26702661741024913,1.0,0.4215011961722488,4317
00720020,compression,grefem,8.589090512945495,128406,0.16581779667616778,0.9397279549718575,0.2818944738128654,4264
00720020,compression,blind_sub,8.589090512945495,135802,0.22279495147346873,1.0,0.36440279902202843,4264
00720020,compression,mech_sub,8.589090512945495,129450,0.4336886828891464,1.0,0.604997009553265,4264
00710003,torsion_compression,grefem,1.2898716302977535,107099,0.16331618409135473,0.9867963863794301,0.2802505153606969,4317
00710003,torsion_compression,blind_sub,1.2898716302977535,102572,0.2163163436415396,1.0,0.35569092657903173,4317
00710003,torsion_compression,mech_sub,1.2898716302977535,100897,0.2939433283447476,1.0,0.4543372524989468,4317
00720020,torsion,grefem,8.589090512945495,172949,0.19752643842982615,0.9810037523452158,0.3288404129207978,4264
00720020,torsion,blind_sub,8.589090512945495,162307,0.258768876265349,1.0,0.4111459715036685,4264
00720020,torsion,mech_sub,8.589090512945495,176918,0.36073774290914434,1.0,0.5302090645886209,4264
00720020,torsion_compression,grefem,8.589090512945495,193663,0.1613214708023732,0.9960671211326692,0.27767167245074464,3814
00720020,torsion_compression,blind_sub,8.589090512945495,186067,0.23873120972552897,0.9973780807551127,0.385249552941732,3814
00720020,torsion_compression,mech_sub,8.589090512945495,205068,0.30927302163184894,0.9729942317776612,0.46935748424066404,3814
00720096,compression,grefem,2.4191716378616337,59841,0.3343527013251784,0.9460943349139007,0.49409180955431137,4007
00720096,compression,blind_sub,2.4191716378616337,60006,0.4089091090890911,1.0,0.5804620134132927,4007
00720096,compression,mech_sub,2.4191716378616337,57900,0.3785319516407599,0.6833042176191665,0.48717963570598655,4007
00720020,bending,grefem,8.589090512945495,167023,0.1607443286253989,0.9638836772983115,0.27553792678858124,4264
00720020,bending,blind_sub,8.589090512945495,156499,0.2542636055182461,1.0,0.40543886372783267,4264
00720020,bending,mech_sub,8.589090512945495,165493,0.3728798196902588,0.9856941838649156,0.5410753754855869,4264
00720006,bending,grefem,1.7423271032291985,93971,0.09623181619861447,1.0,0.17556836934785564,5132
00720006,bending,blind_sub,1.7423271032291985,91932,0.09781142583648784,1.0,0.1781934921326939,5132
00720006,bending,mech_sub,1.7423271032291985,89383,0.039437029412751866,0.4171862821512081,0.07206196995699923,5132
00720020,bending_compression,grefem,8.589090512945495,228091,0.2252741230473802,1.0,0.36771220220843437,3814
00720020,bending_compression,blind_sub,8.589090512945495,231701,0.2451219459562108,1.0,0.39373162886140534,3814
00720020,bending_compression,mech_sub,8.589090512945495,236898,0.2926744843772425,0.9790246460409019,0.45063415806287177,3814
00720006,torsion_compression,grefem,1.7423271032291985,98674,0.22464884366702476,1.0,0.3668787911387691,4871
00720006,torsion_compression,blind_sub,1.7423271032291985,108297,0.21713436198601993,1.0,0.356796042848906,4871
00720006,torsion_compression,mech_sub,1.7423271032291985,94401,0.3260876473766168,0.9538082529254773,0.4860162286189973,4871
00720006,torsion,grefem,1.7423271032291985,97665,0.3927302513694773,1.0,0.563971739657847,5132
00720006,torsion,blind_sub,1.7423271032291985,95630,0.35212799330753947,1.0,0.5208500897110685,5132
00720006,torsion,mech_sub,1.7423271032291985,92723,0.4589476181745629,0.7946219797349962,0.5818422296722666,5132
00720006,compression,grefem,1.7423271032291985,97768,0.30828082808280827,1.0,0.4712762297901617,5132
00720006,compression,blind_sub,1.7423271032291985,95427,0.2543514938120239,1.0,0.405550589395066,5132
00720006,compression,mech_sub,1.7423271032291985,94395,0.3627416706393347,0.563912704598597,0.44149068310030565,5132
00720006,bending_compression,grefem,1.7423271032291985,98406,0.2348027559295165,1.0,0.3803081177167687,4871
00720006,bending_compression,blind_sub,1.7423271032291985,108297,0.22353343121231428,1.0,0.3653899852835742,4871
00720006,bending_compression,mech_sub,1.7423271032291985,93008,0.3343475830036126,0.7546704988708685,0.4633940638107565,4871
00720096,torsion_compression,grefem,2.4191716378616337,65271,0.1851358183573103,0.9621249385145105,0.31052014424260804,4066
00720096,torsion_compression,blind_sub,2.4191716378616337,67486,0.2736123047743236,1.0,0.42966341287477755,4066
00720096,torsion_compression,mech_sub,2.4191716378616337,61734,0.08057148410924288,0.573290703393999,0.14128629451678532,4066
00720096,bending_compression,grefem,2.4191716378616337,30988,0.20430489221634182,0.8888342351205115,0.3322416663410354,4066
00720096,bending_compression,blind_sub,2.4191716378616337,31428,0.2456090110729286,1.0,0.3943597210514216,4066
00720096,bending_compression,mech_sub,2.4191716378616337,30407,0.031045482948005392,0.6433841613379242,0.059232781889299854,4066
00730017,compression,grefem,2.0601177023855,108182,0.5688469431143813,0.9997037037037036,0.7251004575792066,3375
00730017,compression,blind_sub,2.0601177023855,109290,0.5716899990850032,1.0,0.7274844268498573,3375
00730017,compression,mech_sub,2.0601177023855,103159,0.6249866710611774,0.9985185185185185,0.7687819772764491,3375
00730017,torsion_compression,grefem,2.0601177023855,111168,0.24256980426021876,1.0,0.39043247860772873,2946
00730017,torsion_compression,blind_sub,2.0601177023855,109290,0.2451093421173026,1.0,0.3937153691265304,2946
00730017,torsion_compression,mech_sub,2.0601177023855,101617,0.2909454126770127,1.0,0.45074781601134295,2946
00730017,bending,grefem,2.0601177023855,97257,0.6047688084148185,1.0,0.7537145603075445,3375
00730017,bending,blind_sub,2.0601177023855,98438,0.5787196001544119,1.0,0.7331505862064528,3375
00730017,bending,mech_sub,2.0601177023855,94659,0.750462185317825,1.0,0.8574446127570203,3375
00730017,bending_compression,grefem,2.0601177023855,110831,0.4451371908581534,0.9938900203665988,0.6148840108609209,2946
00730017,bending_compression,blind_sub,2.0601177023855,109290,0.4479366822216122,0.991174473862865,0.6170244785439236,2946
00730017,bending_compression,mech_sub,2.0601177023855,101722,0.47797919820687756,0.9837067209775967,0.6433548323786611,2946
00730017,torsion,grefem,2.0601177023855,112222,0.6349557127835896,1.0,0.7767252749648459,3375
00730017,torsion,blind_sub,2.0601177023855,109290,0.6411199560801537,1.0,0.7813200414812832,3375
00730017,torsion,mech_sub,2.0601177023855,105661,0.7180605900000946,1.0,0.8358967014080162,3375
00750065,torsion,grefem,0.9810666270349738,69617,0.41071864630765476,1.0,0.5822828632522147,4186
00750065,torsion,blind_sub,0.9810666270349738,71694,0.6240271152397691,0.9811275680840899,0.7628550847522225,4186
00750065,torsion,mech_sub,0.9810666270349738,67168,0.8826375655073845,0.9816053511705686,0.9294944877571255,4186
00750065,bending,grefem,0.9810666270349738,62897,0.32168465904574145,1.0,0.4867797425718754,4186
00750065,bending,blind_sub,0.9810666270349738,64786,0.4230234927299108,0.6693741041567128,0.5184210809147652,4186
00750065,bending,mech_sub,0.9810666270349738,57406,0.49146430686687803,0.675346392737697,0.5689160151074385,4186
00750065,compression,grefem,0.9810666270349738,7414,0.5691934178581063,0.8394648829431438,0.6784014059654901,4186
00750065,compression,blind_sub,0.9810666270349738,5859,0.7096774193548387,0.8260869565217391,0.7634703196347032,4186
00750065,compression,mech_sub,0.9810666270349738,7274,0.7000274951883421,0.8222646918299092,0.7562383851302051,4186
00750000,compression,grefem,1.4243677248798188,7246,0.4377587634556997,0.724294250978776,0.5456999839905661,4853
00750000,compression,blind_sub,1.4243677248798188,1060,0.19811320754716982,0.9280857201730888,0.32652497596390356,4853
00750000,compression,mech_sub,1.4243677248798188,3413,0.014063873425139173,0.08386565011333195,0.024088259501182156,4853
00750000,torsion_compression,grefem,1.4243677248798188,19948,0.177160617605775,0.2947822514379622,0.22131410028416135,4868
00750000,torsion_compression,blind_sub,1.4243677248798188,14384,0.2952586206896552,1.0,0.4559068219633943,4868
00750000,torsion_compression,mech_sub,1.4243677248798188,19394,0.014179643188615036,0.1394823336072309,0.02574234384988557,4868
00750065,bending_compression,grefem,0.9810666270349738,874,0.7528604118993135,0.910411622276029,0.824174103648035,4130
00750065,bending_compression,blind_sub,0.9810666270349738,874,0.7528604118993135,0.910411622276029,0.824174103648035,4130
00750065,bending_compression,mech_sub,0.9810666270349738,877,0.7537058152793614,0.910411622276029,0.8246804204099578,4130
00740043,bending,grefem,9.008470018897407,415212,0.21633767810178897,1.0,0.3557197676214463,4429
00740043,bending,blind_sub,9.008470018897407,415212,0.21633767810178897,1.0,0.3557197676214463,4429
00740043,bending,mech_sub,9.008470018897407,415212,0.21633767810178897,1.0,0.3557197676214463,4429
00750000,bending,grefem,1.4243677248798188,22895,0.8136711072286525,0.9695033999587884,0.8847781321758081,4853
00750000,bending,blind_sub,1.4243677248798188,19889,0.6278847604203328,1.0,0.771411804676159,4853
00750000,bending,mech_sub,1.4243677248798188,24716,0.8418433403463343,0.9699155161755615,0.9013527545917156,4853
00750093,bending,grefem,5.547662179132208,11340,0.6455026455026455,0.9990121017535194,0.7842616864907989,4049
00750093,bending,blind_sub,5.547662179132208,8317,0.31778285439461346,0.9990121017535194,0.4821842850896852,4049
00750093,bending,mech_sub,5.547662179132208,11092,0.7847097006851785,1.0,0.8793695696100222,4049
00750000,bending_compression,grefem,1.4243677248798188,84219,0.12721594889514243,0.4133114215283484,0.19455001746806633,4868
00750000,bending_compression,blind_sub,1.4243677248798188,83392,0.31297966231772834,1.0,0.47674715960983455,4868
00750000,bending_compression,mech_sub,1.4243677248798188,81633,0.00012249947937721266,0.03677074774034511,0.0002441854699141334,4868
00750093,compression,grefem,5.547662179132208,41565,0.3826055575604475,1.0,0.5534558362915014,4049
00750093,compression,blind_sub,5.547662179132208,42323,0.306145594593956,1.0,0.4687771345875543,4049
00750093,compression,mech_sub,5.547662179132208,42446,0.31230269047731235,1.0,0.4759613658396467,4049
00750065,torsion_compression,grefem,0.9810666270349738,15012,0.8440580868638422,0.9583535108958838,0.8975819196363815,4130
00750065,torsion_compression,blind_sub,0.9810666270349738,15869,0.793307706849833,0.9539951573849879,0.8662627712023505,4130
00750065,torsion_compression,mech_sub,0.9810666270349738,16525,0.7767624810892587,0.9539951573849879,0.8563043477892788,4130
00740043,compression,grefem,9.008470018897407,415212,0.23249087213279,1.0,0.37726992935934883,4429
00740043,compression,blind_sub,9.008470018897407,415212,0.23249087213279,1.0,0.37726992935934883,4429
00740043,compression,mech_sub,9.008470018897407,415212,0.23249087213279,1.0,0.37726992935934883,4429
00750000,torsion,grefem,1.4243677248798188,7623,0.9000393545848091,0.8916134349886669,0.895806581762291,4853
00750000,torsion,blind_sub,1.4243677248798188,1144,0.701048951048951,0.9464248918194931,0.805463686757489,4853
00750000,torsion,mech_sub,1.4243677248798188,4610,0.764642082429501,0.8681228106325984,0.813103266180301,4853
00750093,torsion,grefem,5.547662179132208,41301,0.60322994600615,1.0,0.7525183115608245,4049
00750093,torsion,blind_sub,5.547662179132208,42526,0.4007195597987114,1.0,0.5721624389343093,4049
00750093,torsion,mech_sub,5.547662179132208,36861,0.8607200021703155,1.0,0.9251472560797807,4049
00740043,torsion,grefem,9.008470018897407,415212,0.4571953604423764,1.0,0.6275004338520275,4429
00740043,torsion,blind_sub,9.008470018897407,411499,0.45762201123210505,1.0,0.6279021690201897,4429
00740043,torsion,mech_sub,9.008470018897407,415212,0.4571953604423764,1.0,0.6275004338520275,4429
00750093,bending_compression,grefem,5.547662179132208,41340,0.24581519109820996,1.0,0.39462545143877903,4176
00750093,bending_compression,blind_sub,5.547662179132208,41494,0.09153130573094906,0.9971264367816092,0.167671217818793,4176
00750093,bending_compression,mech_sub,5.547662179132208,37032,0.12548606610499027,0.9978448275862069,0.2229363096844144,4176
00740043,torsion_compression,grefem,9.008470018897407,415212,0.40835043303180063,1.0,0.5798988993850511,4322
00740043,torsion_compression,blind_sub,9.008470018897407,415212,0.40835043303180063,1.0,0.5798988993850511,4322
00740043,torsion_compression,mech_sub,9.008470018897407,415212,0.40835043303180063,1.0,0.5798988993850511,4322
00750093,torsion_compression,grefem,5.547662179132208,42190,0.25136288219957337,1.0,0.40174258926034667,4176
00750093,torsion_compression,blind_sub,5.547662179132208,42710,0.08911261999531725,0.9588122605363985,0.1630694608122634,4176
00750093,torsion_compression,mech_sub,5.547662179132208,39822,0.03827030284767214,0.7885536398467433,0.0729978537153285,4176
00760033,compression,grefem,0.8154388466391431,81162,0.10378009413272221,1.0,0.18804487358374727,3404
00760033,compression,blind_sub,0.8154388466391431,73332,0.11042928053237332,1.0,0.19889475623234681,3404
00760033,compression,mech_sub,0.8154388466391431,74258,0.10804223114007919,1.0,0.19501464493625503,3404
00740043,bending_compression,grefem,9.008470018897407,415212,0.29904241688583183,1.0,0.4604043917252836,4322
00740043,bending_compression,blind_sub,9.008470018897407,415212,0.29904241688583183,1.0,0.4604043917252836,4322
00740043,bending_compression,mech_sub,9.008470018897407,415212,0.29904241688583183,1.0,0.4604043917252836,4322
00760084,torsion,grefem,2.7048470766416277,84268,0.38877153842502493,1.0,0.5598783207581027,3939
00760084,torsion,blind_sub,2.7048470766416277,86403,0.3863986204182725,1.0,0.5574134519864093,3939
00760084,torsion,mech_sub,2.7048470766416277,73402,0.6451186616168497,0.9741051028179741,0.7761909057991346,3939
00760033,torsion,grefem,0.8154388466391431,82847,0.1424553695366157,1.0,0.24938456824689115,3404
00760033,torsion,blind_sub,0.8154388466391431,73979,0.14362183862988145,1.0,0.25117015743936455,3404
00760033,torsion,mech_sub,0.8154388466391431,78211,0.14642441600286404,1.0,0.25544538996018423,3404
00760084,bending_compression,grefem,2.7048470766416277,85159,0.212931105344121,0.9983748645720477,0.3510014294337634,3692
00760084,bending_compression,blind_sub,2.7048470766416277,86506,0.22992624789031973,0.9994582881906826,0.3738483564452843,3692
00760084,bending_compression,mech_sub,2.7048470766416277,78127,0.13940123132847798,0.8756771397616468,0.24051437801374478,3692
00760033,bending_compression,grefem,0.8154388466391431,82852,0.11819871578235891,1.0,0.21140914242538722,3777
00760033,bending_compression,blind_sub,0.8154388466391431,77817,0.12380328205919015,1.0,0.22032909858091962,3777
00760033,bending_compression,mech_sub,0.8154388466391431,81269,0.10572296939792541,1.0,0.1912286753986713,3777
00760084,bending,grefem,2.7048470766416277,79266,0.3080766028309742,1.0,0.4710375556970083,3939
00760084,bending,blind_sub,2.7048470766416277,86465,0.29387613485225234,1.0,0.45425698324022346,3939
00760084,bending,mech_sub,2.7048470766416277,74942,0.7003149101972191,1.0,0.8237473023347067,3939
00760033,bending,grefem,0.8154388466391431,79121,0.09226374793038511,1.0,0.16894041957394615,3404
00760033,bending,blind_sub,0.8154388466391431,74906,0.10394360932368568,1.0,0.1883132588400329,3404
00760033,bending,mech_sub,0.8154388466391431,72466,0.1039659978472663,1.0,0.18835000000000002,3404
00760084,torsion_compression,grefem,2.7048470766416277,81395,0.15128693408686036,0.9997291440953413,0.26280424747207315,3692
00760084,torsion_compression,blind_sub,2.7048470766416277,86710,0.16812363049244608,0.9997291440953413,0.2878412362786747,3692
00760084,torsion_compression,mech_sub,2.7048470766416277,75633,0.12345140348789549,0.9349945828819068,0.21810540168654932,3692
00760084,compression,grefem,2.7048470766416277,83021,0.3027306344177979,1.0,0.4647632080181963,3939
00760084,compression,blind_sub,2.7048470766416277,86630,0.27440840355535034,1.0,0.43064437238455827,3939
00760084,compression,mech_sub,2.7048470766416277,73976,0.27326430193576295,0.9949225691799949,0.4287646048691679,3939
00770042,torsion,grefem,0.7164002201155595,132843,0.29954909178503947,1.0,0.4610046571978035,3631
00770042,torsion,blind_sub,0.7164002201155595,145659,0.2860859953727542,1.0,0.4448940372604495,3631
00770042,torsion,mech_sub,0.7164002201155595,132798,0.2815479148782361,1.0,0.4393872622468226,3631
00760033,torsion_compression,grefem,0.8154388466391431,78236,0.07537450789917685,1.0,0.14018280579558556,3777
00760033,torsion_compression,blind_sub,0.8154388466391431,71807,0.08036820922751264,1.0,0.1487792930985589,3777
00760033,torsion_compression,mech_sub,0.8154388466391431,72932,0.07611199473482148,1.0,0.14145738567587887,3777
00770042,compression,grefem,0.7164002201155595,130038,0.43371168427690365,1.0,0.6050193899279649,3631
00770042,compression,blind_sub,0.7164002201155595,142388,0.4348751299266792,1.0,0.6061504877416071,3631
00770042,compression,mech_sub,0.7164002201155595,133742,0.4402655859789744,1.0,0.611367223191295,3631
00770042,torsion_compression,grefem,0.7164002201155595,130038,0.12482505113889786,1.0,0.22194571682504954,3274
00770042,torsion_compression,blind_sub,0.7164002201155595,142388,0.12384470601455179,1.0,0.22039469572933723,3274
00770042,torsion_compression,mech_sub,0.7164002201155595,134981,0.13148517198716855,1.0,0.23241165724911442,3274
00770042,bending_compression,grefem,0.7164002201155595,130038,0.2364693397314631,1.0,0.38249123068885743,3274
00770042,bending_compression,blind_sub,0.7164002201155595,142388,0.23299716268224852,1.0,0.3779362511676654,3274
00770042,bending_compression,mech_sub,0.7164002201155595,134208,0.23197573915116834,1.0,0.3765914080597069,3274
00770042,bending,grefem,0.7164002201155595,124649,0.19370392060907027,1.0,0.32454265628990414,3631
00770042,bending,blind_sub,0.7164002201155595,135626,0.19478566056655802,1.0,0.3260595887536718,3631
00770042,bending,mech_sub,0.7164002201155595,134785,0.1888489075193827,1.0,0.31770043497525574,3631
00770000,compression,grefem,2.009563212041162,87919,0.18037056836406237,0.7747933884297521,0.29261975986801,5324
00770000,compression,blind_sub,2.009563212041162,86273,0.19579706281223558,1.0,0.3274754034798623,5324
00770000,compression,mech_sub,2.009563212041162,35084,0.27169079922471784,0.2531930879038317,0.2621159997388864,5324
00770000,bending,grefem,2.009563212041162,95033,0.260456893921059,1.0,0.4132737821930959,5324
00770000,bending,blind_sub,2.009563212041162,86273,0.26540168998412017,1.0,0.41947421452780065,5324
00770000,bending,mech_sub,2.009563212041162,85854,0.3287674424022177,0.6746806912096168,0.4421016649634837,5324
00770000,torsion,grefem,2.009563212041162,73994,0.27323837067870366,0.7943275732531931,0.4066086467717385,5324
00770000,torsion,blind_sub,2.009563212041162,72647,0.2809613611023167,0.9566115702479339,0.43435159579620436,5324
00770000,torsion,mech_sub,2.009563212041162,37658,0.6460513038398216,0.6367392937640871,0.6413615000152262,5324
00770000,bending_compression,grefem,2.009563212041162,73994,0.2751574451982593,0.7136645962732919,0.3971799146927811,4830
00770000,bending_compression,blind_sub,2.009563212041162,72647,0.2776852450892673,0.8372670807453416,0.41705229745658906,4830
00770000,bending_compression,mech_sub,2.009563212041162,51873,0.5066604977541302,0.30869565217391304,0.38364558309586205,4830
00770059,bending_compression,grefem,4.486114541689503,178020,0.4186945287046399,0.9997485541865728,0.5902094412770962,3977
00770059,bending_compression,blind_sub,4.486114541689503,172821,0.40088878087732394,0.9994971083731455,0.5722525203114996,3977
00770059,bending_compression,mech_sub,4.486114541689503,171082,0.35479477677371085,0.9992456625597184,0.523658129390141,3977
00770059,compression,grefem,4.486114541689503,200379,0.4431951451998463,1.0,0.6141860256028991,4165
00770059,compression,blind_sub,4.486114541689503,202148,0.42791420147614617,1.0,0.5993556209942837,4165
00770059,compression,mech_sub,4.486114541689503,200492,0.4254833110548052,0.9966386554621849,0.5963667322991083,4165
00770059,torsion,grefem,4.486114541689503,198326,0.4278006917902847,1.0,0.5992442702263658,4165
00770059,torsion,blind_sub,4.486114541689503,201709,0.4352111209713002,1.0,0.6064767957995819,4165
00770059,torsion,mech_sub,4.486114541689503,201527,0.5339483046936638,1.0,0.6961750967224357,4165
00770000,torsion_compression,grefem,2.009563212041162,73588,0.08767733869652661,0.2902691511387164,0.1346752906139536,4830
00770000,torsion_compression,blind_sub,2.009563212041162,72148,0.09764650440760658,0.5316770186335403,0.16499113871524135,4830
00770000,torsion_compression,mech_sub,2.009563212041162,36574,0.14493902772461312,0.5248447204968945,0.22714938574490035,4830
00770059,bending,grefem,4.486114541689503,206860,0.4477521028715073,0.9985594237695078,0.6182721683389208,4165
00770059,bending,blind_sub,4.486114541689503,203846,0.4571490242634145,0.9995198079231693,0.6273622320018234,4165
00770059,bending,mech_sub,4.486114541689503,198180,0.49824402058734485,0.995438175270108,0.6640918932664855,4165
00770080,bending,grefem,14.853233939926389,79630,0.1580811252040688,0.9997650927883486,0.27299651430699307,4257
00770080,bending,blind_sub,14.853233939926389,75681,0.13123505239095679,1.0,0.23202083795685238,4257
00770080,bending,mech_sub,14.853233939926389,71638,0.04480862112286775,0.9490251350716467,0.08557670223707084,4257
00770080,torsion,grefem,14.853233939926389,91110,0.14883108330589398,0.9978858350951374,0.2590289328946251,4257
00770080,torsion,blind_sub,14.853233939926389,84041,0.1168953249009412,0.9997650927883486,0.20931675108167408,4257
00770080,torsion,mech_sub,14.853233939926389,66069,0.044725968305862056,0.9588912379610054,0.08546553177847527,4257
00770080,compression,grefem,14.853233939926389,129395,0.17433440241122145,1.0,0.2969075964278428,4257
00770080,compression,blind_sub,14.853233939926389,125237,0.16968627482293572,1.0,0.2901398066735842,4257
00770080,compression,mech_sub,14.853233939926389,96293,0.24906275637896835,0.9938924124970636,0.3983113631113596,4257
00780019,torsion,grefem,3.3127556200624904,53321,0.3418915624238105,0.9995067817509248,0.5095025452357413,4055
00780019,torsion,blind_sub,3.3127556200624904,59398,0.30945486380012793,1.0,0.4726468584065107,4055
00780019,torsion,mech_sub,3.3127556200624904,60497,0.3675554159710399,1.0,0.5375364123143124,4055
00770059,torsion_compression,grefem,4.486114541689503,192482,0.347710435261479,1.0,0.5160016961566631,3977
00770059,torsion_compression,blind_sub,4.486114541689503,202205,0.3425632402759576,1.0,0.5103122594143801,3977
00770059,torsion_compression,mech_sub,4.486114541689503,189145,0.33132781728303684,0.9997485541865728,0.4977092425204572,3977
00780019,bending_compression,grefem,3.3127556200624904,164056,0.21122665431316137,1.0,0.34878138383263974,3807
00780019,bending_compression,blind_sub,3.3127556200624904,157864,0.18019307758577002,1.0,0.30536203102356285,3807
00780019,bending_compression,mech_sub,3.3127556200624904,160736,0.1941071073063906,1.0,0.32510836945648547,3807
00770080,torsion_compression,grefem,14.853233939926389,81689,0.0985567212231757,0.9337825278810409,0.1782951570683784,4304
00770080,torsion_compression,blind_sub,14.853233939926389,75596,0.10818032700142864,0.9962825278810409,0.1951684824447085,4304
00770080,torsion_compression,mech_sub,14.853233939926389,74652,0.024152065584311204,0.2997211895910781,0.0447019672809437,4304
00780019,bending,grefem,3.3127556200624904,159779,0.1698283253744234,1.0,0.2903474325090683,4055
00780019,bending,blind_sub,3.3127556200624904,153603,0.13049224299004578,1.0,0.23085915679510735,4055
00780019,bending,mech_sub,3.3127556200624904,155161,0.18398308853384548,1.0,0.31078668321466674,4055
00770080,bending_compression,grefem,14.853233939926389,85167,0.07931475806356922,0.9375,0.14625591356719367,4304
00770080,bending_compression,blind_sub,14.853233939926389,79249,0.09361632323436257,0.9979089219330854,0.171174353699553,4304
00770080,bending_compression,mech_sub,14.853233939926389,71874,0.0059826919331051566,0.45934014869888473,0.011811543995733167,4304
00780019,compression,grefem,3.3127556200624904,107031,0.3156188394016687,1.0,0.4798028577109905,4055
00780019,compression,blind_sub,3.3127556200624904,104503,0.29394371453451096,1.0,0.4543377138166409,4055
00780019,compression,mech_sub,3.3127556200624904,107240,0.23369078701976875,1.0,0.37884823243966415,4055
00790071,torsion_compression,grefem,2.8127217817573835,71901,0.11617362762687584,1.0,0.20816407904901935,4146
00790071,torsion_compression,blind_sub,2.8127217817573835,75390,0.08690807799442897,1.0,0.15991799077396207,4146
00790071,torsion_compression,mech_sub,2.8127217817573835,79815,0.10332644239804548,0.9954172696575012,0.18721913772387677,4146
00780019,torsion_compression,grefem,3.3127556200624904,159779,0.14369848353037634,1.0,0.25128735518964207,3807
00780019,torsion_compression,blind_sub,3.3127556200624904,153603,0.1186044543400845,1.0,0.21205789746305745,3807
00780019,torsion_compression,mech_sub,3.3127556200624904,153567,0.12807439098243764,1.0,0.22706727855225564,3807
00790046,torsion_compression,grefem,19.821231555371867,290140,0.08282553250155097,1.0,0.15298038329444794,4554
00790046,torsion_compression,blind_sub,19.821231555371867,298229,0.09198635947543667,1.0,0.16847529033169362,4554
00790046,torsion_compression,mech_sub,19.821231555371867,255736,0.022519316795445304,0.9997804128238911,0.044046518237162685,4554
00790071,bending_compression,grefem,2.8127217817573835,108721,0.16137636703120833,1.0,0.2779053743683969,4146
00790071,bending_compression,blind_sub,2.8127217817573835,100266,0.12713182933397163,1.0,0.22558466725067028,4146
00790071,bending_compression,mech_sub,2.8127217817573835,105669,0.14149845271555517,0.9445248432223831,0.24612511419829988,4146
00790071,compression,grefem,2.8127217817573835,102202,0.20426214751179037,1.0,0.33923203171972244,4317
00790071,compression,blind_sub,2.8127217817573835,76484,0.2393180272998274,1.0,0.3862092247963877,4317
00790071,compression,mech_sub,2.8127217817573835,100273,0.3246935865088309,0.9900393791985175,0.4890109934133925,4317
00810061,compression,grefem,3.154668996431272,75570,0.33605928278417363,0.9966904276985743,0.5026406198488833,3928
00810061,compression,blind_sub,3.154668996431272,74125,0.33220910623946037,0.9966904276985743,0.4983215476070867,3928
00810061,compression,mech_sub,3.154668996431272,69181,0.75272112285165,0.9971995926680245,0.8578825205545082,3928
00790046,bending_compression,grefem,19.821231555371867,238983,0.09345434612503818,1.0,0.1709341527723034,4554
00790046,bending_compression,blind_sub,19.821231555371867,240704,0.09032255384206328,1.0,0.1656804282802111,4554
00790046,bending_compression,mech_sub,19.821231555371867,210431,0.027590991821547204,0.9993412384716732,0.053699387601719176,4554
00790071,torsion,grefem,2.8127217817573835,72000,0.45579166666666665,0.999536715311559,0.6260861960887633,4317
00790071,torsion,blind_sub,2.8127217817573835,75640,0.36823109465891063,1.0,0.5382586261872784,4317
00790071,torsion,mech_sub,2.8127217817573835,73452,0.4784757392582911,0.9900393791985175,0.645154847782063,4317
00790071,bending,grefem,2.8127217817573835,84259,0.1748537248246478,1.0,0.29766041700339424,4317
00790071,bending,blind_sub,2.8127217817573835,65556,0.19589358716212094,1.0,0.3276103982244445,4317
00790071,bending,mech_sub,2.8127217817573835,75079,0.33217011414643244,0.9981468612462359,0.49845948442054694,4317
00790046,compression,grefem,19.821231555371867,240207,0.11672016219344149,1.0,0.20904102235278327,4583
00790046,compression,blind_sub,19.821231555371867,262370,0.096386782025384,1.0,0.17582623870624592,4583
00790046,compression,mech_sub,19.821231555371867,209963,0.13176131032610508,1.0,0.2328429309677311,4583
00810061,torsion,grefem,3.154668996431272,82128,0.5436026690044808,1.0,0.7043297863109653,3928
00810061,torsion,blind_sub,3.154668996431272,74125,0.5073591905564924,1.0,0.6731762326259922,3928
00810061,torsion,mech_sub,3.154668996431272,76479,0.8455262228847135,0.9625763747454175,0.9002625928897017,3928
00810061,bending,grefem,3.154668996431272,76378,0.4275314881248527,1.0,0.5989801159292685,3928
00810061,bending,blind_sub,3.154668996431272,74125,0.42518718381112985,1.0,0.5966755646428504,3928
00810061,bending,mech_sub,3.154668996431272,68650,0.7276766205389658,0.9913441955193483,0.8392894224987302,3928
00810061,bending_compression,grefem,3.154668996431272,77440,0.35537190082644626,0.9914738124238733,0.5232105353632742,3284
00810061,bending_compression,blind_sub,3.154668996431272,74125,0.32999662731871837,0.9811205846528623,0.4938787790628616,3284
00810061,bending_compression,mech_sub,3.154668996431272,69098,0.30184665258039306,0.9725943970767357,0.4607107769402759,3284
00810061,torsion_compression,grefem,3.154668996431272,72877,0.11711513920715727,0.9993909866017052,0.20966085507760837,3284
00810061,torsion_compression,blind_sub,3.154668996431272,74125,0.11456323777403035,0.9939098660170523,0.20544572875432945,3284
00810061,torsion_compression,mech_sub,3.154668996431272,65356,0.08946385947732419,0.9981729598051157,0.16420997124570477,3284
00810057,bending,grefem,1.621301120886942,71602,0.33828664003798775,0.861212005352705,0.48576380935595287,5231
00810057,bending,blind_sub,1.621301120886942,74269,0.35881727234781674,0.8430510418658,0.5033850576054136,5231
00810057,bending,mech_sub,1.621301120886942,65088,0.4912118977384464,0.8703880711145097,0.6280037984155333,5231
00810057,torsion,grefem,1.621301120886942,88958,0.5539580476179771,1.0,0.7129639676786967,5231
00810057,torsion,blind_sub,1.621301120886942,89146,0.6089112242837592,1.0,0.7569233343559139,5231
00810057,torsion,mech_sub,1.621301120886942,81608,0.767780119596118,1.0,0.8686375766818009,5231
00810057,compression,grefem,1.621301120886942,71602,0.6145778050892433,0.9954119671190977,0.7599527804111498,5231
00810057,compression,blind_sub,1.621301120886942,74269,0.6151153240248287,0.9954119671190977,0.7603635878256443,5231
00810057,compression,mech_sub,1.621301120886942,66235,0.6125311391258398,0.9950296310456892,0.7582750769706167,5231
00790046,bending,grefem,19.821231555371867,210903,0.049307027401222364,0.9997818023128955,0.09397920810065036,4583
00790046,bending,blind_sub,19.821231555371867,218184,0.052084479155208446,1.0,0.09901197135239688,4583
00790046,bending,mech_sub,19.821231555371867,178270,0.020715768216749874,0.9991272092515819,0.04058994991029711,4583
00810064,bending,grefem,0.98616952744521,11509,0.4482578851333739,1.0,0.6190304775617951,4264
00810064,bending,blind_sub,0.98616952744521,11888,0.09959623149394348,1.0,0.1811505507955936,4264
00810064,bending,mech_sub,0.98616952744521,10092,0.11662703131193024,1.0,0.20889164965835477,4264
00810057,torsion_compression,grefem,1.621301120886942,88958,0.5151419771127947,1.0,0.679991690408357,5131
00810057,torsion_compression,blind_sub,1.621301120886942,89146,0.5445449038655689,0.9900604170726954,0.702633240325699,5131
00810057,torsion_compression,mech_sub,1.621301120886942,84412,0.5881154338245747,0.9836289222373806,0.7361087038014889,5131
00810064,bending_compression,grefem,0.98616952744521,8522,0.15677071110068058,0.9997557997557998,0.2710399220138519,4095
00810064,bending_compression,blind_sub,0.98616952744521,8227,0.20979700984563024,1.0,0.3468301014769416,4095
00810064,bending_compression,mech_sub,0.98616952744521,8812,0.17600998638220608,1.0,0.29933416964199555,4095
00810064,torsion_compression,grefem,0.98616952744521,19157,0.07349793809051522,1.0,0.13693168003890105,4095
00810064,torsion_compression,blind_sub,0.98616952744521,18436,0.07246691256237796,1.0,0.13514060287274934,4095
00810064,torsion_compression,mech_sub,0.98616952744521,19526,0.06965072211410427,1.0,0.13023077659676338,4095
00810064,torsion,grefem,0.98616952744521,19157,0.0709923265647022,1.0,0.13257298825364333,4264
00810064,torsion,blind_sub,0.98616952744521,18923,0.06552872166147017,1.0,0.12299756980608044,4264
00810064,torsion,mech_sub,0.98616952744521,18381,0.07028997334203797,1.0,0.13134753215066336,4264
00790046,torsion,grefem,19.821231555371867,280339,0.07322206328766244,1.0,0.13645277299528696,4583
00790046,torsion,blind_sub,19.821231555371867,294031,0.0776788841992851,1.0,0.14415961069331054,4583
00790046,torsion,mech_sub,19.821231555371867,246709,0.0708932385928361,0.9984726161902684,0.1323867918381348,4583
00810064,compression,grefem,0.98616952744521,18752,0.0859641638225256,1.0,0.15831860145354545,4264
00810064,compression,blind_sub,0.98616952744521,18532,0.08347722857759551,1.0,0.15409133921012003,4264
00810064,compression,mech_sub,0.98616952744521,10794,0.13498239762831202,1.0,0.2378581340298751,4264
00830004,bending,grefem,4.211777733088426,84711,0.2122628702293681,0.9987645169261181,0.3501169755441162,4047
00830004,bending,blind_sub,4.211777733088426,81675,0.16770125497398225,0.9962935507783544,0.2870797669582806,4047
00830004,bending,mech_sub,4.211777733088426,79158,0.22697642689304934,0.996787744007907,0.36975640549948624,4047
00810057,bending_compression,grefem,1.621301120886942,71602,0.5661434038155359,0.9822646657571623,0.7182895416877448,5131
00810057,bending_compression,blind_sub,1.621301120886942,74269,0.5758795729039033,0.9881114792438122,0.7276681229946407,5131
00810057,bending_compression,mech_sub,1.621301120886942,67249,0.6141206560692353,0.9851880725004872,0.7566073199346117,5131
00830004,torsion,grefem,4.211777733088426,86105,0.5220835027001917,1.0,0.6860116436108928,4047
00830004,torsion,blind_sub,4.211777733088426,84073,0.6033803956085783,1.0,0.7526353662064821,4047
00830004,torsion,mech_sub,4.211777733088426,79485,0.6919796187959992,1.0,0.8179526645698098,4047
00830004,bending_compression,grefem,4.211777733088426,82578,0.3414468744701979,1.0,0.5090725260440175,4123
00830004,bending_compression,blind_sub,4.211777733088426,79813,0.42133487025923094,1.0,0.5928720656552745,4123
00830004,bending_compression,mech_sub,4.211777733088426,77105,0.6987354905648142,1.0,0.8226536673257954,4123
00830004,torsion_compression,grefem,4.211777733088426,84862,0.06530602625438948,1.0,0.12260519446042212,4123
00830004,torsion_compression,blind_sub,4.211777733088426,82229,0.08586994855829452,1.0,0.1581588083771979,4123
00830004,torsion_compression,mech_sub,4.211777733088426,77457,0.24799566210929935,1.0,0.3974303271057042,4123
00830028,compression,grefem,3.12769332108237,22907,0.17252368271707338,1.0,0.2942775233627462,3905
00830028,compression,blind_sub,3.12769332108237,28499,0.09375767570791958,1.0,0.1714414038689808,3905
00830028,compression,mech_sub,3.12769332108237,26057,0.0533445907049929,0.9577464788732394,0.10106032077991368,3905
00830004,compression,grefem,4.211777733088426,82578,0.18261522439390637,0.9923400049419323,0.308465187699035,4047
00830004,compression,blind_sub,4.211777733088426,79585,0.16484262109694037,0.9906103286384976,0.2826507182241575,4047
00830004,compression,mech_sub,4.211777733088426,80181,0.1645776430825258,0.9913516184828268,0.2822911717192942,4047
00830028,bending,grefem,3.12769332108237,39952,0.17966559871846216,1.0,0.3046042860173987,3905
00830028,bending,blind_sub,3.12769332108237,44145,0.1179748555895345,1.0,0.21105099993921342,3905
00830028,bending,mech_sub,3.12769332108237,32743,0.07170998381333414,0.9966709346991037,0.1337935849584556,3905
00830028,torsion,grefem,3.12769332108237,39952,0.20509611533840608,1.0,0.34038134009055787,3905
00830028,torsion,blind_sub,3.12769332108237,44145,0.13208743912107826,1.0,0.23335200896430286,3905
00830028,torsion,mech_sub,3.12769332108237,31755,0.10338529365454259,0.9918053777208706,0.1872515771067564,3905
00830032,compression,grefem,8.183111032894159,29888,0.46470155246252676,1.0,0.634534116088357,4118
00830032,compression,blind_sub,8.183111032894159,31042,0.31657109722311705,1.0,0.4809023954586606,4118
00830032,compression,mech_sub,8.183111032894159,32450,0.3296456086286595,1.0,0.49583980346258144,4118
00830028,torsion_compression,grefem,3.12769332108237,37218,0.4084582728787146,1.0,0.5800076306753147,3820
00830028,torsion_compression,blind_sub,3.12769332108237,43439,0.40136743479361864,1.0,0.5728225514998193,3820
00830028,torsion_compression,mech_sub,3.12769332108237,26489,0.6356223337989354,0.9960732984293194,0.7760349688720385,3820
00830032,bending,grefem,8.183111032894159,29888,0.49655380085653106,1.0,0.6635963245321826,4118
00830032,bending,blind_sub,8.183111032894159,33424,0.3177656773575874,1.0,0.48227948688840955,4118
00830032,bending,mech_sub,8.183111032894159,33847,0.3372529323130558,1.0,0.5043966240996863,4118
00830032,torsion,grefem,8.183111032894159,33175,0.5404069329314243,0.8695968916949975,0.6665743467073252,4118
00830032,torsion,blind_sub,8.183111032894159,36708,0.4251661763103411,0.8661971830985915,0.5703704407989092,4118
00830032,torsion,mech_sub,8.183111032894159,31490,0.4355350905049222,0.6979116075764934,0.5363551646227125,4118
00830032,torsion_compression,grefem,8.183111032894159,29888,0.2993843683083512,0.9838354151359294,0.4590717008574615,2722
00830032,torsion_compression,blind_sub,8.183111032894159,34050,0.1631424375917768,0.9849375459221161,0.2799197171360704,2722
00830032,torsion_compression,mech_sub,8.183111032894159,31761,0.23173073895658197,0.9897134459955915,0.3755341930827627,2722
00830028,bending_compression,grefem,3.12769332108237,22907,0.43877417383332606,1.0,0.6099277868802719,3820
00830028,bending_compression,blind_sub,3.12769332108237,27240,0.36369309838472835,1.0,0.533394352168412,3820
00830028,bending_compression,mech_sub,3.12769332108237,26503,0.452778930687092,0.9952879581151832,0.6224096702796231,3820
00830032,bending_compression,grefem,8.183111032894159,33175,0.45039939713639787,1.0,0.6210694764844026,2722
00830032,bending_compression,blind_sub,8.183111032894159,36404,0.2900780134051203,0.997060984570169,0.4494082925042732,2722
00830032,bending_compression,mech_sub,8.183111032894159,34718,0.3480615242813526,0.9937545922116091,0.5155516227227861,2722
00830083,torsion,grefem,2.7054653521561947,46488,0.14943641369815866,0.2636490900606626,0.19075360493139515,4286
00830083,torsion,blind_sub,2.7054653521561947,48551,0.26374328026199256,1.0,0.4174000912706174,4286
00830083,torsion,mech_sub,2.7054653521561947,37530,0.13312017053024247,0.2487167522165189,0.17342071704652548,4286
00830083,bending_compression,grefem,2.7054653521561947,68236,0.1465062430388651,0.4592203483549903,0.22214196609619408,3617
00830083,bending_compression,blind_sub,2.7054653521561947,65351,0.28499946443053664,1.0,0.44357911784319326,3617
00830083,bending_compression,mech_sub,2.7054653521561947,38443,0.08534713732018834,0.3870611003594139,0.13985597307082892,3617
00840052,torsion,grefem,3.5530967966834157,4680,0.10833333333333334,0.18397524071526822,0.13636720128622407,2908
00840052,torsion,blind_sub,3.5530967966834157,4542,0.11162483487450463,0.18397524071526822,0.1389458769580204,2908
00840052,torsion,mech_sub,3.5530967966834157,4534,0.11182179091310102,0.18397524071526822,0.13909835935268455,2908
00830083,compression,grefem,2.7054653521561947,68298,0.21486719962517203,0.9995333644423705,0.3537003214661118,4286
00830083,compression,blind_sub,2.7054653521561947,65351,0.23228412725130448,1.0,0.3769976779128534,4286
00830083,compression,mech_sub,2.7054653521561947,54376,0.2917463586876563,0.808212785814279,0.4287307187448137,4286
00830083,bending,grefem,2.7054653521561947,49509,0.10729362338160739,0.32804479701353245,0.16170001660372058,4286
00830083,bending,blind_sub,2.7054653521561947,51891,0.26732959472740936,1.0,0.4218785639341271,4286
00830083,bending,mech_sub,2.7054653521561947,37414,0.1282942214144438,0.33364442370508635,0.18532613376583298,4286
00830036,compression,grefem,1.9311647803324132,162337,0.15371726716645004,1.0,0.266473028602549,5709
00830036,compression,blind_sub,1.9311647803324132,174466,0.1467735833916064,1.0,0.25597656855247836,5709
00830036,compression,mech_sub,1.9311647803324132,152089,0.09257737245954671,1.0,0.16946602555229917,5709
00840052,compression,grefem,3.5530967966834157,4680,0.10811965811965812,0.10385144429160935,0.1059425791941786,2908
00840052,compression,blind_sub,3.5530967966834157,4542,0.11140466754733598,0.10385144429160935,0.10749553661244009,2908
00840052,compression,mech_sub,3.5530967966834157,4439,0.11444018923180897,0.10385144429160935,0.10888900087371826,2908
00840014,bending,grefem,7.781088037023939,292724,0.22436151460078435,1.0,0.3664955357142857,3725
00840014,bending,blind_sub,7.781088037023939,312841,0.22300785382990082,1.0,0.36468752531971455,3725
00840014,bending,mech_sub,7.781088037023939,296447,0.20571299422831063,1.0,0.34123045071762304,3725
00830083,torsion_compression,grefem,2.7054653521561947,86290,0.23888051917951095,1.0,0.3856393178863082,3617
00830083,torsion_compression,blind_sub,2.7054653521561947,87006,0.26670574443141853,1.0,0.4211013419713096,3617
00830083,torsion_compression,mech_sub,2.7054653521561947,37628,0.08461783778037632,0.5789328172518662,0.14765426827458797,3617
00840052,bending,grefem,3.5530967966834157,4680,0.12222222222222222,0.24587345254470427,0.1632792875085636,2908
00840052,bending,blind_sub,3.5530967966834157,4546,0.12582490101187857,0.24587345254470427,0.16646295326232463,2908
00840052,bending,mech_sub,3.5530967966834157,4535,0.1261300992282249,0.24587345254470427,0.16672982190223568,2908
00830036,torsion,grefem,1.9311647803324132,108834,0.3766561919988239,0.9977228936766509,0.5468629575625399,5709
00830036,torsion,blind_sub,1.9311647803324132,115247,0.29806415785226514,1.0,0.4592441075415447,5709
00830036,torsion,mech_sub,1.9311647803324132,102917,0.20815803025739188,1.0,0.344587421585974,5709
00840052,bending_compression,grefem,3.5530967966834157,4680,0.21196581196581196,0.5073937153419593,0.2990163243164892,2164
00840052,bending_compression,blind_sub,3.5530967966834157,4535,0.20683572216097024,0.49630314232902034,0.2919856205895814,2164
00840052,bending_compression,mech_sub,3.5530967966834157,4534,0.20842523158359064,0.5069316081330869,0.29539757490548924,2164
00840053,bending,grefem,7.189142789354302,136120,0.872472818101675,1.0,0.9318937072594662,4097
00840053,bending,blind_sub,7.189142789354302,135949,0.8639710479665168,1.0,0.9270219608926422,4097
00840053,bending,mech_sub,7.189142789354302,128691,0.8287525934214514,1.0,0.9063583520293698,4097
00840053,torsion,grefem,7.189142789354302,135818,0.5119939919598286,1.0,0.6772434211807787,4097
00840053,torsion,blind_sub,7.189142789354302,135945,0.4791643679429181,1.0,0.6478852226670314,4097
00840053,torsion,mech_sub,7.189142789354302,120129,0.6464883583481091,1.0,0.785293567452513,4097
00840053,bending_compression,grefem,7.189142789354302,147576,0.3498671870764894,1.0,0.5183727561142123,3282
00840053,bending_compression,blind_sub,7.189142789354302,137347,0.35017874434825663,1.0,0.5187146454705759,3282
00840053,bending_compression,mech_sub,7.189142789354302,138798,0.30138042334903964,1.0,0.4631703657773669,3282
00840014,torsion,grefem,7.781088037023939,292217,0.3655434146541782,1.0,0.5353816081296127,3725
00840014,torsion,blind_sub,7.781088037023939,313801,0.38223906233568405,1.0,0.553072290823243,3725
00840014,torsion,mech_sub,7.781088037023939,268175,0.4071072993381188,1.0,0.5786442860890789,3725
00840014,torsion_compression,grefem,7.781088037023939,292724,0.2065836760907886,1.0,0.34242743405927584,3429
00840014,torsion_compression,blind_sub,7.781088037023939,312841,0.23095118606576504,1.0,0.37524020234125866,3429
00840014,torsion_compression,mech_sub,7.781088037023939,306533,0.2193923655854345,1.0,0.35983883740342015,3429
00840075,bending,grefem,3.4809115250221176,78466,0.2318966176433105,0.9995146809026936,0.37645273201544893,4121
00840075,bending,blind_sub,3.4809115250221176,80137,0.28192969539663326,1.0,0.43985203932638955,4121
00840075,bending,mech_sub,3.4809115250221176,70364,0.1890881700869763,1.0,0.31803893915309134,4121
00840014,bending_compression,grefem,7.781088037023939,292217,0.20794135864785415,1.0,0.34429048589017536,3429
00840014,bending_compression,blind_sub,7.781088037023939,313801,0.2329724889340697,1.0,0.37790379108211775,3429
00840014,bending_compression,mech_sub,7.781088037023939,313845,0.24312957032930269,1.0,0.3911572472126106,3429
00840052,torsion_compression,grefem,3.5530967966834157,4680,0.09764957264957265,0.5780961182994455,0.16707717017932594,2164
00840052,torsion_compression,blind_sub,3.5530967966834157,4545,0.10077007700770077,0.5780961182994455,0.1716237772968831,2164
00840052,torsion_compression,mech_sub,3.5530967966834157,4531,0.1010814389759435,0.5780961182994455,0.17207514258431664,2164
00830036,bending_compression,grefem,1.9311647803324132,133067,0.18453861588523074,1.0,0.3115788939431428,5368
00830036,bending_compression,blind_sub,1.9311647803324132,125137,0.14043008862286935,1.0,0.2462756639338519,5368
00830036,bending_compression,mech_sub,1.9311647803324132,119922,0.1001817848268041,1.0,0.18211860295901044,5368
00840014,compression,grefem,7.781088037023939,292724,0.1829607411759883,1.0,0.3093268183931547,3725
00840014,compression,blind_sub,7.781088037023939,312841,0.18363321943095695,1.0,0.31028737013521873,3725
00840014,compression,mech_sub,7.781088037023939,316908,0.16394032337460715,1.0,0.2816988467231648,3725
00830036,bending,grefem,1.9311647803324132,185084,0.12071275745067105,1.0,0.21542140329563314,5709
00830036,bending,blind_sub,1.9311647803324132,174187,0.12243738051634163,1.0,0.2181634051781458,5709
00830036,bending,mech_sub,1.9311647803324132,179585,0.0028231756549823204,1.0,0.0056304555449436956,5709
00840075,compression,grefem,3.4809115250221176,71435,0.28687618114369706,0.9839844697888862,0.44423707161063997,4121
00840075,compression,blind_sub,3.4809115250221176,73756,0.3081105266012257,1.0,0.47107720691120536,4121
00840075,compression,mech_sub,3.4809115250221176,65017,0.17007859482904472,0.9997573404513468,0.2907028558551377,4121
00840053,compression,grefem,7.189142789354302,136120,0.17150308551278284,1.0,0.2927915216505189,4097
00840053,compression,blind_sub,7.189142789354302,137347,0.16709502209731555,1.0,0.2863434749246711,4097
00840053,compression,mech_sub,7.189142789354302,137514,0.16830286370842243,1.0,0.28811512654209565,4097
00830036,torsion_compression,grefem,1.9311647803324132,181342,0.14293434504968514,1.0,0.2501182078721618,5368
00830036,torsion_compression,blind_sub,1.9311647803324132,174187,0.14165810307313403,1.0,0.2481620420190886,5368
00830036,torsion_compression,mech_sub,1.9311647803324132,161099,0.11726950508693412,1.0,0.20992160719147068,5368
00840075,bending_compression,grefem,3.4809115250221176,105268,0.22918645742295854,1.0,0.372907553673277,4117
00840075,bending_compression,blind_sub,3.4809115250221176,103041,0.25531584514901834,1.0,0.4067754679201231,4117
00840075,bending_compression,mech_sub,3.4809115250221176,98872,0.14568330771097984,1.0,0.2543168897206822,4117
00840075,torsion,grefem,3.4809115250221176,100415,0.33646367574565555,1.0,0.5035133866364633,4121
00840075,torsion,blind_sub,3.4809115250221176,103115,0.35169470979004025,1.0,0.5203759506385421,4121
00840075,torsion,mech_sub,3.4809115250221176,94046,0.240052740148438,0.9978160640621209,0.38700140035437586,4121
00840053,torsion_compression,grefem,7.189142789354302,147576,0.32894915162357025,1.0,0.4950515243140714,3282
00840053,torsion_compression,blind_sub,7.189142789354302,137347,0.329384697153924,1.0,0.4955445897024432,3282
00840053,torsion_compression,mech_sub,7.189142789354302,135064,0.4464994373037967,1.0,0.6173516916619747,3282
00840075,torsion_compression,grefem,3.4809115250221176,100807,0.27533802216115943,1.0,0.43178830612229024,4117
00840075,torsion_compression,blind_sub,3.4809115250221176,103383,0.29254326146465087,1.0,0.45266300972108936,4117
00840075,torsion_compression,mech_sub,3.4809115250221176,97222,0.16458209047334965,1.0,0.2826457521881596,4117
00850096,compression,grefem,2.985657676584581,4801,0.1555925848781504,0.997332622032542,0.26918929296576116,3749
00850096,compression,blind_sub,2.985657676584581,1580,0.052531645569620256,0.4745265404107762,0.09459168151565013,3749
00850096,compression,mech_sub,2.985657676584581,839,0.07508939213349225,0.48946385702854095,0.13020399244939607,3749
00850096,torsion,grefem,2.985657676584581,4801,0.7296396584044991,0.9775940250733529,0.8356107045167189,3749
00850096,torsion,blind_sub,2.985657676584581,1580,0.33164556962025316,0.7650040010669512,0.46270056447774266,3749
00850096,torsion,mech_sub,2.985657676584581,1117,0.5989256938227395,0.7217924779941318,0.6546439201089631,3749
00850096,bending_compression,grefem,2.985657676584581,75750,0.2963828382838284,0.9991028708133971,0.45715200485777385,3344
00850096,bending_compression,blind_sub,2.985657676584581,85987,0.22994173537860374,1.0,0.37390671243109336,3344
00850096,bending_compression,mech_sub,2.985657676584581,83045,0.24148353302426395,1.0,0.3890241418442468,3344
00850096,bending,grefem,2.985657676584581,75510,0.17531452787710236,0.9967991464390504,0.29818502347601605,3749
00850096,bending,blind_sub,2.985657676584581,88994,0.18121446389644247,1.0,0.3068273703636762,3749
00850096,bending,mech_sub,2.985657676584581,85639,0.16679316666472052,1.0,0.2859001431101949,3749
00850096,torsion_compression,grefem,2.985657676584581,4801,0.43678400333263906,0.8983253588516746,0.5877782864057187,3344
00850096,torsion_compression,blind_sub,2.985657676584581,1580,0.22278481012658227,0.8585526315789473,0.35377020647377294,3344
00850096,torsion_compression,mech_sub,2.985657676584581,680,0.3397058823529412,0.8169856459330144,0.4798769990692808,3344
00840090,compression,grefem,2.010985843451487,61162,0.4434943265426245,0.9998038446449589,0.6144362150624714,5098
00840090,compression,blind_sub,2.010985843451487,60189,0.3814152087590756,1.0,0.5522093666562432,5098
00840090,compression,mech_sub,2.010985843451487,57493,0.46167359504635347,1.0,0.6317054595649483,5098
00840090,bending,grefem,2.010985843451487,40327,0.5033352344583034,1.0,0.6696247422680414,5098
00840090,bending,blind_sub,2.010985843451487,38422,0.2712248191140492,1.0,0.4267141657965317,5098
00840090,bending,mech_sub,2.010985843451487,36740,0.44461077844311375,1.0,0.6155440414507772,5098
00840090,bending_compression,grefem,2.010985843451487,41761,0.20847201934819568,0.7518959913326111,0.32643585356784843,4615
00840090,bending_compression,blind_sub,2.010985843451487,40314,0.28550875626333283,0.9456121343445287,0.43859306822568833,4615
00840090,bending_compression,mech_sub,2.010985843451487,35941,0.3824323196349573,0.7081256771397616,0.49664510480422674,4615
00860073,compression,grefem,1.425109315216884,80752,0.3027293441648504,0.9960419552740946,0.4643329091288976,5053
00860073,compression,blind_sub,1.425109315216884,75587,0.3665842009869422,0.9966356619829804,0.5360116849048348,5053
00860073,compression,mech_sub,1.425109315216884,83805,0.30184356541972435,0.9972293686918662,0.46341858148721493,5053
00860049,compression,grefem,2.136959242959916,20298,0.025273425953295892,0.13563308506468053,0.04260750805561027,5102
00860049,compression,blind_sub,2.136959242959916,8644,0.00011568718186024989,0.0001960015680125441,0.00014549687181725595,5102
00860049,compression,mech_sub,2.136959242959916,19705,0.0,0.0,0.0,5102
00860049,bending,grefem,2.136959242959916,19043,0.0002625636716903849,0.0015680125441003528,0.00044980714518650126,5102
00860049,bending,blind_sub,2.136959242959916,8113,0.0004930358683594232,0.037436299490395925,0.0009732539868062939,5102
00860049,bending,mech_sub,2.136959242959916,17489,0.0,0.0,0.0,5102
00840090,torsion_compression,grefem,2.010985843451487,51332,0.10732096937582794,0.8039003250270856,0.18936204123715686,4615
00840090,torsion_compression,blind_sub,2.010985843451487,49811,0.14795928610146353,0.9406283856988082,0.2556977412845491,4615
00840090,torsion_compression,mech_sub,2.010985843451487,46715,0.26098683506368403,0.8591549295774648,0.40035669230067333,4615
00860073,bending,grefem,1.425109315216884,80752,0.26634634436298793,0.9990104888185236,0.4205656218065828,5053
00860073,bending,blind_sub,1.425109315216884,75587,0.3167608186592933,1.0,0.4811212699688537,5053
00860073,bending,mech_sub,1.425109315216884,80102,0.41562008439239967,1.0,0.5871915621637829,5053
00860049,torsion,grefem,2.136959242959916,39467,0.33845997922314847,1.0,0.5057453857075249,5102
00860049,torsion,blind_sub,2.136959242959916,39161,0.34381144506013633,1.0,0.5116959619952494,5102
00860049,torsion,mech_sub,2.136959242959916,28892,3.461165720614703e-05,0.0001960015680125441,5.883391186680002e-05,5102
00860073,torsion,grefem,1.425109315216884,97267,0.3962597797814264,0.9974272709281615,0.5671866012168916,5053
00860073,torsion,blind_sub,1.425109315216884,103640,0.4368390582786569,0.9956461508015041,0.6072483319729131,5053
00860073,torsion,mech_sub,1.425109315216884,94769,0.577150756048919,0.9956461508015041,0.7307210819011785,5053
00840090,torsion,grefem,2.010985843451487,50317,0.4602619393048075,0.951157316594743,0.6203422679547314,5098
00840090,torsion,blind_sub,2.010985843451487,49159,0.3479932464045241,0.9984307571596704,0.5161036338840869,5098
00840090,torsion,mech_sub,2.010985843451487,45295,0.503035655149575,0.8464103570027461,0.6310361209355325,5098
00860073,bending_compression,grefem,1.425109315216884,84200,0.28700712589073635,0.9997830802603037,0.44598547145923223,4610
00860073,bending_compression,blind_sub,1.425109315216884,79899,0.36255772913303047,0.9997830802603037,0.5321415620900589,4610
00860073,bending_compression,mech_sub,1.425109315216884,83121,0.40350813873750313,0.9997830802603037,0.5749634921042193,4610
00870089,compression,grefem,3.1654057753740816,31287,0.2346341931153514,1.0,0.3800869835352594,4197
00870089,compression,blind_sub,3.1654057753740816,31367,0.5016099722638442,1.0,0.6680962187639328,4197
00870089,compression,mech_sub,3.1654057753740816,12671,0.5524425854312999,0.0781510602811532,0.1369312047131053,4197
00870089,bending,grefem,3.1654057753740816,19133,0.08414780745309151,0.9959494877293305,0.15518410443255176,4197
00870089,bending,blind_sub,3.1654057753740816,19726,0.354658825915036,1.0,0.5236135019833844,4197
00870089,bending,mech_sub,3.1654057753740816,5969,0.0011727257497068187,0.19323326185370504,0.0023313029055253565,4197
00860049,bending_compression,grefem,2.136959242959916,20298,0.027490393142181494,0.06895885648058721,0.03930991858829547,5177
00860049,bending_compression,blind_sub,2.136959242959916,8644,0.0006941230911614993,0.0019316206297083252,0.0010212592126091471,5177
00860049,bending_compression,mech_sub,2.136959242959916,18525,0.0,0.0,0.0,5177
00870089,bending_compression,grefem,3.1654057753740816,11323,0.4234743442550561,0.8361934477379095,0.5622219988508894,3846
00870089,bending_compression,blind_sub,3.1654057753740816,11062,0.5501717591755559,0.999739989599584,0.7097548737608195,3846
00870089,bending_compression,mech_sub,3.1654057753740816,8955,0.7963149078726968,0.6926677067082684,0.7408838970346405,3846
00880096,torsion,grefem,3.877990064816718,54310,0.4545755846068864,0.996717397791704,0.6243858397774313,3351
00880096,torsion,blind_sub,3.877990064816718,49229,0.5028743220459485,0.996717397791704,0.668480065681035,3351
00880096,torsion,mech_sub,3.877990064816718,41540,0.5039239287433799,0.9964189794091316,0.669339474396046,3351
00860084,bending,grefem,1.3387010251782734,53609,0.4736331586114272,0.9993973483326637,0.642685566344011,4978
00860084,bending,blind_sub,1.3387010251782734,53117,0.4852495434606623,0.9979911611088791,0.6529955034458196,4978
00860084,bending,mech_sub,1.3387010251782734,48708,0.5124209575429087,0.9959823222177582,0.6766919988766013,4978
00890060,compression,grefem,1.046334614186202,9557,0.2813644449094904,1.0,0.43916380859056015,4360
00890060,compression,blind_sub,1.046334614186202,9715,0.27606793618116315,1.0,0.432685327095265,4360
00890060,compression,mech_sub,1.046334614186202,3379,0.7821840781296241,1.0,0.8777814679508469,4360
00880096,compression,grefem,3.877990064816718,51148,0.44938218503167277,0.9973142345568488,0.6195843769570119,3351
00880096,compression,blind_sub,3.877990064816718,47886,0.4671093847888736,0.9970158161742764,0.6361688798356587,3351
00880096,compression,mech_sub,3.877990064816718,45969,0.38288846831560397,0.996717397791704,0.5532472819368198,3351
00860049,torsion_compression,grefem,2.136959242959916,20298,0.02645580845403488,0.07359474599188719,0.038920494023590615,5177
00860049,torsion_compression,blind_sub,2.136959242959916,8644,0.0010411846367422489,0.0030905930075333203,0.0015576239744290064,5177
00860049,torsion_compression,mech_sub,2.136959242959916,18702,5.347021708908138e-05,0.00019316206297083252,8.37556011558273e-05,5177
00870089,torsion_compression,grefem,3.1654057753740816,13094,0.32984573086910035,0.8541341653666147,0.4759075875043925,3846
00870089,torsion_compression,blind_sub,3.1654057753740816,14132,0.40121709595244837,0.9984399375975039,0.5724133307568845,3846
00870089,torsion_compression,mech_sub,3.1654057753740816,8545,0.5885313048566413,0.8200728029121165,0.6852720563761738,3846
00870089,torsion,grefem,3.1654057753740816,26932,0.14518045447794445,0.9795091732189659,0.25287969841857155,4197
00870089,torsion,blind_sub,3.1654057753740816,27178,0.412576348517183,1.0,0.5841473261962439,4197
00870089,torsion,mech_sub,3.1654057753740816,5228,0.0009563886763580719,0.10984036216345008,0.0018962664118567247,4197
00890060,torsion_compression,grefem,1.046334614186202,12002,0.2344609231794701,1.0,0.3798596112311015,4124
00890060,torsion_compression,blind_sub,1.046334614186202,12846,0.15343297524521252,1.0,0.266045758250658,4124
00890060,torsion_compression,mech_sub,1.046334614186202,4393,0.45572501707261553,1.0,0.6261141516810008,4124
00860084,bending_compression,grefem,1.3387010251782734,68630,0.6603671863616494,1.0,0.7954471658870917,4893
00860084,bending_compression,blind_sub,1.3387010251782734,64951,0.61745007775092,0.9993868792152054,0.7633070281032749,4893
00860084,bending_compression,mech_sub,1.3387010251782734,65088,0.6148598820058997,0.9284692417739628,0.73980135493727,4893
00880045,bending,grefem,3.87178162840175,94594,0.33493667674482525,0.999512432959532,0.5017401866074437,4102
00880045,bending,blind_sub,3.87178162840175,93785,0.22094151516767074,0.7235494880546075,0.338514860690431,4102
00880045,bending,mech_sub,3.87178162840175,87112,0.04183120580402241,0.3946855192588981,0.07564507949429247,4102
00860084,torsion_compression,grefem,1.3387010251782734,83159,0.6080279945646292,1.0,0.756240558771182,4893
00860084,torsion_compression,blind_sub,1.3387010251782734,89336,0.6521559057938568,1.0,0.789460490389371,4893
00860084,torsion_compression,mech_sub,1.3387010251782734,79676,0.6053767759425674,0.9664827304312282,0.7444510110224701,4893
00890079,torsion,grefem,2.530995419752418,34926,0.2114470594972227,1.0,0.3490817990593463,3147
00890079,torsion,blind_sub,2.530995419752418,36079,0.13475983258959506,1.0,0.23751251801372708,3147
00890079,torsion,mech_sub,2.530995419752418,37373,0.198860139673026,1.0,0.33174868876241487,3147
00880045,compression,grefem,3.87178162840175,118928,0.4115683438719225,1.0,0.5831362620997766,4102
00880045,compression,blind_sub,3.87178162840175,120281,0.41999983372269933,0.9605070697220868,0.5844415678996107,4102
00880045,compression,mech_sub,3.87178162840175,108640,0.439580265095729,0.9302779132130667,0.5970425525476832,4102
00880096,bending,grefem,3.877990064816718,47505,0.4141669297968635,1.0,0.5857398035129503,3351
00880096,bending,blind_sub,3.877990064816718,43086,0.44042148261616304,1.0,0.6115175147433213,3351
00880096,bending,mech_sub,3.877990064816718,42343,0.3734737737052169,1.0,0.543838230995409,3351
00890060,bending,grefem,1.046334614186202,9557,0.21942032018415822,1.0,0.35987643727475543,4360
00890060,bending,blind_sub,1.046334614186202,9715,0.21780751415337107,1.0,0.35770433606626656,4360
00890060,bending,mech_sub,1.046334614186202,9114,0.23096335308316876,1.0,0.3752562616989037,4360
00880045,torsion,grefem,3.87178162840175,119708,0.3982273532261837,1.0,0.5696174549973413,4102
00880045,torsion,blind_sub,3.87178162840175,120775,0.42224798178430967,0.9690394929302779,0.5881961529813095,4102
00880045,torsion,mech_sub,3.87178162840175,117538,0.7897531011247426,0.9424670892247684,0.8593783983929771,4102
00880045,torsion_compression,grefem,3.87178162840175,60642,0.39289601266449,0.9659798754192621,0.5585935326316971,4174
00880045,torsion_compression,blind_sub,3.87178162840175,57644,0.3556658108389425,0.9791566842357451,0.5217960550141775,4174
00880045,torsion_compression,mech_sub,3.87178162840175,56331,0.4344676998455557,0.9724484906564447,0.6006007490794985,4174
00890060,bending_compression,grefem,1.046334614186202,9778,0.19676825526692576,1.0,0.328832678174671,4124
00890060,bending_compression,blind_sub,1.046334614186202,9839,0.19351560117898162,1.0,0.3242782934514179,4124
00890060,bending_compression,mech_sub,1.046334614186202,9490,0.20400421496311907,1.0,0.33887624715561,4124
00890079,bending_compression,grefem,2.530995419752418,34926,0.09709099238389739,1.0,0.17699715530965368,1820
00890079,bending_compression,blind_sub,2.530995419752418,32639,0.06155213088636294,1.0,0.11596628954052182,1820
00890079,bending_compression,mech_sub,2.530995419752418,34610,0.08147934123085813,1.0,0.15068127170718676,1820
00860084,compression,grefem,1.3387010251782734,45520,0.6225615114235501,0.9997991161108879,0.7673219360505115,4978
00860084,compression,blind_sub,1.3387010251782734,46109,0.5825326942679303,0.9963840899959823,0.7352208986006225,4978
00860084,compression,mech_sub,1.3387010251782734,43183,0.6438876409698261,0.9995982322217758,0.78324853065269,4978
00880096,bending_compression,grefem,3.877990064816718,44392,0.34350783925031536,0.9996885705387729,0.5113189080708337,3211
00880096,bending_compression,blind_sub,3.877990064816718,41067,0.3403949643265883,1.0,0.5079024815608764,3211
00880096,bending_compression,mech_sub,3.877990064816718,38845,0.17307246749903463,0.9993771410775459,0.29504836114604616,3211
00890079,bending,grefem,2.530995419752418,19411,0.47437020246252126,1.0,0.6434885914951605,3147
00890079,bending,blind_sub,2.530995419752418,21728,0.11989138438880707,1.0,0.21411252208934373,3147
00890079,bending,mech_sub,2.530995419752418,21877,0.13873017324130366,1.0,0.2436576750160565,3147
00890079,torsion_compression,grefem,2.530995419752418,34926,0.0869552768710989,1.0,0.15999789268498277,1820
00890079,torsion_compression,blind_sub,2.530995419752418,32639,0.06718955850363062,1.0,0.1259186954524575,1820
00890079,torsion_compression,mech_sub,2.530995419752418,36860,0.07631578947368421,1.0,0.14180929095354525,1820
00890060,torsion,grefem,1.046334614186202,11934,0.18543656778950895,1.0,0.31285784972078884,4360
00890060,torsion,blind_sub,1.046334614186202,12004,0.1814395201599467,1.0,0.3071499083345085,4360
00890060,torsion,mech_sub,1.046334614186202,3692,0.5631094257854822,1.0,0.7204990469589326,4360
00860073,torsion_compression,grefem,1.425109315216884,81787,0.229388533630039,0.9997830802603037,0.3731598942529672,4610
00860073,torsion_compression,blind_sub,1.425109315216884,77356,0.3265680748746057,0.9997830802603037,0.4923239740076243,4610
00860073,torsion_compression,mech_sub,1.425109315216884,79118,0.4216865947066407,0.9997830802603037,0.5931820143403165,4610
00880096,torsion_compression,grefem,3.877990064816718,54061,0.19855348587706478,0.9934599813142323,0.33096092921515385,3211
00880096,torsion_compression,blind_sub,3.877990064816718,51052,0.23051006816579175,0.9915914045468701,0.37406354113518625,3211
00880096,torsion_compression,mech_sub,3.877990064816718,46954,0.10900029816416067,0.9853628153223295,0.1962873919020053,3211
00890079,compression,grefem,2.530995419752418,16946,0.317774105983713,1.0,0.4822891943934441,3147
00890079,compression,blind_sub,2.530995419752418,13261,0.3811929718724078,1.0,0.5519764140642062,3147
00890079,compression,mech_sub,2.530995419752418,19124,0.2678832880150596,1.0,0.422567740339011,3147
00880045,bending_compression,grefem,3.87178162840175,96699,0.44807081769201335,0.9937709631049353,0.6176541337162371,4174
00880045,bending_compression,blind_sub,3.87178162840175,93785,0.4533240923388602,0.996166746526114,0.6230965716771572,4174
00880045,bending_compression,mech_sub,3.87178162840175,88086,0.4752401062597916,0.9705318639195016,0.6380475976172352,4174
00910017,compression,grefem,1.3166959521564428,33751,0.15818790554353945,1.0,0.27316449219749295,4637
00910017,compression,blind_sub,1.3166959521564428,36911,0.1323724634932676,1.0,0.23379668397253395,4637
00910017,compression,mech_sub,1.3166959521564428,37644,0.13664860269896928,1.0,0.24044124520893706,4637
00860084,torsion,grefem,1.3387010251782734,82658,0.5438312081105278,1.0,0.704521589217146,4978
00860084,torsion,blind_sub,1.3387010251782734,89466,0.6311895021572441,1.0,0.7739008880605196,4978
00860084,torsion,mech_sub,1.3387010251782734,76697,0.40825586398424973,0.9130172760144636,0.5642204409789093,4978
00910017,bending,grefem,1.3166959521564428,79078,0.12335921495232555,1.0,0.21962558958945438,4637
00910017,bending,blind_sub,1.3166959521564428,78531,0.11380219276464071,1.0,0.20434901906983124,4637
00910017,bending,mech_sub,1.3166959521564428,67435,0.19786461036553718,1.0,0.33036222733912696,4637
00890084,torsion,grefem,2.899409992009247,193739,0.2853116822116352,1.0,0.44395719133385536,3761
00890084,torsion,blind_sub,2.899409992009247,193636,0.28545311822181824,1.0,0.4441283998232292,3761
00890084,torsion,mech_sub,2.899409992009247,182280,0.4574665350010972,1.0,0.6277557995535765,3761
00890084,torsion_compression,grefem,2.899409992009247,191261,0.09520498167425664,1.0,0.17385783167040628,3777
00890084,torsion_compression,blind_sub,2.899409992009247,193313,0.09277699896023547,1.0,0.16980042414602745,3777
00890084,torsion_compression,mech_sub,2.899409992009247,177007,0.15179625664521743,1.0,0.26358178500657264,3777
00880032,compression,grefem,4.174610308044728,453928,0.026186972383285455,1.0,0.05103742902225132,2458
00880032,compression,blind_sub,4.174610308044728,445488,0.027190406924541177,1.0,0.05294131787299416,2458
00880032,compression,mech_sub,4.174610308044728,449529,0.026950430339310702,1.0,0.052486331458873076,2458
00910017,bending_compression,grefem,1.3166959521564428,103940,0.215047142582259,1.0,0.35397333164412625,4717
00910017,bending_compression,blind_sub,1.3166959521564428,98846,0.20765635432895616,1.0,0.34389974198304457,4717
00910017,bending_compression,mech_sub,1.3166959521564428,61111,0.44126262047749176,1.0,0.612327849495328,4717
00880032,bending,grefem,4.174610308044728,445341,0.027057917416092387,1.0,0.05269014912842623,2458
00880032,bending,blind_sub,4.174610308044728,445341,0.027057917416092387,1.0,0.05269014912842623,2458
00880032,bending,mech_sub,4.174610308044728,445341,0.027057917416092387,1.0,0.05269014912842623,2458
00880032,bending_compression,grefem,4.174610308044728,453471,0.0404656527098756,1.0,0.07778373578115429,3784
00880032,bending_compression,blind_sub,4.174610308044728,445912,0.0411291914099643,1.0,0.07900881417850651,3784
00880032,bending_compression,mech_sub,4.174610308044728,453800,0.04044953724107536,1.0,0.07775396267335372,3784
00890084,bending_compression,grefem,2.899409992009247,181202,0.15004801271509144,1.0,0.2609421712070099,3777
00890084,bending_compression,blind_sub,2.899409992009247,192160,0.13636032472939216,1.0,0.23999487092593524,3777
00890084,bending_compression,mech_sub,2.899409992009247,168840,0.0748104714522625,0.9523431294678316,0.13872363088829587,3777
00890084,compression,grefem,2.899409992009247,197836,0.22992276430983238,1.0,0.3738816305897921,3761
00890084,compression,blind_sub,2.899409992009247,192700,0.23394395433316034,1.0,0.37918084287642834,3761
00890084,compression,mech_sub,2.899409992009247,184963,0.37552915988603125,1.0,0.5460141025540244,3761
00880032,torsion,grefem,4.174610308044728,498390,0.014213768334035594,1.0,0.028029137008036022,2458
00880032,torsion,blind_sub,4.174610308044728,449294,0.013576856134290688,1.0,0.02678998844956236,2458
00880032,torsion,mech_sub,4.174610308044728,460136,0.013743762713632491,1.0,0.02711486515456845,2458
00880032,torsion_compression,grefem,4.174610308044728,453734,0.04291501187920676,1.0,0.08229819571180416,3784
00880032,torsion_compression,blind_sub,4.174610308044728,445701,0.04366828883040424,1.0,0.08368231419456362,3784
00880032,torsion_compression,mech_sub,4.174610308044728,449778,0.04349034412532405,1.0,0.0833555276676347,3784
00910017,torsion,grefem,1.3166959521564428,105404,0.607614511783234,1.0,0.7559206604937179,4637
00910017,torsion,blind_sub,1.3166959521564428,98846,0.6034336240212047,1.0,0.752676774368584,4637
00910017,torsion,mech_sub,1.3166959521564428,94239,0.9521641783125883,1.0,0.9754960047833886,4637
00890084,bending,grefem,2.899409992009247,189614,0.07171411393673463,1.0,0.13383067929059309,3761
00890084,bending,blind_sub,2.899409992009247,193109,0.06909569207028154,1.0,0.12926007013736848,3761
00890084,bending,mech_sub,2.899409992009247,175623,0.07531473668027536,1.0,0.1400794281175536,3761
00910017,torsion_compression,grefem,1.3166959521564428,106411,0.1798498275554219,1.0,0.3048690152848688,4717
00910017,torsion_compression,blind_sub,1.3166959521564428,98846,0.17941039596948788,1.0,0.3042374335220449,4717
00910017,torsion_compression,mech_sub,1.3166959521564428,97595,0.20077872841846406,1.0,0.33441419916375115,4717
00910047,compression,grefem,1.611265122346434,58053,0.4159474962534236,0.997740809201068,0.5871277139321411,4869
00910047,compression,blind_sub,1.611265122346434,57535,0.48163726427392023,0.9979461901827891,0.6497072827956295,4869
00910047,compression,mech_sub,1.611265122346434,58349,0.8972733037412809,0.9702197576504415,0.9323218439733425,4869
00930059,compression,grefem,3.106498667610812,18538,0.10303161074549574,0.9182225541448843,0.18527405229538618,2678
00930059,compression,blind_sub,3.106498667610812,24990,0.07583033213285315,0.9876773711725167,0.1408469404844734,2678
00930059,compression,mech_sub,3.106498667610812,26020,0.08497309761721752,0.979462285287528,0.1563795148428808,2678
00930059,bending,grefem,3.106498667610812,18538,0.009062466285467688,0.6755041075429425,0.017884990107148575,2678
00930059,bending,blind_sub,3.106498667610812,24990,0.018367346938775512,0.9540702016430171,0.03604085099980252,2678
00930059,bending,mech_sub,3.106498667610812,26024,0.026206578542883493,0.9981329350261389,0.05107222519780064,2678
00910054,torsion,grefem,18.44698067811421,0,,0.0,0.0,4155
00910054,torsion,blind_sub,18.44698067811421,1,1.0,0.00024067388688327315,0.00048123195380173246,4155
00910054,torsion,mech_sub,18.44698067811421,5,1.0,0.04235860409145608,0.08127453244054492,4155
00910048,bending,grefem,2.9726423367038857,98208,0.295220348647768,0.9272369714847591,0.44785076336432744,4068
00910048,bending,blind_sub,2.9726423367038857,106623,0.3331082411862356,1.0,0.49974672857745883,4068
00910048,bending,mech_sub,2.9726423367038857,71741,0.6711503882020045,0.8906096361848574,0.765460754185432,4068
00910048,torsion,grefem,2.9726423367038857,120438,0.37459107590627544,1.0,0.5450218359075342,4068
00910048,torsion,blind_sub,2.9726423367038857,124297,0.3865097307256008,1.0,0.5575290561045382,4068
00910048,torsion,mech_sub,2.9726423367038857,70760,0.5892453363482193,0.4083087512291052,0.482367884504841,4068
00930059,torsion_compression,grefem,3.106498667610812,18538,0.002427446326464559,0.6094674556213018,0.004835632823670501,2873
00930059,torsion_compression,blind_sub,3.106498667610812,24990,0.0050820328131252505,0.9742429516185173,0.010111321015576302,2873
00930059,torsion_compression,mech_sub,3.106498667610812,25965,0.0038513383400731755,0.7716672467803689,0.007664424064943289,2873
00930059,bending_compression,grefem,3.106498667610812,18538,0.002805049088359046,0.4114166376609816,0.005572107406848694,2873
00930059,bending_compression,blind_sub,3.106498667610812,24990,0.003281312525010004,0.9961712495649148,0.006541079231248434,2873
00930059,bending_compression,mech_sub,3.106498667610812,25060,0.00558659217877095,0.9923424991298294,0.011110634798773193,2873
00930059,torsion,grefem,3.106498667610812,18538,0.004369403387636207,0.6250933532486931,0.008678146519323651,2678
00930059,torsion,blind_sub,3.106498667610812,24990,0.011444577831132454,0.9802091112770724,0.022624994164815858,2678
00930059,torsion,mech_sub,3.106498667610812,27579,0.015301497516226115,0.9268110530246453,0.030105950754452417,2678
00910048,compression,grefem,2.9726423367038857,65514,0.14450346490826388,0.8866764995083579,0.24850720699208909,4068
00910048,compression,blind_sub,2.9726423367038857,59873,0.3506421926410903,1.0,0.5192229215872977,4068
00910048,compression,mech_sub,2.9726423367038857,60353,0.35650257650821005,0.2716322517207473,0.3083337947497967,4068
00910048,torsion_compression,grefem,2.9726423367038857,138466,0.19078329698265278,1.0,0.32043327692970164,3802
00910048,torsion_compression,blind_sub,2.9726423367038857,144705,0.23853356829411562,0.9965807469752762,0.3849327284614606,3802
00910048,torsion_compression,mech_sub,2.9726423367038857,74967,0.28152387050302136,0.7119936875328774,0.4035021164280859,3802
00910048,bending_compression,grefem,2.9726423367038857,138826,0.18786826675118493,1.0,0.3163116180635146,3802
00910048,bending_compression,blind_sub,2.9726423367038857,146073,0.23488255872063968,1.0,0.38041278834479963,3802
00910048,bending_compression,mech_sub,2.9726423367038857,68900,0.21611030478955007,0.5599684376643872,0.3118625549606817,3802
00920017,torsion_compression,grefem,3.896110172717654,178199,0.2912698724459733,1.0,0.45113709947284475,4170
00920017,torsion_compression,blind_sub,3.896110172717654,185330,0.3831004154750985,1.0,0.5539733936722194,4170
00920017,torsion_compression,mech_sub,3.896110172717654,191670,0.4060364167579694,0.9717026378896882,0.5727451158650604,4170
00910047,torsion,grefem,1.611265122346434,51708,0.6581186663572368,0.9794619018278907,0.7872616139956813,4869
00910047,torsion,blind_sub,1.611265122346434,51435,0.7307086614173228,0.980078044773054,0.8372189397886656,4869
00910047,torsion,mech_sub,1.611265122346434,33550,0.9940089418777943,0.7122612446087492,0.8298733127980927,4869
00920017,compression,grefem,3.896110172717654,186933,0.33767178614797816,1.0,0.5048649297154626,4291
00920017,compression,blind_sub,3.896110172717654,199683,0.48567479454936074,0.9997669540899558,0.6537605536799541,4291
00920017,compression,mech_sub,3.896110172717654,174726,0.43342147133225734,0.8583080866930786,0.5759861287986293,4291
00910047,torsion_compression,grefem,1.611265122346434,57253,0.2038146472673921,0.888177452549737,0.33154740630924107,4373
00910047,torsion_compression,blind_sub,1.611265122346434,56701,0.23824976631805436,0.8385547678938944,0.37107101827319505,4373
00910047,torsion_compression,mech_sub,1.611265122346434,58172,0.12578216324004676,0.7441115938714841,0.215189418716921,4373
00910047,bending,grefem,1.611265122346434,40103,0.40196494027878216,0.9969192852741836,0.5729231821305296,4869
00910047,bending,blind_sub,1.611265122346434,43990,0.4709934075926347,0.9979461901827891,0.6399528985672268,4869
00910047,bending,mech_sub,1.611265122346434,32402,0.26692796740941915,0.5214623125898542,0.3531065227753778,4869
00910054,compression,grefem,18.44698067811421,396609,0.1220975822535545,1.0,0.21762382200011682,4155
00910054,compression,blind_sub,18.44698067811421,288067,0.13388204827349193,1.0,0.236148104606379,4155
00910054,compression,mech_sub,18.44698067811421,193177,0.059432541141026106,1.0,0.11219693342063344,4155
00920017,bending,grefem,3.896110172717654,187762,0.34954889700791425,0.9997669540899558,0.5179920413486021,4291
00920017,bending,blind_sub,3.896110172717654,200247,0.49243184666936335,0.9766954089955722,0.6547505289696572,4291
00920017,bending,mech_sub,3.896110172717654,142450,0.4966795366795367,0.9564204148217199,0.6538221242299606,4291
00930001,bending_compression,grefem,3.447765247728064,266294,0.43139161978865465,1.0,0.6027583420564523,3757
00930001,bending_compression,blind_sub,3.447765247728064,272569,0.43315270628721536,1.0,0.604475300345849,3757
00930001,bending_compression,mech_sub,3.447765247728064,271442,0.4269457195275602,1.0,0.598404990021506,3757
00930001,torsion_compression,grefem,3.447765247728064,265920,0.46655761131167267,1.0,0.6362622343821717,3757
00930001,torsion_compression,blind_sub,3.447765247728064,262785,0.4651635367315486,1.0,0.6349646644486173,3757
00930001,torsion_compression,mech_sub,3.447765247728064,269524,0.44600480847716717,1.0,0.6168787349287845,3757
00920017,bending_compression,grefem,3.896110172717654,187956,0.3849677584115431,1.0,0.5559230618524622,4170
00920017,bending_compression,blind_sub,3.896110172717654,200962,0.5030801843134522,1.0,0.6693989975567929,4170
00920017,bending_compression,mech_sub,3.896110172717654,164919,0.6029990480175116,0.8251798561151079,0.696807194449964,4170
00930001,torsion,grefem,3.447765247728064,271118,0.42994932095987726,1.0,0.6013490333647162,4026
00930001,torsion,blind_sub,3.447765247728064,266157,0.43061801868821786,1.0,0.6020027890925995,4026
00930001,torsion,mech_sub,3.447765247728064,272066,0.4267089603258033,1.0,0.598172398424357,4026
00930010,torsion,grefem,2.894304271148857,221878,0.3754721062926473,1.0,0.5459537922650702,4410
00930010,torsion,blind_sub,2.894304271148857,242436,0.3998168588823442,1.0,0.5712416682873357,4410
00930010,torsion,mech_sub,2.894304271148857,216355,0.41633426544336855,1.0,0.5879039653298785,4410
00930010,compression,grefem,2.894304271148857,224757,0.4327028746601886,1.0,0.6040371417036738,4410
00930010,compression,blind_sub,2.894304271148857,242162,0.4410394694460733,1.0,0.6121129626180276,4410
00930010,compression,mech_sub,2.894304271148857,215257,0.4784002378552149,1.0,0.6471863648361593,4410
00930001,bending,grefem,3.447765247728064,261835,0.2360952508259018,1.0,0.3820017117097632,4026
00930001,bending,blind_sub,3.447765247728064,266157,0.22756493347911194,1.0,0.37075828295967556,4026
00930001,bending,mech_sub,3.447765247728064,274539,0.22835371295152965,1.0,0.3718044900972924,4026
00920017,torsion,grefem,3.896110172717654,186802,0.3406601642380703,1.0,0.5081976377386819,4291
00920017,torsion,blind_sub,3.896110172717654,196290,0.46041061694431706,1.0,0.6305221443920409,4291
00920017,torsion,mech_sub,3.896110172717654,167022,0.43558333632695095,0.9450011652295502,0.5963079549559867,4291
00930010,bending_compression,grefem,2.894304271148857,214809,0.47202398409750057,1.0,0.6413264854334544,4213
00930010,bending_compression,blind_sub,2.894304271148857,212206,0.4873283507535131,1.0,0.6553070147645903,4213
00930010,bending_compression,mech_sub,2.894304271148857,206976,0.41437654607297464,0.9983384761452646,0.5856638360187609,4213
00910054,bending,grefem,18.44698067811421,396609,0.15557387754690388,1.0,0.2692582111273786,4155
00910054,bending,blind_sub,18.44698067811421,288067,0.16646821746329846,1.0,0.28542263727564643,4155
00910054,bending,mech_sub,18.44698067811421,80611,0.17160189056084157,0.8086642599277978,0.28312375320400723,4155
00940015,bending,grefem,2.57350182858504,124680,0.19935033686236767,1.0,0.33243053465743805,3904
00940015,bending,blind_sub,2.57350182858504,136897,0.21535168776525418,1.0,0.3543857961990167,3904
00940015,bending,mech_sub,2.57350182858504,119362,0.29061175248404014,1.0,0.45034728984096073,3904
00940015,bending_compression,grefem,2.57350182858504,119142,0.17902167161874066,1.0,0.30367833930135046,3690
00940015,bending_compression,blind_sub,2.57350182858504,116243,0.1666508951076624,1.0,0.2856911108653173,3690
00940015,bending_compression,mech_sub,2.57350182858504,112424,0.0987689461324984,1.0,0.17978110226021632,3690
00930010,bending,grefem,2.894304271148857,239093,0.2193623401772532,1.0,0.3597984503037308,4410
00930010,bending,blind_sub,2.894304271148857,242511,0.23832733360548594,1.0,0.3849181506986161,4410
00930010,bending,mech_sub,2.894304271148857,235157,0.2684291771029568,1.0,0.42324661391980695,4410
00940015,torsion,grefem,2.57350182858504,123952,0.22886278559442363,1.0,0.37247899159663866,3904
00940015,torsion,blind_sub,2.57350182858504,121084,0.2363235439859932,1.0,0.38230048296915814,3904
00940015,torsion,mech_sub,2.57350182858504,116481,0.22832049862209286,0.998719262295082,0.3716718678786054,3904
00940015,compression,grefem,2.57350182858504,123612,0.2684043620360483,1.0,0.423215766311627,3904
00940015,compression,blind_sub,2.57350182858504,129173,0.28831102474975423,1.0,0.4475798455668059,3904
00940015,compression,mech_sub,2.57350182858504,112302,0.256157503873484,1.0,0.40784297046126367,3904
00930010,torsion_compression,grefem,2.894304271148857,216755,0.4400867338700376,1.0,0.6111947614257431,4213
00930010,torsion_compression,blind_sub,2.894304271148857,214009,0.4453177202827918,1.0,0.6162212142471493,4213
00930010,torsion_compression,mech_sub,2.894304271148857,211211,0.3569842479795086,1.0,0.5261435400020934,4213
00910047,bending_compression,grefem,1.611265122346434,54292,0.4584469166728063,0.9611250857534873,0.6207854639954421,4373
00910047,bending_compression,blind_sub,1.611265122346434,53904,0.5428725140991392,0.9634118454150469,0.6944370195837941,4373
00910047,bending_compression,mech_sub,1.611265122346434,51797,0.5761723651948955,0.8621083924079579,0.6907177599121023,4373
00930001,compression,grefem,3.447765247728064,262126,0.38544440459931484,1.0,0.5564198798879836,4026
00930001,compression,blind_sub,3.447765247728064,272569,0.37682568450557474,1.0,0.547383287145598,4026
00930001,compression,mech_sub,3.447765247728064,267071,0.38668743517641374,1.0,0.5577139092303371,4026
00940015,torsion_compression,grefem,2.57350182858504,127718,0.12745266916174697,1.0,0.22608961360037777,3690
00940015,torsion_compression,blind_sub,2.57350182858504,137459,0.12016674062811457,1.0,0.21455152392889848,3690
00940015,torsion_compression,mech_sub,2.57350182858504,112624,0.0648884784770564,1.0,0.12186905913350897,3690
00910054,torsion_compression,grefem,18.44698067811421,396609,0.09340433525209968,1.0,0.1708504937115765,3258
00910054,torsion_compression,blind_sub,18.44698067811421,288067,0.07934959575376561,1.0,0.14703224250221114,3258
00910054,torsion_compression,mech_sub,18.44698067811421,96687,0.07337077373380083,0.44137507673419274,0.12582532081554695,3258
00910054,bending_compression,grefem,18.44698067811421,396609,0.14607081533701957,0.9993861264579497,0.2548871825761711,3258
00910054,bending_compression,blind_sub,18.44698067811421,288067,0.14471633335300468,0.998158379373849,0.2527833001465389,3258
00910054,bending_compression,mech_sub,18.44698067811421,91195,0.1441965020012062,0.9244935543278084,0.24948063447816093,3258
00960099,compression,grefem,2.331937613505935,142543,0.2839002967525589,1.0,0.4422466409122949,4248
00960099,compression,blind_sub,2.331937613505935,145611,0.31047791719032214,1.0,0.47383922020752545,4248
00960099,compression,mech_sub,2.331937613505935,127776,0.4144048960681192,1.0,0.5859777454392536,4248
00940077,torsion,grefem,1.674784508052646,156881,0.7962914565817403,1.0,0.8865949383259286,5433
00940077,torsion,blind_sub,1.674784508052646,153603,0.7959610163863987,1.0,0.8863900821053777,5433
00940077,torsion,mech_sub,1.674784508052646,143304,0.7653798916987663,1.0,0.8670993651822632,5433
00940077,bending,grefem,1.674784508052646,146992,0.5985087623816262,1.0,0.7488338837628954,5433
00940077,bending,blind_sub,1.674784508052646,153603,0.6087250900047525,1.0,0.7567795066874405,5433
00940077,bending,mech_sub,1.674784508052646,145475,0.6184705275820588,1.0,0.7642654185443009,5433
00960099,bending,grefem,2.331937613505935,142543,0.262727738296514,1.0,0.4161272938392048,4248
00960099,bending,blind_sub,2.331937613505935,145611,0.2721909745829642,1.0,0.42790898539771655,4248
00960099,bending,mech_sub,2.331937613505935,124638,0.29965179158844013,0.9981167608286252,0.46092575604441066,4248
00940077,bending_compression,grefem,1.674784508052646,156881,0.7028703284655248,1.0,0.8255124500276999,5200
00940077,bending_compression,blind_sub,1.674784508052646,153603,0.675813623431834,1.0,0.8065498620877201,5200
00940077,bending_compression,mech_sub,1.674784508052646,150032,0.5805561480217554,1.0,0.7346226184351464,5200
00940077,compression,grefem,1.674784508052646,95023,0.45776285741346834,1.0,0.6280347384151139,5433
00940077,compression,blind_sub,1.674784508052646,103450,0.40347994200096665,1.0,0.574970728011571,5433
00940077,compression,mech_sub,1.674784508052646,92830,0.5241516751050307,0.9935578869869317,0.6862644128830491,5433
00940077,torsion_compression,grefem,1.674784508052646,162856,0.6770705408459007,1.0,0.8074443195506754,5200
00940077,torsion_compression,blind_sub,1.674784508052646,153603,0.6658528804775948,1.0,0.7994137877129904,5200
00940077,torsion_compression,mech_sub,1.674784508052646,144278,0.6096424957373958,1.0,0.7574880724779964,5200
00960099,torsion,grefem,2.331937613505935,141655,0.4147470968197381,1.0,0.5863197708651438,4248
00960099,torsion,blind_sub,2.331937613505935,144781,0.45348491860119766,1.0,0.6239967306129625,4248
00960099,torsion,mech_sub,2.331937613505935,122518,0.38502913857555626,0.9927024482109228,0.5548531690240383,4248
00960099,torsion_compression,grefem,2.331937613505935,142371,0.28486840718966644,1.0,0.44342036210968255,4086
00960099,torsion_compression,blind_sub,2.331937613505935,145601,0.2999910714898936,1.0,0.4615278951817413,4086
00960099,torsion_compression,mech_sub,2.331937613505935,124418,0.3253870018807568,1.0,0.4910067797843568,4086
00960099,bending_compression,grefem,2.331937613505935,141749,0.32207634621761,1.0,0.4872280593160195,4086
00960099,bending_compression,blind_sub,2.331937613505935,144760,0.33836004421110805,1.0,0.5056338100866621,4086
00960099,bending_compression,mech_sub,2.331937613505935,132200,0.39133131618759454,0.991434165442976,0.5611641916583574,4086
00990098,compression,grefem,3.9003896617622096,44495,0.17183953253174514,0.6497104004029212,0.2717934163476575,3971
00990098,compression,blind_sub,3.9003896617622096,45621,0.1239122334012845,0.9259632334424578,0.21857482325645566,3971
00990098,compression,mech_sub,3.9003896617622096,45561,0.1216171725818134,0.889196675900277,0.2139693391706729,3971
00990098,bending,grefem,3.9003896617622096,46104,0.09198768002776332,0.8740871317048602,0.16645760020064682,3971
00990098,bending,blind_sub,3.9003896617622096,47916,0.09044995408631772,0.9584487534626038,0.16530031950818777,3971
00990098,bending,mech_sub,3.9003896617622096,50476,0.11795704889452413,0.9254595819692772,0.2092442806281191,3971
00990098,torsion,grefem,3.9003896617622096,65891,0.21303364647675707,0.8086124401913876,0.3372237391565415,3971
00990098,torsion,blind_sub,3.9003896617622096,65106,0.19933646668509813,0.9932007051120625,0.33203345597660133,3971
00990098,torsion,mech_sub,3.9003896617622096,68955,0.464781379160322,0.9770838579702845,0.6299207046096238,3971
00990098,bending_compression,grefem,3.9003896617622096,66974,0.19812165915131244,0.9973519499277804,0.33057529932376023,4154
00990098,bending_compression,blind_sub,3.9003896617622096,65364,0.16605470901413621,1.0,0.2848146107218767,4154
00990098,bending_compression,mech_sub,3.9003896617622096,64316,0.26139685303812427,1.0,0.4144561680307662,4154
00990059,bending_compression,grefem,1.5070229182477235,18416,0.7638466550825369,0.7490486257928118,0.7563752687165025,4730
00990059,bending_compression,blind_sub,1.5070229182477235,2016,0.4479166666666667,0.5215644820295983,0.4819432013847559,4730
00990059,bending_compression,mech_sub,1.5070229182477235,15987,0.43347720022518293,0.7021141649048626,0.5360211283511277,4730
00990098,torsion_compression,grefem,3.9003896617622096,56311,0.21461170996785708,0.9655753490611458,0.35117107102549666,4154
00990098,torsion_compression,blind_sub,3.9003896617622096,56543,0.14238720973418462,1.0,0.249280118896492,4154
00990098,torsion_compression,mech_sub,3.9003896617622096,52247,0.23212816046854365,0.9987963408762638,0.3767067062797444,4154
00990059,compression,grefem,1.5070229182477235,38530,0.23381780430833118,0.8878523223501389,0.3701546036184515,5038
00990059,compression,blind_sub,1.5070229182477235,41494,0.31288861040150384,1.0,0.47664151843897423,5038
00990059,compression,mech_sub,1.5070229182477235,33438,0.2294096536874215,0.9112743152044462,0.3665434612329715,5038
00990059,torsion_compression,grefem,1.5070229182477235,24338,0.6660366505053825,0.8906976744186047,0.7621561189789632,4730
00990059,torsion_compression,blind_sub,1.5070229182477235,27576,0.5749202204815782,0.9997885835095137,0.7300380507296713,4730
00990059,torsion_compression,mech_sub,1.5070229182477235,22120,0.33331826401446657,0.8329809725158562,0.47611755717521415,4730
00990059,torsion,grefem,1.5070229182477235,30926,0.24597426113949428,0.961691147280667,0.3917496812402788,5038
00990059,torsion,blind_sub,1.5070229182477235,33603,0.2863137219891081,1.0,0.4451693503609106,5038
00990059,torsion,mech_sub,1.5070229182477235,28189,0.16396466706871474,0.9398570861452957,0.2792178243874634,5038
Mechanical_Parts_Mountings_SK08_SK08-SK08,bending,grefem,2.255915879577157,35943,0.34913613220933143,1.0,0.5175699084385054,3816
Mechanical_Parts_Mountings_SK08_SK08-SK08,bending,blind_sub,2.255915879577157,36698,0.33159845223172923,1.0,0.4980457159228109,3816
Mechanical_Parts_Mountings_SK08_SK08-SK08,bending,mech_sub,2.255915879577157,33842,0.768719342828438,0.2856394129979036,0.4165120090904137,3816
Mechanical_Parts_Mountings_SK08_SK08-SK08,compression,grefem,2.255915879577157,43223,0.5586608981329385,1.0,0.7168472613923111,3816
Mechanical_Parts_Mountings_SK08_SK08-SK08,compression,blind_sub,2.255915879577157,42937,0.6575447749027645,1.0,0.7933960938597724,3816
Mechanical_Parts_Mountings_SK08_SK08-SK08,compression,mech_sub,2.255915879577157,40545,0.9514120113454186,0.5683962264150944,0.7116410920519636,3816
Mechanical_Parts_Mountings_SK08_SK08-SK08,bending_compression,grefem,2.255915879577157,41919,0.24640377871609534,1.0,0.395383555351401,4112
Mechanical_Parts_Mountings_SK08_SK08-SK08,bending_compression,blind_sub,2.255915879577157,42589,0.25069853718096224,1.0,0.4008936282056096,4112
Mechanical_Parts_Mountings_SK08_SK08-SK08,bending_compression,mech_sub,2.255915879577157,38206,0.0034811286185415903,0.4464980544747082,0.006908395827870754,4112
00990059,bending,grefem,1.5070229182477235,30926,0.28581129146996054,0.8830885271933306,0.4318533862518044,5038
00990059,bending,blind_sub,1.5070229182477235,33590,0.3153021732658529,1.0,0.47943686199950203,5038
00990059,bending,mech_sub,1.5070229182477235,26835,0.1495807713806596,0.7288606589916634,0.24822039542187763,5038
Mechanical_Parts_Mountings_SK08_SK08-SK08,torsion,grefem,2.255915879577157,41919,0.5592929220639805,0.9986897274633124,0.7170299310813364,3816
Mechanical_Parts_Mountings_SK08_SK08-SK08,torsion,blind_sub,2.255915879577157,42073,0.6368930192760203,0.9981656184486373,0.7776170221710718,3816
Mechanical_Parts_Mountings_SK08_SK08-SK08,torsion,mech_sub,2.255915879577157,40829,0.9043327046951921,0.9593815513626834,0.9310441344303828,3816
Mechanical_Parts_Mountings_SK08_SK08-SK08,torsion_compression,grefem,2.255915879577157,41997,0.24887491963711694,1.0,0.398558599782646,4112
Mechanical_Parts_Mountings_SK08_SK08-SK08,torsion_compression,blind_sub,2.255915879577157,42299,0.25534882621338567,1.0,0.40681732580037666,4112
Mechanical_Parts_Mountings_SK08_SK08-SK08,torsion_compression,mech_sub,2.255915879577157,39124,0.003297208874348226,0.6534533073929961,0.006561310545605483,4112
Electrical_Parts_Servos_SG-90_Servo-sg90,compression,grefem,2.111508874378154,49983,0.20110837684812835,1.0,0.3348713250603814,5780
Electrical_Parts_Servos_SG-90_Servo-sg90,compression,blind_sub,2.111508874378154,50993,0.2828231325868256,1.0,0.4409386226400673,5780
Electrical_Parts_Servos_SG-90_Servo-sg90,compression,mech_sub,2.111508874378154,45391,0.5488312661100219,1.0,0.7087037537516181,5780
Electrical_Parts_Servos_SG-90_Servo-sg90,bending,grefem,2.111508874378154,28090,0.2260946956212175,0.9996539792387543,0.36878108342779964,5780
Electrical_Parts_Servos_SG-90_Servo-sg90,bending,blind_sub,2.111508874378154,30983,0.3098473356356712,1.0,0.47310450188502573,5780
Electrical_Parts_Servos_SG-90_Servo-sg90,bending,mech_sub,2.111508874378154,29289,0.3484584656355628,1.0,0.516824914546145,5780
Mechanical_Parts_Mountings_SHF08_SHF08,bending_compression,grefem,2.0134393163047686,16359,0.10000611284308332,0.7058715258604822,0.17519152803764343,5433
Mechanical_Parts_Mountings_SHF08_SHF08,bending_compression,blind_sub,2.0134393163047686,15228,0.2783687943262411,0.9552733296521259,0.43111090300599897,5433
Mechanical_Parts_Mountings_SHF08_SHF08,bending_compression,mech_sub,2.0134393163047686,16105,0.00776156473144986,0.5404012516105282,0.015303333864641177,5433
Electrical_Parts_Servos_SG-90_Servo-sg90,torsion,grefem,2.111508874378154,61125,0.12238854805725971,1.0,0.2180858817013089,5780
Electrical_Parts_Servos_SG-90_Servo-sg90,torsion,blind_sub,2.111508874378154,64225,0.23850525496302064,1.0,0.3851501703481136,5780
Electrical_Parts_Servos_SG-90_Servo-sg90,torsion,mech_sub,2.111508874378154,28787,0.09587661097022962,0.4006920415224913,0.15472984366238113,5780
Electrical_Parts_Servos_SG-90_Servo-sg90,torsion_compression,grefem,2.111508874378154,55274,0.3947968303361436,1.0,0.5660994085296255,5224
Electrical_Parts_Servos_SG-90_Servo-sg90,torsion_compression,blind_sub,2.111508874378154,56440,0.6242381289865344,1.0,0.7686534601623178,5224
Electrical_Parts_Servos_SG-90_Servo-sg90,torsion_compression,mech_sub,2.111508874378154,35331,0.6983385695281764,0.9486983154670751,0.8044903311791683,5224
Electrical_Parts_Servos_SG-90_Servo-sg90,bending_compression,grefem,2.111508874378154,55420,0.3780584626488632,1.0,0.5486827633163986,5224
Electrical_Parts_Servos_SG-90_Servo-sg90,bending_compression,blind_sub,2.111508874378154,56947,0.6081619751698948,1.0,0.7563441799519546,5224
Electrical_Parts_Servos_SG-90_Servo-sg90,bending_compression,mech_sub,2.111508874378154,51776,0.6108814894932015,1.0,0.7584437383849889,5224
Mechanical_Parts_Mountings_SHF08_SHF08,torsion_compression,grefem,2.0134393163047686,28591,0.1874366059249414,0.9878520154610713,0.31508792915186734,5433
Mechanical_Parts_Mountings_SHF08_SHF08,torsion_compression,blind_sub,2.0134393163047686,26514,0.1410198385758467,0.9909810417817044,0.2469043778475506,5433
Mechanical_Parts_Mountings_SHF08_SHF08,torsion_compression,mech_sub,2.0134393163047686,26600,0.04154135338345865,0.9120191422786674,0.07946325304839653,5433
Mechanical_Parts_Mountings_SHF08_SHF08,compression,grefem,2.0134393163047686,70157,0.409666889975341,0.742998352553542,0.5281356860897702,5463
Mechanical_Parts_Mountings_SHF08_SHF08,compression,blind_sub,2.0134393163047686,69058,0.327058414665933,0.7395204100311185,0.4535367988138664,5463
Mechanical_Parts_Mountings_SHF08_SHF08,compression,mech_sub,2.0134393163047686,64000,0.353203125,0.738239062786015,0.4778051405581425,5463
Mechanical_Parts_Mountings_SHF08_SHF08,torsion,grefem,2.0134393163047686,82287,0.17285841019845177,0.9542375983891634,0.29269555202460323,5463
Mechanical_Parts_Mountings_SHF08_SHF08,torsion,blind_sub,2.0134393163047686,84661,0.1599555875786962,0.9520410031118434,0.2738934261609546,5463
Mechanical_Parts_Mountings_SHF08_SHF08,torsion,mech_sub,2.0134393163047686,62341,0.6748047031648514,0.941790225151016,0.7862507325674529,5463
Mechanical_Parts_Mountings_SHF08_SHF08,bending,grefem,2.0134393163047686,89653,0.1704237448830491,0.32546220025626943,0.2237066306445409,5463
Mechanical_Parts_Mountings_SHF08_SHF08,bending,blind_sub,2.0134393163047686,84215,0.16258386273229233,0.3018488010250778,0.21133631573082687,5463
Mechanical_Parts_Mountings_SHF08_SHF08,bending,mech_sub,2.0134393163047686,62711,0.5691664939165377,0.26871682225883214,0.36507377251426615,5463
