object,load_case,r,n_fine,prec,rec,f1,h_loc,elem_prec_all,n_tot
00040089,torsion_compression,3.1638531121206728,23708,0.4799223890669816,0.9993986770895971,0.648451254716944,0.5470963654287848,0.41478085576798024,30756
00040089,compression,3.1638531121206728,93595,0.2527058069341311,1.0,0.40345595196465583,0.4935848464746475,0.241813934592728,98460
00040089,torsion,3.1638531121206728,65470,0.48362608828471054,1.0,0.6519514480145779,0.4851874841763601,0.45312346562293954,71283
00060057,torsion,1.7583462039625934,3402,0.17754262198706644,0.06265734265734266,0.09262573305200202,0.6280506296884628,0.13920071845532106,13362
00100056,bending_compression,2.367723196993701,83846,0.2315196908618181,0.9988388295401764,0.3759080840280041,0.3907986011775868,0.23176655758495351,88313
00040089,bending,3.1638531121206728,93963,0.14656833008737483,1.0,0.2556643616280689,0.48785397210045267,0.13994594102104654,98781
00020006,bending,2.7141858501126963,93784,0.12496801160112599,1.0,0.2221716712162572,0.4333815318142331,0.1202939317964084,98118
00050000,bending_compression,3.0708307403151744,35815,0.3201451905626134,0.9955533596837944,0.4844903416387094,0.5454639665892598,0.2905866622880064,42631
00060057,bending_compression,1.7583462039625934,141794,0.17380143024387493,1.0,0.29613429625446114,0.2757490502076839,0.17447927654248063,142206
00110070,torsion,2.9661151798784133,220717,0.09038723795629698,1.0,0.16578924405921877,0.4477982814057041,0.09037874464403801,220782
00050000,torsion_compression,3.0708307403151744,29281,0.21040948055052763,0.8307806324110671,0.33577752831292834,0.6517609844117651,0.2156040268456376,36952
00020006,torsion_compression,2.7141858501126963,90936,0.11857790094132137,1.0,0.21201545433989719,0.4493118656208407,0.11498016497701656,95286
00030040,bending,2.894300499375506,213069,0.13892213320567515,1.0,0.24395369824740695,0.4127937097834304,0.1386178481131192,213580
00060017,compression,4.862058446842274,229252,0.10351927136949732,1.0,0.18761660816494324,0.7315027966946226,0.10312360146164909,230151
00060017,torsion,4.862058446842274,228735,0.15283625155747918,1.0,0.26514824000546083,0.7366428764009483,0.15250554149918782,229631
00020006,compression,2.7141858501126963,104506,0.12375366007693338,1.0,0.22025051303229762,0.4283247108998678,0.12066704832960905,108298
00060057,compression,1.7583462039625934,3402,0.13815402704291593,0.213986013986014,0.16790495892854643,0.6681763348842734,0.21830564286783416,13362
00100056,bending,2.367723196993701,107842,0.21024276256004154,1.0,0.3474389916867793,0.3532822981460632,0.20556554576515015,111220
00020006,bending_compression,2.7141858501126963,88826,0.15823069821898994,1.0,0.2732282928820677,0.4352375842870496,0.15230433012662567,93346
00020006,torsion,2.7141858501126963,79187,0.2545114728427646,1.0,0.40575391832174024,0.44885402534694,0.2501784524602646,84056
00100056,compression,2.367723196993701,91198,0.2742275049891445,1.0,0.4304215752923662,0.36051329207526345,0.26669328066563014,95188
00060017,bending_compression,4.862058446842274,64082,0.14411223120377017,0.8435960591133005,0.24617088163651749,0.8995817413240988,0.14662936206344568,71841
00060017,bending,4.862058446842274,227625,0.27999560680944535,1.0,0.43749463720015513,0.742375314149406,0.2790483983180261,228541
00060057,bending,1.7583462039625934,141075,0.08264398369661527,1.0,0.15267065617347805,0.3012346369528785,0.08383936208566319,141461
00110070,bending,2.9661151798784133,212210,0.23983318411007964,1.0,0.38687976283232933,0.4437124316545408,0.23963977535389294,212423
00030040,torsion,2.894300499375506,212235,0.10241006431549933,1.0,0.1857930503910758,0.4061225526733733,0.102160241405567,212754
00040089,bending_compression,3.1638531121206728,91264,0.1189077840112202,0.9101022248947684,0.2103346670086763,0.5364378691975886,0.12437697291908954,96304
00050000,torsion,3.0708307403151744,50782,0.18996888661336694,0.9739975698663427,0.3179288077961199,0.5312483619959707,0.19051138563333686,56826
00050000,compression,3.0708307403151744,15957,0.26007394873723133,0.7256379100850546,0.38291010692461686,0.5654196057584104,0.22625381596162233,22930
00100056,torsion,2.367723196993701,59781,0.33457118482460985,1.0,0.5013912912687073,0.34570019841455357,0.3121572843867598,65105
00110070,compression,2.9661151798784133,220052,0.12107592750804355,1.0,0.2159995135693873,0.43818056432573993,0.12105614639221156,220121
00060057,torsion_compression,1.7583462039625934,141066,0.05691662058894418,1.0,0.10770314229182736,0.27562695672026194,0.05737919332602778,141445
00050000,bending,3.0708307403151744,31142,0.27336073469912014,0.6437424058323208,0.3837603192882524,0.5339150776822322,0.2505990096373995,37562
00060017,torsion_compression,4.862058446842274,64119,0.15151515151515152,0.8830049261083743,0.25864867789762275,0.9036467452635979,0.1556851230814188,71863
00030040,torsion_compression,2.894300499375506,182125,0.28774193548387095,1.0,0.4468937875751503,0.42515394606751383,0.2875661073076148,183603
00100056,torsion_compression,2.367723196993701,88991,0.24021530267105662,1.0,0.38737677587706576,0.3790641797733681,0.23976783855982664,93211
00030040,compression,2.894300499375506,221879,0.13540262936104813,1.0,0.23851033256325369,0.41257220530613803,0.135202152937788,222208
00080038,torsion_compression,1.7951141617369235,36236,0.08875151782757479,0.9311383256374222,0.16205659902835193,0.317842232482232,0.09888357256778309,40755
00080038,compression,1.7951141617369235,1053,0.10921177587844255,0.10550009786651009,0.1073238553824684,0.9475804921263287,0.2883116883116883,3465
00030040,bending_compression,2.894300499375506,219897,0.4225114485418173,1.0,0.5940359200271095,0.4193512901034201,0.42257232155836605,220128
00080038,bending,1.7951141617369235,1053,0.002849002849002849,0.00019573302016050108,0.00036630036630036635,1.0334010325775265,0.215007215007215,3465
00080038,bending_compression,1.7951141617369235,33112,0.34084319884029957,0.9435856253764304,0.5007902919481024,0.30247661725810493,0.348306804828544,37444
00060059,torsion,2.081958849774459,74600,0.336313672922252,0.9676674364896074,0.49914801278043747,0.3283670365119503,0.33690599669624677,78093
00080038,torsion,1.7951141617369235,30090,1.0,0.8784497944803288,0.9352922788371365,0.2930667232752031,1.0,34518
00060059,torsion_compression,2.081958849774459,20552,0.2438692098092643,0.5702840495265841,0.3416426058119,0.40039635307914656,0.2532941767456239,25879
00060059,bending_compression,2.081958849774459,86452,0.3164530606579374,1.0,0.48076618926280645,0.3350893430451686,0.314094170052267,89349
00060059,bending,2.081958849774459,48260,0.19716121011189391,0.683247468466868,0.306016741920984,0.3383941148463291,0.20929684276704846,50899
00060059,compression,2.081958849774459,93129,0.27793705505266886,1.0,0.4349776915126919,0.3332739720069753,0.27402368774674735,95999
00110070,torsion_compression,2.9661151798784133,192590,0.13023002232722364,1.0,0.23044870469653742,0.45632393148534356,0.13001106961442568,193322
00110070,bending_compression,2.9661151798784133,218506,0.14527747521807183,1.0,0.2536983016983017,0.4532171658261075,0.1453426944450797,218635
00160015,bending_compression,2.683520603474303,88882,0.2471816565783848,0.9775567457281306,0.39458891033936966,0.4336716188081432,0.24620449387924698,93861
00160047,bending,3.448303522157884,51831,0.34714746001427715,0.9844280860702151,0.513289254448815,0.5638375267349316,0.330283020502955,57699
00160047,compression,3.448303522157884,51507,0.3963733084823422,0.9074178935447339,0.5517390086406405,0.5662500566025057,0.37811231334831774,57393
00160015,bending,2.683520603474303,132533,0.29120294568145294,1.0,0.45105681745136655,0.41649093174123153,0.2891287415155224,134805
00160047,bending_compression,3.448303522157884,52849,0.3395333875759239,0.9888918275588469,0.5055034913999854,0.5497894705095963,0.32262020336211744,58713
00130015,torsion_compression,1.547273225588062,54071,0.6002478223077066,0.8325534079348932,0.6975683151572454,0.2543515372540266,0.586031571534088,58217
00160015,torsion_compression,2.683520603474303,32243,0.6187389510901591,1.0,0.7644703312704769,0.4416998178387289,0.5444344124854895,38765
00160047,torsion,3.448303522157884,35942,0.612347671248122,0.8983578708946772,0.7282787212251821,0.5954442075090032,0.5681588056608661,42467
00150032,bending,1.4277971172403086,103564,0.9605461357228381,1.0,0.9798760847509382,0.22492442522975178,0.9605873481118921,105423
00130015,bending,1.547273225588062,35033,0.08526246681700111,0.416293120249464,0.141536369115203,0.2718593008361907,0.09813365442504515,39864
00130059,compression,1.547273225588062,42863,0.6292373375638662,0.7961411030988111,0.7029174761562295,0.2522765865664526,0.5958666750677336,47613
00160015,compression,2.683520603474303,9216,0.9124348958333334,0.98979839689094,0.9495434662167827,0.5139394713254788,0.676563233027277,14921
00160047,torsion_compression,3.448303522157884,33059,0.5202819202032729,0.9775191748214758,0.6791096027383164,0.6100857849166009,0.48327334054924864,39727
00130059,bending_compression,1.547273225588062,41562,0.6915211010057264,0.7452695829094609,0.717390011348446,0.25380050378173036,0.6654397436452605,46186
00160015,torsion,2.683520603474303,31877,0.6393638046240236,0.9975710468787953,0.7792745317012983,0.4459413730397507,0.5646122225980176,38437
00150013,bending,1.506754551293853,27792,0.18537708693149108,1.0,0.31277319086935407,0.3175071197506712,0.20078096621867053,33036
00130015,bending_compression,1.547273225588062,55213,0.6418053719232789,0.9220752797558495,0.7568261263793504,0.25782602515973296,0.6262330404336263,59406
00150013,compression,1.506754551293853,102200,0.19595890410958905,1.0,0.3277017352958021,0.2410460210362102,0.20387373500435627,104447
00150013,torsion,1.506754551293853,90550,0.5291330756488128,1.0,0.6920693614900731,0.23832928248906937,0.5323559312964845,93445
00150032,bending_compression,1.4277971172403086,103032,0.45276224862178743,0.996451541361721,0.6226212359112492,0.22622864906602622,0.4530713140413835,104776
00140014,torsion,1.6555697229749224,49784,0.3151213241201993,1.0,0.479227761485826,0.37127248466430907,0.3142623376105047,50111
00130015,torsion,1.547273225588062,54552,0.1968763748350198,0.584876242447866,0.2945901600956107,0.2571217932952027,0.20825040401462958,58785
00130015,compression,1.547273225588062,43582,0.6507273645082833,0.8436951861235626,0.7347527574211004,0.24986535418168376,0.6202019783091056,48223
00140014,bending,1.6555697229749224,46870,0.2850224023895882,1.0,0.4436069003304056,0.3725651278683645,0.28372999068349286,47228
00140014,bending_compression,1.6555697229749224,50029,0.1907293769613624,1.0,0.32035722079535345,0.3627821209328226,0.19017077045274028,50360
00160091,bending,3.923714378885471,141877,0.15485244260873857,1.0,0.26817701880412825,0.6260973852175602,0.15383921383560503,144092
00150032,torsion_compression,1.4277971172403086,54067,0.1065344849908447,0.998003992015968,0.19251813046178282,0.2640654768914425,0.10872744163641682,58127
00160092,torsion,3.108459431104584,98033,0.03737516958575174,0.6871983452079982,0.07089454463018263,0.4827916614383396,0.0401117384376291,101666
00150032,torsion,1.4277971172403086,21773,0.9865888945023653,0.45852828583581456,0.6260792145796192,0.2402345988900724,0.9879572996998822,26323
00140014,torsion_compression,1.6555697229749224,50029,0.19382758000359793,1.0,0.32471620399825873,0.3814774194136007,0.19354646544876886,50360
00150032,compression,1.4277971172403086,63910,0.20816773587857926,1.0,0.3446007200766701,0.25112611968886805,0.20617476988435213,67792
00160091,compression,3.923714378885471,178647,0.23705407871388828,1.0,0.38325580553494176,0.604392629691722,0.23595743024587704,179846
00130059,torsion_compression,1.547273225588062,34785,0.6833117723156533,0.2824008138351984,0.3996381601988756,0.2493624515210752,0.6465913104909926,39634
00150013,torsion_compression,1.506754551293853,89599,0.06737798412928715,1.0,0.1262495294658915,0.2514451890613184,0.0716671727907683,92204
00160092,compression,3.108459431104584,30410,0.08743834265044394,0.7584463341760515,0.15679983871669412,0.5226584600619326,0.08877333836247542,37117
00150013,bending_compression,1.506754551293853,69856,0.10922469079248741,1.0,0.1969388018480758,0.27100292638506296,0.12035604765393905,73698
00130059,torsion,1.547273225588062,51251,0.19613275838520225,0.56694601442214,0.2914422196676287,0.25954905267291767,0.20683255554154129,55499
00160091,torsion,3.923714378885471,108646,0.18305321871030686,1.0,0.30945897583518756,0.6646574481774257,0.1830360334596411,111896
00140014,compression,1.6555697229749224,50029,0.39593036039097323,1.0,0.5672637713532941,0.36274055543728334,0.3942811755361398,50360
00130059,bending,1.547273225588062,21391,0.12902622598289,0.47573572403040343,0.20299684871222923,0.28361510102655574,0.13770805011573647,27217
00160091,torsion_compression,3.923714378885471,198217,0.1871736531175429,1.0,0.31532649436082233,0.6227361872732404,0.1868789475801585,198856
00160091,bending_compression,3.923714378885471,77330,0.3084443294969611,0.8833012512030799,0.45722722464155796,0.6373615342367396,0.3020088854548967,82832
00160092,bending_compression,3.108459431104584,79073,0.11964893199954472,0.8866790009250693,0.2108461705495664,0.5201138090626563,0.11904677007190824,84135
00160092,bending,3.108459431104584,22481,0.02535474400604955,0.40289588600321763,0.04770721318252842,0.69278038666279,0.032815795843563055,28919
00160092,torsion_compression,3.108459431104584,160490,0.1511309115832762,1.0,0.26257814825841025,0.4833244727410643,0.1500352587497371,161662
00170011,compression,1.8283793726563604,27427,0.06901957924672768,1.0,0.1291268758526603,0.3354818878618297,0.06399805329115464,32876
00200002,bending,3.0881906599723283,12448,0.6131105398457584,0.9807259073842303,0.754523328365449,0.5153698077339972,0.47516223511169814,17413
00170059,compression,2.5917533708774494,54034,0.26479623940481917,0.9339891276210199,0.4126123248444741,0.4192695042701432,0.2592126459927507,59592
00200002,compression,3.0881906599723283,9506,0.08363139070061014,0.9389236545682103,0.15358291244379044,0.7489536422979284,0.08568568568568569,14985
00200002,bending_compression,3.0881906599723283,12400,0.6460483870967741,0.27881746677515595,0.3895258408565729,0.5183041900181431,0.523338630878804,16989
00170059,bending_compression,2.5917533708774494,71424,0.2699932795698925,0.9960435212660732,0.4248297628053142,0.4142603955077987,0.26527697709763637,76324
00200022,bending_compression,2.837425862656248,33908,0.2539813613306594,0.9894625922023182,0.404208095490398,0.5022531997418255,0.24022890539388775,41065
00200008,torsion,2.516885539776645,180812,0.16083003340486252,1.0,0.2770948868942123,0.3471795442599556,0.16003892454542473,182918
00170059,bending,2.5917533708774494,58603,0.1199597290241114,0.812322029510743,0.20904824029501123,0.4427951703485882,0.12255867004156121,64002
00200022,bending,2.837425862656248,43814,0.44011046697402656,0.9797314416012162,0.607377567415136,0.4597292435648713,0.40749256689791874,50450
00200022,torsion,2.837425862656248,42888,0.3060762917366163,0.9186724094248797,0.4591698593039499,0.48612869020652827,0.29330855769424974,49511
00170038,compression,1.3684133560964935,389,0.45758354755784064,0.6998963730569948,0.5533764510336695,0.5580409412539766,0.6329094530412134,6527
00200008,bending_compression,2.516885539776645,195212,0.4125207466754093,1.0,0.5840915931979648,0.34105535790731933,0.411898452163563,196597
00170059,torsion,2.5917533708774494,66352,0.3274354955389438,0.9132798343256536,0.4820448783376924,0.4230722631378767,0.32432092027373105,71457
00200022,compression,2.837425862656248,43997,0.42566538627633704,0.9972130732201672,0.5966484138951412,0.4591798912432745,0.38317554240631163,50700
00200022,torsion_compression,2.837425862656248,43523,0.34216391333318014,0.5995785036880927,0.43569053164510096,0.4652813690197688,0.3192316122989857,50183
00170038,torsion,1.3684133560964935,38390,0.3596509507684293,1.0,0.5290342356840432,0.25718096693194137,0.4025771183131589,43537
00170038,bending,1.3684133560964935,28433,0.27886610628495057,1.0,0.43611462515813215,0.28181389631584874,0.3117108768678327,34532
00200002,torsion_compression,3.0881906599723283,22455,0.43286573146292584,0.08028207214537564,0.13544385316747448,0.5117202950958517,0.3707064620183616,28211
00170011,torsion,1.8283793726563604,31287,0.052641672260044105,1.0,0.1000182182546912,0.33864458838810585,0.05009528995371631,36730
00200008,torsion_compression,2.516885539776645,169762,0.43372486186543513,1.0,0.6050322114120431,0.347725931985351,0.4320572296695557,171799
00170038,bending_compression,1.3684133560964935,37782,0.2148377534275581,0.954313642158946,0.35072035960552245,0.2761170632743407,0.25609216804375656,42965
00210070,compression,2.613566147447888,83271,0.4124004755557157,0.7901608766612264,0.5419477695668126,0.40641832853932264,0.3960451653579412,87235
00200008,compression,2.516885539776645,188112,0.3536084885600068,1.0,0.5224678945921534,0.3403236360326063,0.35060843912974765,189830
00200030,compression,7.972502839812068,77575,0.17958105059619722,0.5510132774283718,0.270879582436926,1.2572609641113912,0.17797506840985103,82225
00200008,bending,2.516885539776645,179523,0.2522128083866691,1.0,0.4028273895578756,0.3474695392465478,0.25009796400443735,181189
00170011,bending_compression,1.8283793726563604,29447,0.25924542398206946,1.0,0.41174725600711953,0.3239936228730415,0.2399747031937218,34787
00200089,compression,7.051256731771781,4015,0.9798256537982566,0.5659171597633136,0.7174546065436443,1.3623296509962077,0.5228229200388476,9267
00170011,bending,1.8283793726563604,33060,0.05556563823351482,1.0,0.10528125626844714,0.33840345095689495,0.0532724110179392,38519
00170011,torsion_compression,1.8283793726563604,23058,0.11909098794344695,1.0,0.21283521934583785,0.38667178392895857,0.11547714514835605,28681
00200030,bending,7.972502839812068,79650,0.22866290018832391,0.590146750524109,0.3296118148928628,1.263519659587944,0.22610246047783192,84130
00210070,bending,2.613566147447888,105985,0.27323677878945135,1.0,0.42920026084894475,0.40278272551294847,0.26581163648373424,109002
00200030,torsion_compression,7.972502839812068,6302,0.6031418597270708,0.4222351911292676,0.49672989698226067,1.5169621005247547,0.4330395714532573,11574
00200089,bending,7.051256731771781,67942,0.20798622354361074,1.0,0.3443519793354697,1.1971023623384425,0.19592672356491453,75222
00210070,bending_compression,2.613566147447888,96520,0.2793410692084542,1.0,0.4366952268346804,0.40450435330504575,0.27049688819515316,99942
00200089,bending_compression,7.051256731771781,29855,0.7054094791492213,0.978216299333675,0.8197107207874181,1.1867551111869084,0.5687411820034488,38274
00210070,torsion,2.613566147447888,113832,0.3822738772928526,0.9967358358591746,0.5526082506550312,0.404388253929884,0.37607372481783113,116650
00200030,torsion,7.972502839812068,84842,0.2353079842530822,0.35185185185185186,0.2820136696140672,1.2653870107796559,0.2314664396069776,89257
00200030,bending_compression,7.972502839812068,55401,0.19279435389252902,0.8322147651006712,0.31306318151589263,1.3510104081296515,0.1875163227996866,61264
00200002,torsion,3.0881906599723283,24100,0.5448547717842324,0.9997496871088861,0.7053176422932527,0.5036659382588917,0.44854459468460667,30026
00200089,torsion,7.051256731771781,22562,0.4957450580622285,0.9988165680473373,0.6626135301079157,1.3389545479896374,0.39509580511602527,31157
00170038,torsion_compression,1.3684133560964935,40507,0.19465771348162045,0.9800254993625159,0.3248016499660372,0.2619646080288608,0.22431424182576257,45570
00210070,torsion_compression,2.613566147447888,60243,0.11563169164882227,0.2019994873109459,0.14707336040784585,0.4232459492771526,0.11700289962366586,64836
00170059,torsion_compression,2.5917533708774494,55368,0.43718393295766506,0.6979887899769205,0.5376265271308074,0.4171961502934851,0.4279256155922436,60389
00210090,compression,2.240738337559491,69621,0.08895304577641804,0.4598286640426025,0.14906896301401876,0.3769937986954368,0.09779761985534582,73693
00200089,torsion_compression,7.051256731771781,96293,0.2510982106695191,0.8754484879548949,0.39026087267794374,1.1393152955304733,0.24265868145893674,101855
00210090,torsion,2.240738337559491,85981,0.4371547202288878,0.949293818013429,0.5986349467464239,0.35210829813624717,0.43033102386451116,89631
00210090,bending,2.240738337559491,43895,0.4420321221095797,0.6195878675619356,0.5159619121650006,0.3682945117634514,0.42476466328747287,48335
00210090,bending_compression,2.240738337559491,97332,0.2810586446389677,1.0,0.4387912228923393,0.34138152484219314,0.27260355617363663,100670
00210097,bending,3.1435388939825426,81182,0.2961124387179424,1.0,0.4569239980612235,0.490124142321715,0.2805029116547229,86377
00210097,compression,3.1435388939825426,96830,0.3287617473923371,1.0,0.49483927128023386,0.4829129298818182,0.31550722920123253,101256
00210090,torsion_compression,2.240738337559491,68187,0.29788669394459355,0.9956918398378104,0.4585780338973799,0.34323276478943865,0.2821414291820049,72531
00220004,compression,3.424596004811165,11543,0.44711080308412027,0.9432692307692307,0.6066627152648747,0.614333929366008,0.3731879787860931,16970
00220004,bending,3.424596004811165,40151,0.37339045104729646,1.0,0.5437498866583247,0.5879320209663583,0.3428308420637356,45626
00210097,torsion,3.1435388939825426,63408,0.5770407519555892,0.8562393578204817,0.6894465352873629,0.4940075419130069,0.5431854314207255,69190
00210097,torsion_compression,3.1435388939825426,3985,0.4185696361355082,0.36522399392558846,0.390081440783014,0.8399666178849958,0.3576243607624361,8604
00220004,torsion_compression,3.424596004811165,40151,0.291300341211925,0.6064643473969898,0.3935625305186598,0.5930860217824476,0.2758734055143997,45626
00240056,torsion,4.188992358593392,64540,0.4082119615742175,1.0,0.5797592588517484,0.6542111699385423,0.39135693090888635,71109
00230003,torsion_compression,2.5802115831655263,69935,0.3644527060842211,0.8142974527526705,0.503538273973229,0.40689926185243575,0.3537907108087029,74366
00240090,torsion,6.37215347009931,72884,0.4144668239942923,0.9906295050456512,0.5844198098387273,1.0151267257213843,0.3878891532817767,80688
00220004,bending_compression,3.424596004811165,35184,0.5739824920418372,0.9948186528497409,0.7279552177173618,0.5752223090962517,0.5035896444197346,41369
00240056,bending_compression,4.188992358593392,16343,0.13100409961451387,0.3709073900841908,0.1936213443032248,0.8934603178638055,0.14411132083754005,22781
00220074,compression,5.37042383758545,58850,0.348785046728972,1.0,0.5171840354767184,1.1479197517678883,0.3307252482696359,66460
00230003,compression,2.5802115831655263,68802,0.12896427429435192,0.9682765151515151,0.22761289826974643,0.3959420429973447,0.12269411684504739,73345
00240090,compression,6.37215347009931,69780,0.29476927486385784,1.0,0.4553232465218209,1.0145854256467781,0.27310660041854434,77889
00240056,bending,4.188992358593392,16937,0.17228552872409517,1.0,0.2939309997481742,0.700788687580657,0.1322012311611123,23555
00240056,compression,4.188992358593392,9684,0.206422965716646,0.7417523944661227,0.3229671124624171,0.6916600283698252,0.14156785243741765,15180
00220004,torsion,3.424596004811165,20210,0.6530925284512618,0.9997596153846153,0.7900713170141052,0.5848922246635453,0.563731215448104,25686
00220074,torsion_compression,5.37042383758545,55946,0.11114288778464948,1.0,0.2000514767389486,1.2095855513501896,0.10442483414695206,63912
00240056,torsion_compression,4.188992358593392,16598,0.07579226412820822,0.5341440598690365,0.13274824297327917,1.0360567819987239,0.09095622866525516,23143
00240090,torsion_compression,6.37215347009931,99805,0.01800510996443064,0.9705159705159705,0.03535432297080411,1.123878689188894,0.01976614963763642,105281
00240090,bending_compression,6.37215347009931,66453,0.11575098189697983,0.9877149877149877,0.20721795290629005,1.0418143573670957,0.1066743260213215,74854
00240090,bending,6.37215347009931,101250,0.15990123456790123,1.0,0.27571525885558584,0.9975177972651116,0.1537257328196331,106677
00230003,bending_compression,2.5802115831655263,21763,0.5505215273629555,0.5475212270610792,0.5490172781904331,0.4364998009256769,0.4477292202227935,30342
00220074,bending,5.37042383758545,59443,0.3415372709991084,1.0,0.5091729889021255,1.1285133258455597,0.32132064745833705,66846
00230003,bending,2.5802115831655263,77530,0.3665290855152844,0.9573863636363636,0.5301093035409468,0.4255907827615707,0.3618975127065583,81454
00230003,torsion,2.5802115831655263,133275,0.2207540799099606,0.8847064393939394,0.353341530716641,0.400913402429634,0.22284315095185922,135997
00260088,bending,5.329096811982593,64211,0.1753282147918581,0.9030574198359433,0.2936453160914456,0.7685340433134213,0.15822402722133802,72884
00220074,torsion,5.37042383758545,61942,0.14883277905137063,1.0,0.25910259833335675,1.1246116220034539,0.1436937848859068,69154
00220074,bending_compression,5.37042383758545,55946,0.3572909591391699,1.0,0.5264765918219529,1.1578528222566753,0.3340217799474277,63912
00210097,bending_compression,3.1435388939825426,138998,0.3183067382264493,1.0,0.48290239137315677,0.49661180960971046,0.3166981940813478,141147
00260088,bending_compression,5.329096811982593,45000,0.111,0.46783479349186485,0.17942826748311852,0.8011412900570136,0.09895988112927191,53840
00260088,compression,5.329096811982593,149186,0.11519847706889387,1.0,0.20659726396268605,0.7681351379296213,0.11161241739265915,154042
00260088,torsion,5.329096811982593,46362,0.16353910530175575,0.908774546358439,0.2771953448552463,1.020418657328543,0.15412244897959185,55125
00290041,compression,4.194942436602689,48445,0.4231396428940035,0.912916565312576,0.5782558953218168,0.6911381130583787,0.3806272897864355,55955
00250056,compression,2.029159828708955,4635,0.7208198489751888,0.25579612952672925,0.3775955575429543,0.3885201676229717,0.5569604863221884,8225
00260088,torsion_compression,5.329096811982593,72893,0.12076605435364164,0.9932415519399249,0.21534837387144878,0.8048331034773348,0.11067673227284983,81598
00250056,torsion_compression,2.029159828708955,0,,0.0,0.0,1.222274005168376,0.40333091962346124,2762
00290041,bending,4.194942436602689,59620,0.21482723918148272,0.9866212600340549,0.3528293082046587,0.7849649245128131,0.20837004405286344,65830
00250056,bending_compression,2.029159828708955,29595,0.5347187024835276,0.977648006443818,0.6913226407397197,0.34252289203151454,0.5066612368375124,34378
00270052,compression,1.4320719416437548,89630,0.271047640299007,1.0,0.4264948562199361,0.2168595904713253,0.27559157352607033,92423
00250056,torsion,2.029159828708955,100194,0.4681318242609338,0.9990419620616976,0.6375295695343368,0.3180131562068019,0.46179002222243787,103049
00250056,bending,2.029159828708955,4635,0.7238403451995685,0.11247365395669669,0.19469474046352808,0.3853190570281447,0.5535562310030395,8225
00270052,bending,1.4320719416437548,95854,0.2712771506666388,1.0,0.4267789294008551,0.2133848555675855,0.27258990325132343,98606
00270052,torsion_compression,1.4320719416437548,95993,0.11665433937891305,1.0,0.2089354516703828,0.21254746722454326,0.11843557319456116,98771
00270052,bending_compression,1.4320719416437548,89927,0.2893346825758671,0.9841872232764073,0.44719999951839823,0.2160185432428111,0.2914890632250267,92669
00270052,torsion,1.4320719416437548,89927,0.5925139279637929,1.0,0.7441240136861952,0.2169119638199935,0.5872082357638476,92669
00290041,torsion,4.194942436602689,44556,0.7593590088876919,0.8844563366577475,0.8171476060603554,0.7150747601549576,0.6979981748636002,51503
00290041,bending_compression,4.194942436602689,52837,0.3916952135813918,0.8487630706452436,0.5360219468301699,0.6962425900378287,0.35966248681589125,59731
00300071,bending,2.248360960416031,29550,0.08104906937394248,0.3246753246753247,0.1297167895229997,0.5526722728711797,0.10437719836971693,35822
00290041,torsion_compression,4.194942436602689,26523,0.33906420842287827,0.9046161693445549,0.493250469925328,0.7045051365750838,0.2847945408693072,33705
00360016,compression,0.3278173200782243,14291,0.7490728430480722,0.9867446393762184,0.8516374790138421,0.04953508403867186,0.6454796683774181,17731
00300071,compression,2.248360960416031,142779,0.2858403546740067,1.0,0.44459695736719124,0.3329640394565863,0.2825348037077804,144453
00300071,torsion,2.248360960416031,133128,0.31692055765879457,1.0,0.48130550596341526,0.3365700362446281,0.3137574446650271,134996
00360016,bending_compression,0.3278173200782243,14347,0.6192932320345717,0.9995590828924162,0.7647642337057476,0.049972419791620606,0.5293854998046548,17917
00300071,torsion_compression,2.248360960416031,130896,0.32059803202542475,1.0,0.48553462030186106,0.33631333804733127,0.31689435851115877,132855
00360016,bending,0.3278173200782243,24927,0.5716692742809002,1.0,0.7274676468336013,0.05079734283808743,0.5307790730736424,28136
00300071,bending_compression,2.248360960416031,119174,0.25556748955309044,1.0,0.4070947865081434,0.3353504904545473,0.25179584431363855,121809
00310027,bending,3.866941117229198,150301,0.24293251541905908,1.0,0.39090218077874245,0.635433105192335,0.25126384011196345,152907
00360016,torsion,0.3278173200782243,16862,0.604910449531491,1.0,0.753824551030966,0.05188254810755547,0.5365805365805366,20202
00360016,torsion_compression,0.3278173200782243,18305,0.3449877082764272,0.9819223985890653,0.5105864462736706,0.05720796254466289,0.3169901572992365,21742
00310027,bending_compression,3.866941117229198,114572,0.823045770345285,0.9997624703087886,0.9028379992865743,0.6141561180991525,0.806765356131104,118959
00310027,compression,3.866941117229198,100617,0.7433833248854568,1.0,0.8528053633119363,0.6239093359529482,0.7285880340587996,105817
00310027,torsion_compression,3.866941117229198,145293,0.653823652894496,1.0,0.7906812213626092,0.6119833925967467,0.6447035485111637,148203
00320057,bending,8.156487373352693,221445,0.48421504210977895,1.0,0.6524863693895433,1.0961844736191286,0.47576363725068416,225467
00350001,compression,2.514755223465145,120980,0.1810877831046454,1.0,0.3066457645148648,0.39687423107972086,0.1784919973796372,123647
00350001,bending,2.514755223465145,82536,0.31192449355432783,1.0,0.4755220214072644,0.3945581344128763,0.3031559710409784,85362
00320057,bending_compression,8.156487373352693,211978,0.41019351064733134,1.0,0.5817549259023852,1.1116993354898899,0.40338679604085304,215602
00320057,compression,8.156487373352693,211639,0.49986533672905276,1.0,0.6665469552342248,1.1371261091758527,0.4925110336817654,215250
00320057,torsion,8.156487373352693,306197,0.18056022756591344,1.0,0.3058890573303383,1.0643431768160363,0.17875529004954582,310016
00300090,torsion_compression,1.4675875854865197,74964,0.5752627928072142,0.951688555347092,0.717077223047589,0.22403430535360186,0.565539920464974,78456
00350001,torsion,2.514755223465145,122189,0.20123742726432003,1.0,0.33505021188461487,0.39632238294936667,0.19836860811373316,124924
00300090,bending_compression,1.4675875854865197,90280,0.6255316792202038,1.0,0.7696333294719699,0.22260617169375255,0.6145048395913949,93293
00300090,torsion,1.4675875854865197,101744,0.6273981758138072,1.0,0.7710444624285835,0.22478203319444678,0.6226752228711958,104096
00300090,bending,1.4675875854865197,82826,0.5262115760751455,1.0,0.689565698916225,0.22587509689880939,0.5186965936343104,85898
00310027,torsion,3.866941117229198,155266,0.30956551981760333,1.0,0.47277591710068806,0.6162763289534685,0.3148353774991593,157603
00300090,compression,1.4675875854865197,66579,0.692635816098169,0.9459869848156183,0.7997258025222429,0.23259758849558643,0.6825227682821136,70383
00350001,torsion_compression,2.514755223465145,111246,0.1560505546266832,1.0,0.26997185201312535,0.39236116636607987,0.15259147412037363,113912
00350001,bending_compression,2.514755223465145,119705,0.15926653022012446,1.0,0.27477120415075307,0.40295278185573963,0.1576601625750315,122282
00320057,torsion_compression,8.156487373352693,158748,0.22552095144505757,1.0,0.3680409562629466,1.2438027424487923,0.2200003680371963,163027
00360019,compression,2.357895781119256,86106,0.5011032912921283,0.9994937990382182,0.667533791117595,0.3805606662015713,0.5138418421952754,90631
00360019,bending_compression,2.357895781119256,88888,0.2769552695526955,1.0,0.4337744260215319,0.3752964563951418,0.2802454171985112,93229
00360019,bending,2.357895781119256,83086,0.19719326962424477,1.0,0.3294259575751483,0.4251242224512646,0.217965608886264,88046
00360019,torsion,2.357895781119256,7740,0.4719638242894057,0.2882814477347507,0.3579329449358448,0.5491467954318917,0.3527155759000371,16166
00370070,compression,1.9084748089275263,144883,0.15031439161254254,1.0,0.2613448857261147,0.23993287272103841,0.14833506974982072,147814
00370070,bending_compression,1.9084748089275263,164556,0.5650052261843992,1.0,0.7220489960431947,0.24600987584372797,0.5585247535452263,166562
00360019,torsion_compression,2.357895781119256,83858,0.22976937203367598,1.0,0.37367880069041753,0.367070936579793,0.22656875683846006,88653
00370070,bending,1.9084748089275263,200010,0.5738163091845407,1.0,0.7292036635226619,0.2485127001370801,0.570182316219891,201518
00370070,torsion,1.9084748089275263,140692,0.6072626730730959,1.0,0.7556483246288623,0.2561113836505934,0.5998687911336307,143283
00390005,compression,9.823943921734244,162775,0.18265704192904317,1.0,0.3088926636434,1.4763768172679752,0.1771451707979303,167947
00370070,torsion_compression,1.9084748089275263,139279,0.321046245306184,1.0,0.4860484581018946,0.2423388910003333,0.31400007015820675,142535
00390005,torsion_compression,9.823943921734244,152679,0.09609704019544273,0.9531903037057676,0.1745923410999292,1.5233869767022565,0.09792211575607501,157901
00390005,torsion,9.823943921734244,157794,0.24455936220642102,0.9979392065945389,0.3928461279775338,1.5117840973300403,0.23917858479510637,162987
00390005,bending_compression,9.823943921734244,133602,0.15213095612341132,0.9896907216494846,0.2637234844668125,1.5439042653454975,0.14934403169317334,139336
00390005,bending,9.823943921734244,150839,0.17756018005953367,1.0,0.3015730033441803,1.5229297840290932,0.17275409437379602,156251
00400055,compression,2.3624618834634727,98587,0.06932962763853247,1.0,0.1296693289825653,0.37168011633970294,0.06955684764673528,101816
00400055,bending_compression,2.3624618834634727,38535,0.033346308550668224,1.0,0.06454043194374687,0.5729693075028366,0.03794295006436751,44277
00400055,bending,2.3624618834634727,94194,0.07646983884323842,1.0,0.1420752093257197,0.3731518916166916,0.07615201705477205,97568
00400070,compression,2.9071302269604264,70120,0.24965772960638904,0.9992677568952892,0.3995032884694227,0.4861094876327766,0.24787949692892658,75218
00400055,torsion,2.3624618834634727,103576,0.05848845292345717,1.0,0.11051316197529965,0.3700409391611579,0.05808222771906154,106728
00400055,torsion_compression,2.3624618834634727,109921,0.03081303845489033,1.0,0.05978395170685212,0.3880128615005435,0.03145712969198596,112852
00400070,bending,2.9071302269604264,81216,0.36162825059101655,1.0,0.5311703108892627,0.4696185270322523,0.35200214870435464,85633
00400070,bending_compression,2.9071302269604264,80715,0.25635879328501515,1.0,0.4080980602916958,0.46387928870618184,0.24757634797305228,85202
00400099,compression,10.62945094232574,134289,0.06620795448622002,1.0,0.12419332308981702,1.5076591478805934,0.06330285022951286,140515
00400083,bending,1.165787863472716,95771,0.2612168610539725,1.0,0.4142298903864623,0.19298111669694956,0.2585272749661372,97452
00410001,bending,5.512193985131289,3943,0.5980218108039563,0.72,0.6533665835411471,1.8708361855861235,0.48737411693972643,13306
00410001,torsion,5.512193985131289,94671,0.17271392506681033,1.0,0.29455423249446056,0.8946414922613487,0.1669945312192627,101668
00400070,torsion,2.9071302269604264,82930,0.4034607500301459,0.9843788137661704,0.5723402400051086,0.46750262798421516,0.39658194064214614,87301
00400099,bending,10.62945094232574,187348,0.043608685440997504,1.0,0.08357286797123538,1.482779318567128,0.04262756965459668,191660
00400099,bending_compression,10.62945094232574,57804,0.44059234655041174,0.9939924906132666,0.6105536215741001,1.7550978801490538,0.41244320167773507,65803
00410001,compression,5.512193985131289,30295,0.1379765637894042,0.3049411764705882,0.18998893863502617,1.141836661201753,0.14370729001185162,39657
00410001,bending_compression,5.512193985131289,101857,0.19015875197580923,1.0,0.31955191130615546,1.0277870987771236,0.18435148399158682,106975
00400099,torsion,10.62945094232574,192369,0.04502804505923511,1.0,0.08617576393690525,1.493132687633195,0.04410139961611111,196411
00400083,torsion_compression,1.165787863472716,53117,0.11768360411920854,0.9408831908831908,0.20920082791386665,0.18803037008872545,0.12194609362685861,57099
00400083,torsion,1.165787863472716,48918,0.1747618463551249,1.0,0.2975272765239181,0.20352718882547682,0.1631309988497294,53031
00410029,bending,4.390169353595008,56771,0.1500590090010745,1.0,0.26095879920355336,0.7384177797930332,0.14533725452993074,63246
00400083,compression,1.165787863472716,117441,0.1308316516378437,1.0,0.23139014803548036,0.18115992102791711,0.13028491090182262,118072
00410029,compression,4.390169353595008,60474,0.1558355656976552,1.0,0.26965006151821225,0.734471462053962,0.15153550004476676,67014
00400070,torsion_compression,2.9071302269604264,58860,0.3143051308188923,0.9948480164863472,0.4776917606779456,0.4777441824120753,0.3029922480620155,64500
00400083,bending_compression,1.165787863472716,113654,0.310459816636458,1.0,0.4738181403124769,0.18224091255774433,0.31028753323072616,114352
00410029,torsion,4.390169353595008,61516,0.4911892840886924,0.9979864082557262,0.6583511024540702,0.7098103143870567,0.47293916830983845,67958
00400099,torsion_compression,10.62945094232574,147743,0.20133610391016835,1.0,0.33518696933331077,1.677257003701806,0.19691308515424794,153357
00410001,torsion_compression,5.512193985131289,53234,0.1838298831573806,0.9893966170159051,0.310052090496554,1.043262542443772,0.17336641852770884,60450
00410029,torsion_compression,4.390169353595008,80575,0.12142724170027924,1.0,0.21655839484722053,0.720723991930243,0.1220355045998798,86524
00410029,bending_compression,4.390169353595008,14124,0.4731662418578306,0.9821381665353297,0.638649374748704,0.7800788657297651,0.35923256812866894,20953
00420029,bending,4.743186539659139,140650,0.15985069321009598,0.9926627218934911,0.27535961341366844,0.7230322376663255,0.15932168409466152,145360
00420029,torsion,4.743186539659139,86046,0.11268391325570044,0.9827218934911243,0.202184337381782,0.7773644793667941,0.11945191390891657,93343
00420029,compression,4.743186539659139,165408,0.18037217063261754,1.0,0.3056191515188765,0.7248927756047328,0.18035388587535828,168868
00420029,bending_compression,4.743186539659139,191841,0.19121564212029754,1.0,0.3210428663947769,0.7231283710573331,0.19221587321145286,194781
00420062,torsion,0.7356298974899841,87529,0.3263489814804236,1.0,0.4921012283149861,0.11662564812328038,0.32491035599069273,88963
00420062,bending,0.7356298974899841,18567,0.7323746431841439,1.0,0.84551531167418,0.12673510545886488,0.618244554668967,23185
00420062,bending_compression,0.7356298974899841,6547,0.5526195203910188,0.6696562032884903,0.6055345495599327,0.1387493911499406,0.41079747876130446,10947
00430053,compression,2.372925415289976,6754,0.8923600829138288,0.8732460243217961,0.8826995913465951,0.4489140944998923,0.6943419434194342,11382
00420062,compression,0.7356298974899841,18720,0.7840277777777778,1.0,0.8789412222654729,0.1278284161125958,0.6639351295692466,23308
00420062,torsion_compression,0.7356298974899841,76247,0.18855823835691896,1.0,0.3172890183615819,0.11984062549857813,0.1896921975662133,78232
00420029,torsion_compression,4.743186539659139,147830,0.17294865724142597,0.9973045822102425,0.2947780574994192,0.7349436707518018,0.17665436702907844,152037
00430053,bending,2.372925415289976,4565,0.9894852135815991,0.8505612722170253,0.9147788478165729,0.44740021814071174,0.702258726899384,8766
00430053,torsion,2.372925415289976,2186,0.8655077767612077,0.5792797006548176,0.6940412948945844,0.706024501405029,0.554431979775636,6329
00430053,bending_compression,2.372925415289976,2934,0.11997273346966598,0.9090909090909091,0.21197157653860052,0.8988697505888981,0.1941376380628717,7062
00430053,torsion_compression,2.372925415289976,2934,0.0787321063394683,0.3780582024208087,0.1303237744963812,1.0518713828685622,0.15788728405550836,7062
00430054,bending,1.179364653437068,4935,0.7896656534954407,0.5090601594588064,0.6190487930214,0.22534649532281376,0.699364935359492,8818
00430057,compression,3.0083354963603486,19803,0.6798464879058729,0.9478491455509723,0.7917842862290821,0.5158185146015333,0.5576999530160107,27669
00430054,compression,1.179364653437068,7790,0.9351732991014121,0.5010872191350568,0.6525325759583841,0.22178830243635084,0.8914514916019053,11967
00430054,torsion,1.179364653437068,10046,0.5482779215608202,0.42425706692437787,0.4783597209661275,0.2059599894993645,0.5313871664460391,14353
00430057,torsion_compression,3.0083354963603486,17240,0.3252320185614849,0.8182359952324195,0.4654551612793421,0.6261263169036846,0.27283731439638476,24784
00430057,bending_compression,3.0083354963603486,17457,0.25559947299077734,0.35309892729439807,0.2965406174478984,0.6773321656294717,0.25887380792212417,25271
00430054,bending_compression,1.179364653437068,4602,0.9454584963059539,0.4173421763694424,0.5790717812615751,0.2533572502087167,0.8691478013511912,8437
00430057,bending,3.0083354963603486,8790,0.4895335608646189,0.7445492044784915,0.5906926723929068,0.7312363711335863,0.3990174345455635,16691
00430057,torsion,3.0083354963603486,5039,0.591387179996031,0.8367707719505009,0.6929982869926075,0.8428645336742869,0.4058706008913478,13014
00430054,torsion_compression,1.179364653437068,10652,0.5416823131806233,0.5733235077376566,0.5570539598015678,0.23968892184350568,0.5697094608071271,15041
00460016,compression,2.4380258002545143,87584,0.11193825356229448,0.9833926453143536,0.20099726100192913,0.4371996792228882,0.1116573111458022,90321
00440061,bending_compression,2.221012513261041,189183,0.4323432866589493,1.0,0.603686686963742,0.33320838693358035,0.4326655581070024,189435
00460016,bending_compression,2.4380258002545143,115009,0.14375396708083715,1.0,0.25137218530963495,0.39430357367279173,0.14552267601889882,116621
00460016,torsion,2.4380258002545143,127428,0.27731738707348463,1.0,0.43421844857034025,0.3978938905203176,0.27678224817155545,128798
00440061,torsion,2.221012513261041,190223,0.43250816147363885,1.0,0.6038473959250779,0.3285352420942978,0.43294459875975994,190447
00460016,bending,2.4380258002545143,127836,0.1374417222065772,0.9959667852906287,0.24154996071657733,0.3938386140907547,0.13778049554535532,129191
00440061,compression,2.221012513261041,189546,0.4419876969178986,1.0,0.6130256143829828,0.3306607112947045,0.44184355304483464,189764
00440061,torsion_compression,2.221012513261041,189579,0.17425453241129027,1.0,0.2967917561339358,0.34010226058377807,0.17431642168484274,189810
00460087,compression,2.2542204506184578,197777,0.4505377268337572,1.0,0.6212009774019374,0.3207135192648004,0.45051856943573987,197852
00460087,bending,2.2542204506184578,197105,0.47234722609776514,1.0,0.6416247712839457,0.32123939945038604,0.4723106882771771,197188
00460016,torsion_compression,2.4380258002545143,127261,0.12166335326612238,0.999491998983998,0.2169218528279829,0.38775025944975305,0.12258676010161827,128717
00440061,bending,2.221012513261041,189782,0.37103624158244725,1.0,0.5412493562594639,0.33128230066270015,0.37092216123481087,190021
00460087,torsion_compression,2.2542204506184578,200701,0.1713195250646484,1.0,0.2925239806878363,0.3195590174719086,0.1713420465412815,200768
00460089,bending_compression,2.307176061926662,17148,0.23722883135059483,0.3855042016806723,0.29371401995582946,0.6108546990226134,0.2522585398007057,25791
00460089,compression,2.307176061926662,16809,0.28169433041822833,0.7217340363210311,0.40522750370745253,0.5999063547202929,0.2753691301453022,25533
00460090,compression,2.928292252834596,17008,0.5950141110065852,0.8590286425902864,0.7030524554187394,0.541146957105282,0.46466152953848705,24138
00460087,torsion,2.2542204506184578,169866,0.2820870568565811,1.0,0.4400435295684237,0.3135108751142972,0.2814886168738106,170252
00460087,bending_compression,2.2542204506184578,197184,0.18275823596234989,1.0,0.3090373508389039,0.3253931185291732,0.18284541099536156,197265
00460090,torsion,2.928292252834596,42729,0.3832759952257249,1.0,0.5541569383818902,0.5443815704109802,0.35121666968071213,49767
00460089,torsion,2.307176061926662,206014,0.25509916801770754,1.0,0.4065004176850964,0.32784996323350185,0.25507069118653447,206037
00460090,bending,2.928292252834596,43443,0.3196142071219759,1.0,0.48440552609545073,0.5166303395461207,0.2843829314720812,50432
00460089,torsion_compression,2.307176061926662,215125,0.09645090063916328,1.0,0.1759329133350857,0.32076069812826696,0.09644910727981816,215129
00460090,torsion_compression,2.928292252834596,42236,0.20136850080500046,1.0,0.33523186377879816,0.5233636519314181,0.18215228426395938,49250
00460090,bending_compression,2.928292252834596,42871,0.21331436168972032,1.0,0.3516225776684097,0.5160533443986306,0.19216732172936551,49868
00460091,bending,1.0641648851269705,68796,0.13967381824524683,1.0,0.24511191888272432,0.16647150254845094,0.13858891288696903,72228
00460091,compression,1.0641648851269705,83880,0.1018001907486886,1.0,0.18478884212120886,0.16585205140027937,0.10255277083212189,85985
00460089,bending,2.307176061926662,216399,0.14762083004080426,1.0,0.2572641175144155,0.3277386032272899,0.14761741927136282,216404
00460091,bending_compression,1.0641648851269705,74634,0.16651928075675965,1.0,0.28549769130045255,0.16561389086533407,0.16514616250630848,77277
00460091,torsion,1.0641648851269705,83499,0.3655013832500988,1.0,0.5353365258117139,0.16434589325571367,0.362553161576043,85353
00460091,torsion_compression,1.0641648851269705,93015,0.2279309788743751,1.0,0.3712439588148771,0.1637139172810874,0.22641188236796186,93988
00470072,compression,5.439733020878516,37540,0.8870804475226425,0.7643482490272373,0.821153693437409,0.8848775021084662,0.7914127110003398,44135
00470031,compression,1.4367155976142594,54643,0.1430924363596435,0.999793431109275,0.2503537439492999,0.2602971344713467,0.13741580733040296,59833
00470031,bending,1.4367155976142594,16981,0.16606795830634238,0.9723197686428424,0.28368394173072414,0.4357795832764865,0.19480732216716493,24419
00470031,bending_compression,1.4367155976142594,42675,0.12342120679554774,0.9951965065502183,0.21960738216770004,0.36095370195451004,0.13288394747117696,48659
00470072,bending,5.439733020878516,47318,0.7529481381292531,0.8939688715953308,0.817420906382865,0.8712043929857475,0.685940895666549,53837
00470072,torsion,5.439733020878516,35906,0.6898289979390632,0.7261673151750972,0.7075318865225761,0.8791719216640775,0.6207270242891135,42447
00470031,torsion,1.4367155976142594,48253,0.4180879945288376,0.9942160710596984,0.5886406665613774,0.2473813165767983,0.41436249073387693,53960
00470072,bending_compression,5.439733020878516,31390,0.48846766486142085,0.7568306010928961,0.5937329016164778,0.8671170563759196,0.43419631804893466,37969
00470088,bending,2.6732144969190124,101114,0.2280791977372075,1.0,0.3714405360134003,0.3988278705295432,0.22215631308540867,104521
00470072,torsion_compression,5.439733020878516,37326,0.46297487006376253,0.9552906110283159,0.6236851314655283,0.8783756531952724,0.41716117590887386,43983
00470088,compression,2.6732144969190124,93717,0.3385938517024659,1.0,0.5058948257857775,0.4004934313256775,0.32793052058173594,97295
00480056,torsion,6.451799872641506,1391,0.7117181883537024,0.34651977966950426,0.46610391474764273,1.713921954917653,0.3036237188872621,5464
00470088,torsion_compression,2.6732144969190124,97810,0.18713832941417033,0.9895260539408222,0.31475118184216255,0.3883173806735196,0.18190789149076841,101337
00480056,bending,6.451799872641506,2238,0.08623771224307418,0.08888332498748122,0.0875405345319715,3.492440089273602,0.14131324709349927,6107
00470031,torsion_compression,1.4367155976142594,48238,0.08227953066047515,0.9980349344978166,0.15202581959541975,0.36056855477734495,0.09229340761374187,53850
00480056,compression,6.451799872641506,1512,0.1832010582010582,0.414872308462694,0.2541662951910474,3.193243205523763,0.1764924679189139,5377
00470088,bending_compression,2.6732144969190124,109093,0.265635741981612,1.0,0.41976649863839155,0.38920498426494,0.2594764901163256,112357
00470088,torsion,2.6732144969190124,98215,0.45380033599755637,0.8644563627498781,0.5951657036810238,0.40929928793676684,0.44930882367389446,101783
00490039,compression,5.994764706604132,67947,0.1134560760592815,0.9135474523062063,0.20184450465827403,1.2670914521683154,0.12239544800312076,74341
00490039,bending_compression,5.994764706604132,26283,0.40554731195069055,0.9839193240665032,0.5743582849823435,1.5634694018065323,0.37491267778802356,35787
00480056,bending_compression,6.451799872641506,1391,0.43206326383896476,0.38263196302602775,0.405848001418405,1.8881810677534774,0.20369692532942898,5464
00490039,bending,5.994764706604132,64393,0.08235367198297952,0.9613619898575223,0.15171122339971116,1.365889549854233,0.0917850542443181,70883
00480056,torsion_compression,6.451799872641506,1227,0.4189079054604727,0.06446120165409876,0.11172955230663162,1.807277232644927,0.18263358778625954,5240
00490039,torsion_compression,5.994764706604132,164381,0.1364087090357158,0.9452166802943581,0.23841116968941944,0.9553975897453967,0.14028466681043777,166932
00490039,torsion,5.994764706604132,160482,0.18719856432497103,1.0,0.3153618441771116,0.9762966920274969,0.18503722312429152,163205
00490066,torsion,2.642670352697967,45424,0.21400581190560056,0.9840437656713016,0.35155654484526316,0.440682024048209,0.2260478753158575,51843
00490066,bending_compression,2.642670352697967,34671,0.5080326497649332,0.9994728518713759,0.6736490722629943,0.44101597073629095,0.4636859376508059,41444
00490066,bending,2.642670352697967,44807,0.21476555002566564,0.999316161385913,0.35354899597334577,0.4330533334791491,0.2160259036027074,51267
00510024,compression,10.505350163790734,209359,0.22098405131854854,1.0,0.36197696616906083,1.6072096699734066,0.2171935506583116,213045
00490066,torsion_compression,2.642670352697967,48780,0.17900779007790077,0.9971006852925672,0.30352436683726786,0.4345503954389519,0.1780749636098981,54960
00510024,torsion,10.505350163790734,246533,0.3041661765362041,1.0,0.4664530977855188,1.606598275257253,0.3015366306698938,248726
00510024,bending,10.505350163790734,208698,0.21856462448130792,1.0,0.35872471609676304,1.6162776420529692,0.21484505596443892,212367
00520006,compression,3.4868671952757344,79797,0.30077571838540296,1.0,0.4624559240062429,0.5759816374360849,0.2868202416918429,84736
00490052,compression,1.8971462712930376,9242,0.27851114477385847,0.7497995188452286,0.40615648506359936,0.39883715408566717,0.2413126079447323,14475
00510024,bending_compression,10.505350163790734,209212,0.21026518555340995,0.9845967985502869,0.3465277685569123,1.64076280796832,0.20918841750335773,212942
00520006,bending,3.4868671952757344,85116,0.28857089148926174,1.0,0.44789292291981986,0.5623107174211538,0.27626420138115393,89780
00510024,torsion_compression,10.505350163790734,85116,0.31340758494290144,1.0,0.47724345212537567,1.699039157215298,0.2915023925512265,92579
00490066,compression,2.642670352697967,40688,0.3903116397955171,1.0,0.5614735986140819,0.43764644158209337,0.3730429440054236,47201
00490052,bending_compression,1.8971462712930376,33273,0.4055841072340937,1.0,0.5771040027369141,0.31490457474417766,0.36174711221122113,38784
00490052,torsion,1.8971462712930376,24595,0.5271396625330351,1.0,0.6903620873269435,0.32388807489920335,0.44924787442773056,30580
00490052,torsion_compression,1.8971462712930376,26736,0.47183572710951527,0.9403877887788779,0.6283829026940762,0.3249409785809251,0.42257379420727015,32489
00520006,torsion,3.4868671952757344,84567,0.30249388059172017,1.0,0.46448414860006537,0.561909487976784,0.28912653975363944,89300
00520006,bending_compression,3.4868671952757344,89122,0.523148044253944,1.0,0.6869300016206739,0.5614990710125575,0.5134375099862589,93879
00490052,bending,1.8971462712930376,29395,0.31998639224357883,1.0,0.4848328651323419,0.3277892229108769,0.28477891156462587,35280
00520006,torsion_compression,3.4868671952757344,71356,0.4355765457705028,0.9672466734902764,0.6006600962435084,0.5791391030242954,0.4263483182616616,76855
00520020,bending,2.596683188316929,181759,0.130188876479294,1.0,0.23038428211194514,0.43245802831193036,0.1304682136482219,182075
00520020,torsion,2.596683188316929,194094,0.29379063752614715,1.0,0.4541548361918946,0.40178588107823,0.29410552986373606,194182
00520020,compression,2.596683188316929,184660,0.17480233943463663,1.0,0.29758595734284754,0.42092684938268315,0.1752730615334703,184940
00520092,bending,6.492836220532536,76864,0.4489227726894255,1.0,0.6196641824548802,1.1200679691430795,0.43224961815404755,82494
00520092,compression,6.492836220532536,111696,0.6134955593754476,1.0,0.760455218870165,1.0335800518046323,0.5946054750402576,116748
00520020,bending_compression,2.596683188316929,191274,0.24450787874985622,1.0,0.3929390611740785,0.3917371451786885,0.24445919321881548,191353
00520020,torsion_compression,2.596683188316929,192114,0.24578115077506063,1.0,0.3945815854127321,0.39508783433518396,0.24584696866431852,192209
00520092,bending_compression,6.492836220532536,99209,0.593182070175085,1.0,0.7446506978450949,1.0560960891068805,0.5703444249854057,104493
00540016,compression,3.788804258835573,189521,0.25509574136903035,1.0,0.40649606712995073,0.5672008172579973,0.25406764360094053,190528
00520092,torsion_compression,6.492836220532536,101369,0.43840819185352525,1.0,0.6095741032850971,1.0487414139218565,0.4236331470613013,106833
00520092,torsion,6.492836220532536,91389,0.6819310857980719,1.0,0.8108906382148201,1.0529146576851294,0.6537761224912063,96660
00540016,bending,3.788804258835573,208945,0.3075354758429252,1.0,0.47040479057697027,0.5660745160823334,0.30670105550205473,209758
00540016,torsion,3.788804258835573,212485,0.2945949125820646,1.0,0.4551152020124908,0.5665559957977475,0.2942417805039321,213243
00550079,bending_compression,8.418738659965504,191230,0.40985201066778226,1.0,0.5814113929215226,1.2639288700346176,0.40690350470739794,196393
00550079,compression,8.418738659965504,312007,0.4470027916040345,1.0,0.6178326596157041,1.2262216808853987,0.4460453719174603,313013
00540016,bending_compression,3.788804258835573,200633,0.14438801194220294,1.0,0.2523410074825132,0.5663987032111679,0.14420435726822883,201686
00540016,torsion_compression,3.788804258835573,214605,0.194263880151907,1.0,0.3253282350416512,0.5572229723296802,0.1938432653744092,215179
00550079,torsion_compression,8.418738659965504,313832,0.34030309210023196,1.0,0.5078002044552219,1.2179011859876854,0.33951325198628896,314783
00550079,bending,8.418738659965504,309725,0.47401404471708775,1.0,0.6431608252526071,1.2261042830555469,0.4730028062406673,310736
00560053,compression,3.275201738199625,4734,0.07055344317701732,0.9763066202090592,0.1315969460702647,1.0883974630339042,0.07860222781171398,11132
00560053,torsion,3.275201738199625,16071,0.056374836662310995,0.9988385598141696,0.10672601551414597,0.9058078498951334,0.05323627778870746,25415
00560053,bending,3.275201738199625,26550,0.029265536723163843,0.9995354239256679,0.056866083477510584,0.9647116327741218,0.03775800816230659,34059
00560053,bending_compression,3.275201738199625,58597,0.11265081830127822,1.0,0.20249087395318877,0.5628833949849196,0.10664349350995037,63867
00570051,bending,1.0121456718648854,3272,0.0776283618581907,0.6203033838973162,0.13798809364923093,0.44844770168468967,0.16770624926444627,8497
00610020,torsion,0.5170264603223771,112680,0.26175008874689387,1.0,0.4149000520488978,0.07140500336703208,0.2605887653950135,113186
00560053,torsion_compression,3.275201738199625,12903,0.10912190963341858,0.9991057455846188,0.19675438772995457,0.9787319920654767,0.11658031088082901,20844
00570051,compression,1.0121456718648854,2791,0.11967036904335364,0.7152858809801633,0.20503715097883404,0.44072479221552463,0.21086902078637615,7986
00610020,bending,0.5170264603223771,91705,0.1634371081184232,1.0,0.280955639076603,0.07305214467371275,0.16164018032945632,92941
00570051,torsion,1.0121456718648854,2659,0.11019180142910869,0.5064177362893816,0.18099973880992695,0.4506049025305482,0.21861831183756864,7831
00610020,compression,0.5170264603223771,94547,0.19968904354448053,1.0,0.33290133742407013,0.07362031378357638,0.1985444050569376,95631
00610020,torsion_compression,0.5170264603223771,116193,0.2359952837090014,1.0,0.38187084824599277,0.07511327258835507,0.23576246346877383,116681
00550079,torsion,8.418738659965504,289776,0.46296449671470374,1.0,0.6329128256418481,1.233770178080745,0.4621162683665689,291154
00570051,bending_compression,1.0121456718648854,7241,0.5477144040878331,0.6254545454545455,0.5840087461934453,0.24941399622883162,0.47316692667706706,12820
00610020,bending_compression,0.5170264603223771,111452,0.2334727057387934,1.0,0.3785616084612979,0.07563237052855722,0.23323656826403466,111955
00570051,torsion_compression,1.0121456718648854,3023,0.3013562686073437,0.2872727272727273,0.2941460164874464,0.3910325481912711,0.31452581032412963,8330
00620020,bending,4.213913429883131,82549,0.25332832620625323,0.912497035807446,0.3965625629382242,0.6900006775626775,0.24499201460187087,87660
00620020,compression,4.213913429883131,64219,0.33801522913779414,0.9734408347166232,0.5017900879298552,0.6887299656966154,0.3214836388555765,70044
00610091,bending,1.185409308430168,70696,0.17453604164309156,0.8526422764227642,0.28975846792522114,0.18858658346146284,0.17228084415584416,73920
00620020,torsion,4.213913429883131,71673,0.20207051469870105,0.9838747925065212,0.3352803616035001,0.7066590005364335,0.19587267367108663,76999
00620020,bending_compression,4.213913429883131,62667,0.583018175435237,0.9543834640057021,0.7238484616843563,0.6756565401027709,0.5437760484975663,68622
00620020,torsion_compression,4.213913429883131,50103,0.5008682114843422,0.8688524590163934,0.6354296705359971,0.686568697282481,0.466771564450259,56563
00610091,bending_compression,1.185409308430168,75288,0.19870364467112953,0.9844800827728919,0.33066678659568366,0.18496886073791535,0.19578082750880058,78404
00610091,torsion,1.185409308430168,67870,0.23923677618977457,0.8676321138211383,0.3750570852655226,0.18677862553594018,0.23433643706529056,71312
00610091,compression,1.185409308430168,19095,0.4345640219952867,0.8488313008130082,0.5748369773853251,0.19650582635241662,0.36688230903209756,24114
00610091,torsion_compression,1.185409308430168,75533,0.19331947625541154,0.7449560269011899,0.3069770200103237,0.1848552039236192,0.19245643047958275,78610
00640029,compression,7.288128685645178,54560,0.5025476539589443,0.999750499001996,0.6688715776259093,1.1949498634131421,0.4461012638105079,62905
00620093,bending,2.122033841268209,5193,0.013094550356248796,0.811473897804833,0.025773204980821862,0.9081434415937184,0.036787974683544306,10112
00640029,bending,7.288128685645178,86283,0.23165629382381234,1.0,0.3761703569176916,1.1633718750813706,0.22264288548783234,93239
00640029,bending_compression,7.288128685645178,86283,0.1567516196701552,0.9163442940038685,0.26770850663074014,1.1824249364360724,0.1577022490588702,93239
00640029,torsion_compression,7.288128685645178,87986,0.12408792307867161,0.7415377176015474,0.2125996988475696,1.1849320507630072,0.126668563060358,94917
00620093,compression,2.122033841268209,5254,0.0043776170536733916,0.503043718871057,0.008679701094791494,0.9726324825912984,0.03192524819933813,10274
00640029,torsion,7.288128685645178,17434,0.8533325685442239,0.9960079840319361,0.9191666187393838,1.3955297691550266,0.6191455932964237,26732
00620093,bending_compression,2.122033841268209,4203,0.38876992624315965,0.7650554675118859,0.5155555758892679,0.5850172452400761,0.27489909457837897,9167
00640066,compression,2.82506280706541,45200,0.5380973451327433,0.9994411846884604,0.6995553446842379,0.4538279722889706,0.4869246658092677,51318
00640033,compression,7.288128685645178,158237,0.24797613706023244,1.0,0.39740525430938445,1.1356323475570702,0.2441172304641553,162381
00620093,torsion,2.122033841268209,14303,0.09976927917220163,0.9966795794133924,0.18138192661717223,0.43600624209292,0.09133055169216504,19413
00620093,torsion_compression,2.122033841268209,14871,0.1149889045793827,0.9998019017432647,0.2062559626896809,0.4334590087638688,0.10581424616159074,19865
00640033,bending,7.288128685645178,165208,0.2040215970170936,1.0,0.33890022823933963,1.1300494032168102,0.20131019096595515,168983
00640033,torsion_compression,7.288128685645178,88788,0.2163017524890751,0.9233558994197292,0.35049736011704596,1.2162692113849871,0.20721106630169045,95714
00640033,bending_compression,7.288128685645178,87986,0.1593435319255336,0.9153771760154739,0.27143690670996695,1.1779239191525162,0.15957099360493907,94917
00640033,torsion,7.288128685645178,153860,0.2799818016378526,1.0,0.43747778488661404,1.1365733593024756,0.2770778309933909,158266
00640066,bending,2.82506280706541,19609,0.6108419603243409,0.8664431405420508,0.7165303788251661,0.4570489507997341,0.506066985645933,26125
00640066,torsion,2.82506280706541,67138,0.38833447525991244,0.9659122659960883,0.553956707497511,0.45386580939078214,0.3726544512001765,72531
00640066,bending_compression,2.82506280706541,63962,0.6004346330633814,0.8506030701754386,0.7039535102132575,0.4571236353551824,0.5795794930875576,69440
00640066,torsion_compression,2.82506280706541,55451,0.5602063082721682,0.9224232456140351,0.6970686908747971,0.4619461634390561,0.533951321234238,61382
00650065,torsion,0.9343582102179756,2,0.0,0.0,0.0,0.6231842508637002,0.09583133684714902,2087
00650065,compression,0.9343582102179756,17937,0.6197803423091933,1.0,0.7652646795621945,0.16354321349946097,0.5208266360505166,21775
00650065,torsion_compression,0.9343582102179756,7043,0.6119551327559278,0.33459625858394504,0.4326397905380155,0.174594059698986,0.48179712830013893,10795
00650065,bending,0.9343582102179756,48095,0.1890217278303358,1.0,0.317944951561571,0.15093608253706547,0.181464296948726,50864
00650065,bending_compression,0.9343582102179756,53356,0.29925406702151586,0.9891072697134738,0.45948968622797043,0.15245211004442066,0.2992668097281831,55920
00650030,compression,1.6327489940892983,94754,0.3638579901640036,1.0,0.5335716662410722,0.24530564460242546,0.357661620294599,97760
00650030,torsion_compression,1.6327489940892983,163157,0.1160109587697739,1.0,0.20790290249059504,0.238497280172624,0.11596813089532647,163795
00660027,compression,3.949233692342849,43311,0.13633949804899448,1.0,0.23996261378413525,0.7424886541658982,0.1291202900528255,51301
00660049,compression,0.6960899615251989,18759,0.5276400661016045,0.72,0.6089910991399936,0.11598657935143987,0.48933906644798086,22559
00660027,torsion,3.949233692342849,65729,0.2450364374933439,1.0,0.3936213111749252,0.8153942228128427,0.24531601299025732,72054
00650030,bending,1.6327489940892983,84998,0.38077366526271206,1.0,0.5515366853267214,0.24442565975134406,0.36760916772618335,88877
00660049,bending_compression,0.6960899615251989,15798,0.4330294974047348,0.7989931679252068,0.561657865026066,0.1185458812742547,0.40188688919653387,19503
00660027,bending,3.949233692342849,56224,0.09367885600455321,1.0,0.1713096225463889,0.7834161489957288,0.0918025041341838,63495
00650030,bending_compression,1.6327489940892983,141221,0.2814737184979571,1.0,0.4392969039238331,0.2406419344061299,0.28017171724268763,142327
00650030,torsion,1.6327489940892983,155851,0.1401402621734862,1.0,0.24582986290885353,0.23994845733487669,0.14006412713011931,156564
00660049,torsion,0.6960899615251989,17951,0.6931090189961562,0.9255474452554745,0.7926391992163871,0.11706477145478995,0.651728258871116,21756
00660049,torsion_compression,0.6960899615251989,12375,0.3983838383838384,0.44588277597986337,0.42079714806199076,0.12099152506135954,0.36624184401487897,16399
00650089,bending,2.0930043966827223,8,1.0,0.2623169107856192,0.4156118143459916,1.0686110490562033,0.26382411725516325,3002
00660049,bending,0.6960899615251989,14082,0.4526345689532737,0.948029197080292,0.6127249056934237,0.12049276929296746,0.420184917010137,17954
00660027,bending_compression,3.949233692342849,67555,0.10409296129080009,0.9945303210463734,0.18846060861003158,0.7228985194738627,0.10612239368115864,73811
00650089,compression,2.0930043966827223,8,1.0,0.12497622217995054,0.22218464660128506,1.087783373757175,0.29247168554297137,3002
00650089,bending_compression,2.0930043966827223,34573,0.33323691898302144,0.9961912016758713,0.49941426934753097,0.32972735241230444,0.3181551640619025,39223
00660027,torsion_compression,3.949233692342849,64664,0.0881479648645305,0.9652794292508918,0.1615439615285698,0.7234884356880776,0.09091933779499824,70975
00650089,torsion,2.0930043966827223,10248,1.0,1.0,1.0,0.3433519986489134,0.8029935851746258,14030
00650089,torsion_compression,2.0930043966827223,35675,0.20725998598458303,0.9895258046086459,0.3427331875204026,0.32549802080573387,0.19811835964650978,40284
00670070,compression,1.0197117212825146,120465,0.2733989125472129,1.0,0.4294002607561929,0.15537103461938284,0.27815278235100427,121480
00660050,bending,1.718260445249221,170874,0.16918899305921323,1.0,0.2894125655708165,0.2587219131843252,0.17015720569936382,171177
00660050,compression,1.718260445249221,167671,0.2688061739955031,1.0,0.42371511032142223,0.2633353538387161,0.26976456304901564,168028
00670070,torsion,1.0197117212825146,113633,0.11245852877245166,1.0,0.20218017276840802,0.16253017930569452,0.11799332967597552,114837
00670073,compression,2.252739518398781,139083,0.7047446488787271,1.0,0.8268037671709525,0.31615964279407816,0.709894609464042,142138
00670073,torsion,2.252739518398781,143040,0.2571518456375839,1.0,0.409102283912514,0.3372549992966775,0.26327788046826867,146070
00670070,bending_compression,1.0197117212825146,127314,0.3284242110058595,1.0,0.49445682830062615,0.1521126080797477,0.3300373527141153,128237
00670070,bending,1.0197117212825146,34355,0.0949206811235628,1.0,0.17338366652488305,0.20403829708155666,0.1054504832172919,38492
00660050,bending_compression,1.718260445249221,170892,0.29477096645834794,1.0,0.45532526461363243,0.2575091288059269,0.2947196261682243,171200
00670073,torsion_compression,2.252739518398781,140618,0.28548976660171527,1.0,0.4441727565928868,0.33796087029705074,0.29475933893042616,143646
00680060,compression,15.866566566102131,75001,0.23730350261996508,0.9979586629242153,0.3834312954570668,2.708307217233437,0.21634718324937738,88737
00670070,torsion_compression,1.0197117212825146,112596,0.3260062524423603,1.0,0.4917114860384587,0.15546666939787435,0.3276342018142382,113877
00670073,bending,2.252739518398781,139842,0.3608429513307876,1.0,0.5303226959112572,0.3181784315286778,0.3631381880533296,142885
00660050,torsion,1.718260445249221,171225,0.15389691925828589,1.0,0.26674292424181073,0.26363029324990306,0.1549888644022341,171522
00680060,bending,15.866566566102131,194585,0.14305316442685717,0.9992344985965808,0.2502761110986312,2.5609936854438953,0.14727370453685823,200932
00660050,torsion_compression,1.718260445249221,171616,0.30584560880104417,1.0,0.46842537393353084,0.2574765192258389,0.3058386263697913,171924
00670073,bending_compression,2.252739518398781,141318,0.2513834048033513,1.0,0.40176880057452086,0.3376425462976016,0.26200870336493154,144312
00680060,bending_compression,15.866566566102131,23014,0.11566872338576518,0.47582260371959945,0.18609839437437029,3.9425807060094327,0.1151127741399023,38484
00680060,torsion_compression,15.866566566102131,20849,0.4558492014005468,0.9885550786838341,0.6239694099108526,2.802512828164401,0.33184532271822575,35170
00680060,torsion,15.866566566102131,39221,0.20955610514775247,0.6297524878795611,0.31446950421691533,3.8083729583158865,0.2276019263997647,54402
00710000,compression,4.345820151468958,183518,0.743981516799442,1.0,0.8531988551860322,0.6882803748447638,0.7409168686339812,185261
00700046,bending,1.7214259882965135,33629,0.4005174105682595,0.8214285714285714,0.5384795224052863,0.2973655927144209,0.377248258795316,39197
00700046,torsion,1.7214259882965135,12786,0.6444548725168152,0.6285310734463276,0.6363933774685018,0.3030477688515226,0.5528692106029711,17165
00710000,bending,4.345820151468958,72516,0.7005350543328369,1.0,0.8238995750754161,0.7395668578335823,0.6805096322018103,78331
00700046,compression,1.7214259882965135,23595,0.44479762661580846,0.9993946731234867,0.6156082936296705,0.29700612001560234,0.39184199526264457,28708
00710000,torsion,4.345820151468958,98617,0.887352079256112,1.0,0.9403143049026192,0.687212679029221,0.8751522298041793,103462
00710000,bending_compression,4.345820151468958,147796,0.4102140788654632,1.0,0.5817756112539822,0.6909205562483254,0.40544872860782055,150347
00700046,torsion_compression,1.7214259882965135,39,0.2564102564102564,0.005190656817728089,0.010175328741390108,1.0343783914922982,0.29491525423728815,3245
00700046,bending_compression,1.7214259882965135,48564,0.4218556955769706,0.979037732082252,0.5896417747547981,0.2832597949079393,0.4032958801498127,53400
00710000,torsion_compression,4.345820151468958,183926,0.16956275893565892,1.0,0.28995923072989543,0.6868669119870139,0.16934005993575232,185532
00710003,compression,1.2898716302977535,24929,0.6807332825223635,0.9583424209378408,0.7960286161380273,0.22533543764648506,0.6219631035989113,29759
00710003,bending,1.2898716302977535,88186,0.5429206450003402,1.0,0.7037570555032925,0.20093000768898112,0.5315665035464893,90935
00710003,torsion,1.2898716302977535,95818,0.5394497902273059,1.0,0.7008345366660564,0.20499104919557304,0.5322910279991825,97860
00710003,torsion_compression,1.2898716302977535,96670,0.169111409951381,0.989807736854297,0.28886878333417065,0.2028938827148301,0.16987620357634112,98872
00710003,bending_compression,1.2898716302977535,91941,0.2450158253662675,0.9990734306231179,0.3935228923924092,0.20608366342373208,0.2423544886550477,94271
00720020,bending,8.589090512945495,245680,0.21720937805275153,1.0,0.3568973127700271,1.32950988506544,0.21607501728648662,247303
00720020,bending_compression,8.589090512945495,239548,0.21523035049342928,1.0,0.3542214863314394,1.3509427350783165,0.21424697460865533,241539
00720006,compression,1.7423271032291985,107558,0.2813086892653266,1.0,0.439095889416972,0.270836377593338,0.2852043057996485,109248
00720020,torsion_compression,8.589090512945495,227617,0.22453068092453551,0.9994756161510225,0.3666859250610632,1.3563335497581328,0.22503550997537106,230217
00720020,compression,8.589090512945495,256198,0.1860279939734112,1.0,0.3136991621086165,1.3218876523876102,0.18549285118435602,257735
00720096,compression,2.4191716378616337,51587,0.2889487661620176,0.9693037184926379,0.4451874594494838,0.39613948418400846,0.2761640662021517,56977
00720096,bending,2.4191716378616337,43786,0.2286575617777372,0.994509608185675,0.3718251237548688,0.40275224409441396,0.21040560115886045,49704
00720006,torsion_compression,1.7423271032291985,81670,0.2088526998898004,1.0,0.34553870774965306,0.2767727755910607,0.21127757461366048,84770
00720020,torsion,8.589090512945495,256147,0.21992840048878184,1.0,0.36055952201893876,1.320039906272669,0.2189070558968607,257671
00720006,bending_compression,1.7423271032291985,93747,0.24206641279187602,1.0,0.38978014428031604,0.2725927206231374,0.2422423674064812,95970
00720096,torsion,2.4191716378616337,95440,0.2900565800502934,1.0,0.44968040089991307,0.38009591519820835,0.28065610287045006,98765
00720006,torsion,1.7423271032291985,103419,0.37788994285382765,1.0,0.5485052631578948,0.27099248230010126,0.37982260589100225,105415
00720006,bending,1.7423271032291985,102593,0.08458666770637373,1.0,0.1559795454341203,0.28596455426701406,0.08984038170425585,104374
00720096,bending_compression,2.4191716378616337,74244,0.22265772318301816,1.0,0.3642192233544478,0.3830872625603088,0.2129025682837342,78496
00720096,torsion_compression,2.4191716378616337,38387,0.19027274858676113,0.9328578455484505,0.31607620207318365,0.38180781453587076,0.18248554391037225,44272
00730017,compression,2.0601177023855,52262,0.5207033791282385,0.9712592592592593,0.6779499235349272,0.32828351457236465,0.5094684242267598,58035
00730017,bending_compression,2.0601177023855,113053,0.4407313383988041,0.9932111337406653,0.6105395171578978,0.3049261730641828,0.43988113641828985,116436
00730017,torsion_compression,2.0601177023855,101086,0.26422056466770866,1.0,0.4179975742399937,0.3093034661296978,0.2604342317109187,104967
00730017,bending,2.0601177023855,117756,0.5700431400523116,1.0,0.7261496522105992,0.3061963442968183,0.5605460040628252,121098
00740043,bending,9.008470018897407,415212,0.21633767810178897,1.0,0.3557197676214463,1.109506241089342,0.21633767810178897,415212
00730017,torsion,2.0601177023855,111771,0.6377861878304748,1.0,0.7788393778986873,0.303700034960037,0.6285421586331434,115184
00750065,bending,0.9810666270349738,11744,0.2545980926430518,0.6483516483516484,0.3656218846698294,0.20823895811335608,0.2665577935039013,16533
00740043,torsion_compression,9.008470018897407,415212,0.40835043303180063,1.0,0.5798988993850511,1.003753263035845,0.40835043303180063,415212
00740043,torsion,9.008470018897407,415212,0.4571953604423764,1.0,0.6275004338520275,0.9704734498900898,0.4571953604423764,415212
00740043,compression,9.008470018897407,415212,0.23249087213279,1.0,0.37726992935934883,1.105067270841851,0.23249087213279,415212
00740043,bending_compression,9.008470018897407,415212,0.29904241688583183,1.0,0.4604043917252836,1.0903752863731735,0.29904241688583183,415212
00750065,compression,0.9810666270349738,91674,0.3536662521543731,1.0,0.5225309437854564,0.1571214606044032,0.35531241619737197,93225
00750000,torsion,1.4243677248798188,33383,0.810023065632208,0.9932000824232433,0.8923077284341708,0.2635342514490231,0.7704700480399183,37677
00750000,bending_compression,1.4243677248798188,44171,0.2917072287247289,0.9237880032867708,0.4434005683790049,0.23509215815140305,0.293178700586108,48114
00750065,bending_compression,0.9810666270349738,30255,0.5735250371839365,0.999273607748184,0.7287753392811933,0.16542744145799498,0.5441925034706154,34576
00750000,bending,1.4243677248798188,9116,0.950307152259763,0.9604368431897795,0.9553451467602826,0.34973478397315994,0.86013199340033,13334
00750065,torsion_compression,0.9810666270349738,16308,0.7307456463085602,0.9711864406779661,0.8339818829503611,0.17533424384570065,0.6570939520730316,21032
00750065,torsion,0.9810666270349738,25102,0.4736674368576209,0.9861442904921166,0.6399516180037791,0.16430508157627183,0.44941990637085283,29478
00750000,compression,1.4243677248798188,97824,0.09199174026823684,0.8001236348650319,0.1650117633943617,0.23708484818086528,0.09738332612347965,99401
00750093,bending_compression,5.547662179132208,11158,0.08809822548843879,0.9877873563218391,0.1617687135567837,1.1989597574055177,0.08676867686768677,16665
00750000,torsion_compression,1.4243677248798188,18034,0.3037595652656094,0.7469186524239935,0.4318804393756154,0.25792309232507576,0.3048415217488489,22369
00750093,torsion,5.547662179132208,27101,0.5778384561455296,1.0,0.7324431140525245,0.9987967729135263,0.49185648872659826,34506
00750093,compression,5.547662179132208,42829,0.2957575474561629,1.0,0.4565013694680698,0.9199427116243512,0.2695729001425674,49801
00750093,bending,5.547662179132208,38165,0.4144635136905542,1.0,0.586036344775207,0.8826669062014681,0.36727920703864575,44895
00750093,torsion_compression,5.547662179132208,23078,0.1538261547794436,0.9774904214559387,0.2658205422334766,1.014421203876783,0.1405241935483871,29760
00760033,bending,0.8154388466391431,84631,0.09325188169819569,1.0,0.1705954195173092,0.12926962439191936,0.0917436523153797,86055
00760033,compression,0.8154388466391431,88942,0.10256121967124643,1.0,0.1860417686408876,0.1280627303230205,0.10108811275596136,90248
00760033,bending_compression,0.8154388466391431,95109,0.11972578830604885,1.0,0.2138484074519231,0.12539074426033223,0.11833096096501709,96247
00760084,compression,2.7048470766416277,94984,0.26511833571970017,1.0,0.4191202170331042,0.42659147936520375,0.25967568445193107,98546
00760033,torsion_compression,0.8154388466391431,93261,0.07867168484146642,1.0,0.14586771108769558,0.12755167389400324,0.0779947240732697,94391
00760084,bending,2.7048470766416277,56636,0.23824069496433364,0.7821782178217822,0.36523564952560694,0.4454876851831623,0.23665151023059436,61580
00760033,torsion,0.8154388466391431,80544,0.13771354787445372,1.0,0.24208826225500896,0.1338921487489424,0.1366020469010502,82173
00760084,bending_compression,2.7048470766416277,58408,0.16030338309820572,0.9829360780065005,0.27565174932199554,0.4619178570732651,0.1587821791583547,63162
00760084,torsion_compression,2.7048470766416277,60607,0.09909746398930816,0.9897074756229686,0.18015623801343442,0.4874668045461634,0.10205239906737024,65192
00760084,torsion,2.7048470766416277,87961,0.37093711985993794,1.0,0.5411438854290191,0.4247376404639319,0.36248788403524246,91821
00770042,compression,0.7164002201155595,129988,0.4330399729205773,1.0,0.6043655182039747,0.10843968452707564,0.4330399729205773,129988
00770042,bending,0.7164002201155595,142273,0.19363477258510048,1.0,0.32444559597696415,0.10506548177300645,0.19363477258510048,142273
00770042,bending_compression,0.7164002201155595,141831,0.22787683933695738,1.0,0.3711721437143628,0.10573650103100893,0.22787683933695738,141831
00770042,torsion,0.7164002201155595,143342,0.28413165715561384,1.0,0.44252729939696855,0.10476280547090361,0.28413165715561384,143342
00770042,torsion_compression,0.7164002201155595,143242,0.12414654919646473,1.0,0.2208725353206024,0.10478220939674335,0.12414654919646473,143242
00770059,compression,4.486114541689503,100066,0.5160194271780625,0.9963985594237695,0.6799192001546346,0.7161638200088809,0.5082192565439029,104754
00770059,torsion,4.486114541689503,225376,0.4101678972028965,1.0,0.5817291657489507,0.6769949786045776,0.40936498379699315,225884
00770059,bending,4.486114541689503,217468,0.45403001820957567,1.0,0.6245125788649769,0.6864946509806655,0.45442624754708677,218108
00770000,torsion,2.009563212041162,99993,0.2564079485563989,0.9554845980465815,0.40431611919570637,0.31326740002366926,0.2552637988990111,102635
00770000,bending,2.009563212041162,99032,0.24734429275385733,1.0,0.396593457300833,0.3106285642506013,0.2415538216623101,101762
00770059,bending_compression,4.486114541689503,215760,0.3924777530589544,1.0,0.563711344323844,0.6852062302774518,0.392183500143244,216414
00770000,compression,2.009563212041162,3135,0.8267942583732057,0.513335837716003,0.6334058528785377,0.399568267382942,0.3950333131435494,8255
00770059,torsion_compression,4.486114541689503,222906,0.3304307645375181,1.0,0.49672748608212147,0.6789032498503935,0.3299017963000246,223515
00770000,bending_compression,2.009563212041162,85021,0.2584655555686242,0.7538302277432712,0.38494509575183283,0.3157946164607825,0.25857851464292997,88302
00770080,compression,14.853233939926389,59208,0.1932171328198892,0.9997650927883486,0.3238468110846954,2.481079455099978,0.1725864020196744,68922
00770000,torsion_compression,2.009563212041162,88904,0.0943377125888599,0.2610766045548654,0.13859525908863432,0.3209838369688526,0.09717834186730581,91790
00770080,bending,14.853233939926389,7630,0.48597640891218874,0.9600657740192624,0.645305265205392,2.7746038757505302,0.24921959248538508,17619
00770080,torsion,14.853233939926389,96257,0.14855023530756203,0.9981207423067888,0.25861136111338573,2.339712850649427,0.13950892857142858,103936
00780019,torsion,3.3127556200624904,170662,0.31769814018352066,1.0,0.48220169778682953,0.5098885303580778,0.3177364667368175,171060
00770080,bending_compression,14.853233939926389,131858,0.06987820230854404,0.9618959107806692,0.13029122595844964,2.5103091125802277,0.07078709138441373,138853
00780019,bending,3.3127556200624904,157021,0.16222670852943236,1.0,0.2791653424222166,0.5152762027294184,0.161685006790288,157578
00780019,compression,3.3127556200624904,153256,0.33979746306833014,1.0,0.507237059980909,0.5145339732874775,0.33945335594233406,153921
00780019,torsion_compression,3.3127556200624904,161909,0.14408093435201255,1.0,0.2518719262350394,0.505144344217139,0.14384704933077921,162353
00770080,torsion_compression,14.853233939926389,133236,0.08887237683508961,0.9463289962825279,0.1624853083691522,2.5123476893772025,0.08900713766722229,140382
00780019,bending_compression,3.3127556200624904,175352,0.20053378347552353,1.0,0.3340743696441125,0.5096216352922804,0.2007668196892901,175791
00790046,compression,19.821231555371867,410784,0.0840222598738023,1.0,0.15501943637870286,2.820501686137136,0.08399629116767378,410911
00790071,compression,2.8127217817573835,54273,0.3425644427247434,0.9993050729673384,0.5102230603346067,0.45412051488760774,0.3162360896825657,60926
00790071,bending,2.8127217817573835,84861,0.21781501514240936,1.0,0.35771445159417486,0.444498020805969,0.21110697485532506,88647
00790046,torsion_compression,19.821231555371867,363680,0.07391937967443907,1.0,0.13766280984117799,2.974576785933301,0.07388755632886727,364378
00790071,torsion_compression,2.8127217817573835,88380,0.09985290789771442,1.0,0.1815750218610154,0.4616257528754901,0.09772457954187187,91983
00790046,bending_compression,19.821231555371867,427087,0.07760948003568359,1.0,0.1440400840443862,2.819500131939804,0.0775945820038439,427169
00790071,bending_compression,2.8127217817573835,101400,0.1802268244575937,1.0,0.305410486734907,0.44875332359117204,0.17645876022137535,104438
00790046,bending,19.821231555371867,405435,0.0427096821931999,1.0,0.08192056316838991,2.8435815123006947,0.04269188666778434,405604
00790071,torsion,2.8127217817573835,104327,0.40027988919455176,0.999536715311559,0.5716383765742801,0.4534869199099088,0.39431482120700434,107191
00790046,torsion,19.821231555371867,417911,0.06679651887602862,1.0,0.12522822805309694,2.777148101736052,0.06678085878533715,418009
00810061,bending,3.154668996431272,28716,0.5369480429029113,0.9979633401221996,0.698222018930328,0.5343850080837851,0.46914668061789244,36317
00810061,compression,3.154668996431272,82635,0.3327040600229927,0.9971995926680245,0.498941938331541,0.48967316091170643,0.3221247841944594,87463
00810061,bending_compression,3.154668996431272,68586,0.31908844370571254,0.9923873325213155,0.48290534255765544,0.5290934444889017,0.31316216216216214,74000
00810061,torsion,3.154668996431272,44949,0.7541880798238003,0.9994908350305499,0.8596831122141689,0.5083988068808599,0.6810696046364836,52281
00810057,bending,1.621301120886942,95594,0.2959704583969705,0.8061556107818773,0.4329781362311345,0.24477135982147374,0.2986489088900376,98661
00810057,compression,1.621301120886942,95594,0.5304517019896646,0.9942649588988721,0.6918131784160343,0.24306363115591367,0.5228509745492139,98661
00810061,torsion_compression,3.154668996431272,81570,0.1258428343753831,0.9969549330085262,0.22347681507531122,0.5243557545658897,0.12827442827442828,86580
00810064,compression,0.98616952744521,30374,0.1321524988476987,1.0,0.2334535303012679,0.1793146903279209,0.12139209272967234,34854
00810057,torsion_compression,1.621301120886942,71415,0.5448435202688511,0.9873319041122588,0.7021929496455158,0.24177166293093152,0.5268530317510884,75336
00810057,bending_compression,1.621301120886942,71344,0.5659200493384167,0.9847982849347106,0.718785715859705,0.2440971716017047,0.5517443252880598,75158
00810057,torsion,1.621301120886942,104673,0.51408672723625,0.9994264958898872,0.6789394219153192,0.23809780332729036,0.5039930668803757,107311
00810064,bending,0.98616952744521,50701,0.11587542652018698,1.0,0.2076852375565611,0.14817824593929874,0.10918127898597586,54121
00810064,torsion,0.98616952744521,51270,0.1981275599765945,1.0,0.3307286579410041,0.1513140814590042,0.18834482632474256,54671
00810064,bending_compression,0.98616952744521,50623,0.1722142109317899,1.0,0.29382720210309904,0.15294332547520123,0.1646368549640927,54028
00830004,compression,4.211777733088426,56927,0.21583782739297697,0.9911045218680504,0.35447898045889326,0.7821777722733514,0.20885123013839058,62432
00810064,torsion_compression,0.98616952744521,10851,0.11786932079992628,1.0,0.21088211046990935,0.21313115894357718,0.11581233138119365,15197
00830004,bending,4.211777733088426,100469,0.1910937702176791,0.9985174203113417,0.3207946596239932,0.7032144996781526,0.1915389261165914,104313
00830004,bending_compression,4.211777733088426,111322,0.3700256912380302,1.0,0.5401733611340598,0.6940858677178974,0.35983059838424947,114993
00830004,torsion,4.211777733088426,103538,0.519258629681856,1.0,0.6835684452101386,0.7114888738294441,0.511231451793304,107288
00830004,torsion_compression,4.211777733088426,91124,0.08039594398841139,1.0,0.1488268156424581,0.7367943394310721,0.07762614642755838,95187
00830028,compression,3.12769332108237,46469,0.1578902063741419,1.0,0.27272051444076867,0.5436836626805333,0.1419491525423729,51920
00830028,torsion,3.12769332108237,38498,0.18133409527767677,1.0,0.3069988346269707,0.5559516251315209,0.16025527388760857,45128
00830032,compression,8.183111032894159,55068,0.2481295852400668,1.0,0.39760228132456493,1.3560995354710719,0.22523030644858055,63828
00830028,bending_compression,3.12769332108237,64762,0.3946604490287514,1.0,0.5659591900001106,0.5649349549272176,0.37818112954681193,68647
00830028,bending,3.12769332108237,82616,0.11842742325941706,1.0,0.21177489177489175,0.5185715075964524,0.11382804229726742,85963
00830028,torsion_compression,3.12769332108237,24049,0.4450081084452576,1.0,0.6159247215907455,0.838199898170628,0.39020250148898156,33580
00830032,bending,8.183111032894159,61767,0.2744831382453414,1.0,0.4307363981656737,1.3364239475404291,0.2511973926597704,70570
00830032,torsion,8.183111032894159,71316,0.44426215715968365,0.9232637202525498,0.5998733022337223,1.3879595539176517,0.4402488062327218,79580
00830032,torsion_compression,8.183111032894159,58613,0.17629194888505964,0.9966936076414401,0.29959287657847794,1.357636742317968,0.16502891462381256,67267
00830083,compression,2.7054653521561947,75188,0.15584933766026493,0.8978068128791414,0.2655944200818378,0.4380043658366779,0.15489712346436577,79853
00830032,bending_compression,8.183111032894159,70429,0.25764954777151455,1.0,0.40973186565057856,1.3324558705294691,0.23848951973951973,78624
00830083,bending,2.7054653521561947,79017,0.27625700798562336,1.0,0.4329175177994169,0.4400214343779621,0.2667790116871151,82484
00830083,torsion,2.7054653521561947,59477,0.12996620542394538,0.36140923938404107,0.19118166340710357,0.4722640341440283,0.13492638557003006,64865
00830083,torsion_compression,2.7054653521561947,86201,0.26062342664238236,1.0,0.4134833942227171,0.4448526180944968,0.2521935433648788,89923
00830083,bending_compression,2.7054653521561947,62995,0.17098182395428208,0.6251036770804534,0.26851730556283787,0.4647123083510782,0.17119732559162487,68202
00840052,bending,3.5530967966834157,4680,0.12222222222222222,0.24587345254470427,0.1632792875085636,1.3969575253460438,0.1252439598896292,14859
00840014,torsion,7.781088037023939,59758,0.3640851434117608,0.9629530201342282,0.5283900615149243,1.404321385429478,0.36447912018310324,69469
00840014,bending,7.781088037023939,301625,0.24802983837546622,1.0,0.39747421215236545,1.1374664345806782,0.24756806119883001,302228
00840014,bending_compression,7.781088037023939,311961,0.2534194979500643,1.0,0.40436501644425576,1.1417319737908482,0.25427228664178103,312362
00840014,compression,7.781088037023939,66565,0.25004131300232857,1.0,0.4000528788953119,1.3996891965079132,0.2382896824364743,76898
00830036,bending,1.9311647803324132,173018,0.1268018356471581,1.0,0.22506501433649473,0.2808591337636269,0.12622179317002535,174027
00830036,bending_compression,1.9311647803324132,169252,0.14018150450216246,1.0,0.24589331426380212,0.28062891931340833,0.1398928931228901,169737
00840052,compression,3.5530967966834157,4680,0.10811965811965812,0.10385144429160935,0.1059425791941786,1.5509677389880498,0.1504811898512686,14859
00840052,torsion,3.5530967966834157,4680,0.10833333333333334,0.18397524071526822,0.13636720128622407,1.5477231792013828,0.15027929201157547,14859
00840014,torsion_compression,7.781088037023939,292713,0.2066802636029148,1.0,0.3425601127937692,1.1526703897959132,0.20947711528777713,293908
00830036,torsion,1.9311647803324132,189480,0.2921680388431497,1.0,0.4522136905734357,0.27831314179182054,0.2916339738492567,189899
00830036,torsion_compression,1.9311647803324132,183003,0.1423965727337803,1.0,0.2492944676698778,0.27534017266243027,0.14204505196836661,183477
00830036,compression,1.9311647803324132,187752,0.13239273083642253,1.0,0.23382829513331987,0.28054589498397137,0.1323653634668409,188229
00840052,bending_compression,3.5530967966834157,4680,0.21196581196581196,0.5073937153419593,0.2990163243164892,1.1999550627876894,0.16979608318190995,14859
00840053,bending,7.189142789354302,11316,0.8636443973135384,0.9953624603368318,0.9248370533206491,2.2533444978699944,0.8347490019536227,23546
00840052,torsion_compression,3.5530967966834157,4680,0.09764957264957265,0.5780961182994455,0.16707717017932594,1.2381061717560657,0.08082643515714381,14859
00840053,torsion,7.189142789354302,40478,0.6240673946341222,1.0,0.7685240116217161,1.5629463336413365,0.5768860794283358,50939
00840075,torsion,3.4809115250221176,91615,0.2764503629318343,1.0,0.433154897299516,0.5746942840566577,0.2736214543150635,96279
00840053,bending_compression,7.189142789354302,173317,0.39572575108039026,1.0,0.5670537364150093,1.1076142232666035,0.3926091241744174,176542
00840075,bending_compression,3.4809115250221176,95304,0.26326282212708807,0.9995142093757591,0.4167559671294104,0.5527924113000693,0.25371028271203405,99925
00840075,compression,3.4809115250221176,89810,0.25007237501391827,1.0,0.40009263465426786,0.5735437531393512,0.24983815335632795,94225
00840053,compression,7.189142789354302,136120,0.17150308551278284,1.0,0.2927915216505189,1.112390804048451,0.1701613580973191,142788
00840075,torsion_compression,3.4809115250221176,90736,0.24442338211955564,1.0,0.39282994137130917,0.5747929565779011,0.24062955162260435,95433
00840075,bending,3.4809115250221176,99225,0.2871756109851348,1.0,0.4462104603820857,0.5536148865927927,0.27578397548329897,103766
00840053,torsion_compression,7.189142789354302,136120,0.3566558918601234,1.0,0.5257868174237009,1.1080660577863248,0.3528307700927249,142788
00850096,bending,2.985657676584581,34984,0.24005259547221586,0.9717257935449454,0.3849966313014668,0.5066648473002211,0.23866029574945086,44159
00850096,bending_compression,2.985657676584581,66037,0.27681451307600285,0.9455741626794258,0.42825765095965945,0.5072194564275482,0.2719586990772001,71088
00850096,compression,2.985657676584581,7862,0.09603154413635208,0.997332622032542,0.17519394667365967,1.002382841146932,0.1147068602460379,18046
00850096,torsion,2.985657676584581,97777,0.2985876024013827,0.9978660976260336,0.4596391612002506,0.4729885677861318,0.2955071837952422,101896
00840090,bending,2.010985843451487,39097,0.334629255441594,1.0,0.5014564967420468,0.3425516409327586,0.31371571072319204,44110
00840090,torsion,2.010985843451487,59813,0.47034925517864007,0.9994115339348765,0.6396584724331021,0.3111558325435684,0.4513375876269215,63622
00850096,torsion_compression,2.985657676584581,20419,0.34144669180665066,0.9521531100478469,0.5026431343807813,0.6124326516062035,0.28255797996432,29148
00840090,bending_compression,2.010985843451487,62357,0.24946677999262312,0.7787648970747563,0.37788365322224016,0.328311572289389,0.2515367146101438,66050
00840090,compression,2.010985843451487,43564,0.48188871545312645,0.9998038446449589,0.6503294993519608,0.32569707495558475,0.4542082029387992,48251
00840090,torsion_compression,2.010985843451487,8548,0.14260645765091248,0.37594799566630555,0.2067771728888642,0.5660183978446841,0.15089496323019286,14414
00860073,compression,1.425109315216884,45069,0.4644655971954115,0.997823075400752,0.6338755121292845,0.23032503619224787,0.4381645770512617,50408
00860073,bending,1.425109315216884,52104,0.369530170428374,1.0,0.5396451694273943,0.22602552236195037,0.35341245245809266,56792
00860049,compression,2.136959242959916,8026,0.8785198106154997,1.0,0.9353319625920277,0.382315403762218,0.6171619729267154,12854
00860073,torsion,1.425109315216884,107390,0.36588136698016577,0.9974272709281615,0.5353740792113011,0.2231466585217384,0.3650276425145535,109252
00860073,bending_compression,1.425109315216884,76660,0.26527524132533264,0.9997830802603037,0.4192971871156265,0.23902354604912876,0.2648980871746629,79725
00860049,bending,2.136959242959916,7068,0.9200622524052066,1.0,0.9583671063296735,0.3827878433008418,0.6223853837616323,11713
00860073,torsion_compression,1.425109315216884,111367,0.27486598363967785,1.0,0.4312076518897294,0.2205513588039899,0.273571649507313,113155
00860049,bending_compression,2.136959242959916,42691,0.2744138108734862,0.5597836584894726,0.36828777989006745,0.3658916615057053,0.2631837187473334,46876
00860049,torsion,2.136959242959916,35499,0.27431758641088483,0.8228145825166602,0.41145910535151975,0.3686539821201995,0.26225878682667875,39747
00870089,compression,3.1654057753740816,21104,0.2412338893100834,0.9997617345723135,0.3886821306585519,0.5913200774709724,0.19121456072803641,28570
00860049,torsion_compression,2.136959242959916,42691,0.24747604881590968,0.6675680896271973,0.36109102543974303,0.36686015734736405,0.2399735472309924,46876
00870089,bending,3.1654057753740816,31125,0.13182329317269076,1.0,0.23293970705120925,0.5912975248544581,0.11431241239682292,38526
00860084,bending,1.3387010251782734,98531,0.42337944403284244,0.9927681799919646,0.5936070971244055,0.20765142077972548,0.4212616404900423,100726
00860084,compression,1.3387010251782734,107953,0.539262456809908,0.9997991161108879,0.7006271057071972,0.20484850910922953,0.5336338387287711,109815
00860084,torsion,1.3387010251782734,104343,0.5442339208188379,1.0,0.7048594302736921,0.20574703177024645,0.537896412391331,106171
00870089,torsion_compression,3.1654057753740816,19217,0.3154498621012645,1.0,0.47960757941374266,0.6594087163051983,0.25917068324809595,27179
00870089,torsion,3.1654057753740816,84018,0.12049798852626818,1.0,0.2150793482186484,0.5097265039174353,0.11832069758440908,87846
00870089,bending_compression,3.1654057753740816,72945,0.19291246829803277,1.0,0.32343105370215014,0.5247003771535945,0.18801005608199575,77565
00860084,torsion_compression,1.3387010251782734,80524,0.5999701952213005,1.0,0.7499767145828806,0.21062369837377787,0.5855794504181601,83700
00860084,bending_compression,1.3387010251782734,118630,0.5410520104526679,1.0,0.702185269261275,0.20512179543714115,0.5362077298711688,120002
00880045,bending,3.87178162840175,12957,0.2814694759589411,0.3844466114090688,0.32499586149118037,0.8994402970939436,0.2662878787878788,21120
00880045,compression,3.87178162840175,110224,0.4368286398606474,0.999756216479766,0.6080004899252501,0.6082978668321013,0.42811167220492424,114657
00880045,torsion_compression,3.87178162840175,117458,0.352057756815202,1.0,0.5207732510547195,0.6190094453783167,0.3480079550310641,121684
00880096,compression,3.877990064816718,51136,0.448392521902378,0.9973142345568488,0.6186430861778949,0.615616872710699,0.41151702570015897,57237
00880096,bending_compression,3.877990064816718,60399,0.27538535406215336,0.9993771410775459,0.4317883980530856,0.6064784583168576,0.2583210114970277,66278
00880045,torsion,3.87178162840175,114348,0.4007153601287298,1.0,0.5721581579456698,0.6097465961959029,0.3910972875469917,118638
00880096,torsion,3.877990064816718,57626,0.4318016173255128,0.996717397791704,0.6025599657105288,0.6139897067317126,0.40016623278863345,63766
00880096,torsion_compression,3.877990064816718,55485,0.20843471208434713,0.9925256929305513,0.3445189469668323,0.6063057678605691,0.19242232805261283,61734
00880096,bending,3.877990064816718,131597,0.1842747175087578,1.0,0.3112026538848999,0.6127419846122527,0.1813064983796691,134849
00880045,bending_compression,3.87178162840175,102744,0.42369384100288093,1.0,0.5952035877382482,0.6245724757271904,0.4181967075814962,107459
00890060,bending,1.046334614186202,8940,0.24328859060402686,1.0,0.39136302294197034,0.18592519628631715,0.18759221009147242,13556
00880032,compression,4.174610308044728,500089,0.02625932584000048,1.0,0.051174835012596905,0.5005135634324088,0.026266484038351946,500105
00890060,torsion,1.046334614186202,7312,0.28419037199124725,1.0,0.4425985090521831,0.19055490710147216,0.22690330071321943,12058
00890060,compression,1.046334614186202,12370,0.31438965238480193,1.0,0.4783812042561043,0.1806431820086677,0.2492976320165128,17441
00880032,bending_compression,4.174610308044728,502578,0.03652766336767626,1.0,0.07048082681941735,0.49973751535236555,0.036526427839512925,502595
00880032,bending,4.174610308044728,492828,0.026684766287629762,1.0,0.05198239452625505,0.5004283066884025,0.026692070294191052,492843
00880032,torsion,4.174610308044728,456312,0.013409684601763705,1.0,0.026464488756160375,0.5055013248004807,0.013450832847888644,456626
00880032,torsion_compression,4.174610308044728,501099,0.03925771155001307,1.0,0.07554952176676505,0.49962877565982244,0.03925677145382959,501111
00890060,bending_compression,1.046334614186202,16918,0.1482444733420026,1.0,0.2582106455266138,0.18478401415157103,0.1279708339101943,21669
00890079,compression,2.530995419752418,6938,0.4334102046699337,1.0,0.604725992961287,0.7440848463001056,0.27104242700729925,17536
00890060,torsion_compression,1.046334614186202,10147,0.19207647580565684,1.0,0.32225529100529104,0.1889421400163519,0.16759473040880077,14726
00890079,bending,2.530995419752418,11079,0.2476757830129073,1.0,0.39701946031975693,0.6970190214910791,0.18387546468401486,21520
00890079,torsion,2.530995419752418,33725,0.21337286879169756,1.0,0.3517020600669583,0.41542327952807195,0.18232265042676762,42529
00890079,torsion_compression,2.530995419752418,42780,0.07489481065918653,1.0,0.1393528183716075,0.5862307976160662,0.0715723419370116,50676
00890079,bending_compression,2.530995419752418,17504,0.0784963436928702,1.0,0.1455662676130946,0.7127985975239366,0.07247527611347722,27706
00890084,bending,2.899409992009247,21555,0.0001855717930874507,0.13108215900026587,0.0003706189044396179,1.2736738095509919,0.02330224185894289,30555
00890084,compression,2.899409992009247,180092,0.25580258978744197,1.0,0.40739299610894936,0.44579919937351287,0.25344232895627156,181781
00890084,torsion,2.899409992009247,188816,0.29638378103550544,1.0,0.4572469748098277,0.4519225596299536,0.29469504681460573,189898
00890084,bending_compression,2.899409992009247,180134,0.14545838098304595,1.0,0.25397410049627794,0.45599915828400855,0.14417378768453662,181739
00890084,torsion_compression,2.899409992009247,176733,0.10046793751025558,1.0,0.18259130336420054,0.4533965717170969,0.09951966460595123,178417
00910017,compression,1.3166959521564428,91507,0.12320368933524212,1.0,0.21937906811570232,0.28323618451070476,0.12804471675803505,93030
00910017,torsion,1.3166959521564428,107511,0.6096864506887667,1.0,0.757522001167232,0.2098634841936474,0.6085744514467086,108695
00910048,bending_compression,2.9726423367038857,153397,0.2001408110980006,1.0,0.33352888135666875,0.4670572159269579,0.19880900208811322,155164
00910017,bending,1.3166959521564428,94528,0.1124217163168585,1.0,0.2021206789976701,0.27798922250193503,0.1158919009022149,95986
00910048,compression,2.9726423367038857,135349,0.26644452489490134,0.9995083579154376,0.4207321349307437,0.4695815343880733,0.26458845653117313,138260
00910048,torsion_compression,2.9726423367038857,35380,0.29180327868852457,0.7751183587585482,0.4239900486011705,0.5086780005941679,0.2765874939408628,41260
00910017,bending_compression,1.3166959521564428,108720,0.1912251655629139,1.0,0.3210562890896456,0.21161962755977914,0.18995994902603314,109860
00910047,compression,1.611265122346434,56367,0.409228804087498,0.997740809201068,0.5804024113702069,0.25395153945850124,0.3886847784898759,60697
00910048,bending,2.9726423367038857,90845,0.22360063845010733,1.0,0.36547976753809897,0.5138604177837095,0.22828338335376422,94628
00910017,torsion_compression,1.3166959521564428,82458,0.1832448034150719,1.0,0.3097326992456543,0.2155231836516533,0.1810109775470043,84354
00910048,torsion,2.9726423367038857,137408,0.35033622496506756,1.0,0.5188873978021742,0.4714239544323561,0.34868723098995696,139400
00910047,bending,1.611265122346434,57643,0.41384036222958553,0.997740809201068,0.5850253974024398,0.2538114748381286,0.39375505581621095,61810
00910054,compression,18.44698067811421,378689,0.12130798623672724,1.0,0.21636871889917506,2.6819657212079324,0.12095784786349485,380645
00910047,bending_compression,1.611265122346434,15922,0.831176987815601,0.8202606906014178,0.8256827598739921,0.2647434168772817,0.7280803011292346,19925
00910054,torsion,18.44698067811421,0,,0.0,0.0,9.056722837091757,0.8789902912621359,12875
00910054,bending,18.44698067811421,4441,0.1551452375591083,0.12707581227436823,0.13971464633808425,8.663711743083827,0.15709782731059327,17766
00910047,torsion,1.611265122346434,32188,0.7594755809618491,0.9636475662353666,0.8494654562554177,0.26251892747973693,0.7051550313867224,36799
00910054,torsion_compression,18.44698067811421,8271,0.02913795188006287,0.001534683855125844,0.0029157940457307818,9.004317399857975,0.06498796519163118,21604
00920017,bending,3.896110172717654,142009,0.4137625080100557,0.9780936844558378,0.581523433440715,0.5958437139710125,0.412101959108857,145117
00910047,torsion_compression,1.611265122346434,56529,0.19593482991031153,0.8541047335924994,0.31874773393067546,0.2581961028829365,0.190358832807571,60864
00920017,compression,3.896110172717654,98624,0.4340322842310188,0.9997669540899558,0.6052885553077836,0.6414525714665685,0.4214480141269671,102499
00930059,compression,3.106498667610812,85026,0.09254816173876226,1.0,0.16941708380429518,0.6738209447949313,0.0920062605066373,86255
00920017,bending_compression,3.896110172717654,145729,0.4453128752684778,1.0,0.6162165755089638,0.5952907667127565,0.4380897335949891,148796
00930001,compression,3.447765247728064,257348,0.3849262477268135,1.0,0.5558797782316895,0.494339389200394,0.3848924077433792,257407
00930001,torsion,3.447765247728064,272919,0.4264745217445469,1.0,0.5979420105211245,0.49673084640555476,0.42649343416578733,272928
00930059,bending,3.106498667610812,18538,0.009062466285467688,0.6755041075429425,0.017884990107148575,1.0046291342539286,0.0318848470412087,29387
00920017,torsion,3.896110172717654,156369,0.38558154109829956,1.0,0.556562756736299,0.588287830480233,0.3806549320999679,159131
00910054,bending_compression,18.44698067811421,361879,0.15852260009561206,1.0,0.2736633710598814,2.6309566120710137,0.15799728324254605,364405
00930001,bending_compression,3.447765247728064,205387,0.4209273225666668,1.0,0.592468475877193,0.4992850407266459,0.4214676467044222,207475
00930059,torsion,3.106498667610812,18538,0.004369403387636207,0.6250933532486931,0.008678146519323651,1.0110989431393347,0.021472079490931363,29387
00920017,torsion_compression,3.896110172717654,159624,0.29173557860973287,1.0,0.4516955071001785,0.6128034572949725,0.2889438667633947,161277
00930001,torsion_compression,3.447765247728064,268562,0.46022147586032275,1.0,0.630344757241942,0.49685549241835286,0.46025162243974727,268577
00930010,bending,2.894304271148857,162970,0.2704117322206541,1.0,0.4257072339027913,0.430125237360163,0.2690560384305115,164869
00930001,bending,3.447765247728064,263045,0.22720066908703834,1.0,0.3702746825522213,0.4936738052826094,0.22717200013683686,263087
00930059,bending_compression,3.106498667610812,85026,0.012878413661703478,1.0,0.025429337792176123,0.6580481228822659,0.012694916236739899,86255
00930059,torsion_compression,3.106498667610812,18538,0.002427446326464559,0.6094674556213018,0.004835632823670501,1.007035882384102,0.012522543982032872,29387
00930010,bending_compression,2.894304271148857,171103,0.5078110845514106,1.0,0.6735738843603072,0.42941746275183623,0.5064739223129322,173079
00930010,compression,2.894304271148857,226403,0.44925641444680503,1.0,0.6199819576003609,0.4204461906897401,0.449036031386871,226719
00930010,torsion,2.894304271148857,187783,0.4457006225270658,1.0,0.6165877161316939,0.42374520575038666,0.443688302334449,188824
00930010,torsion_compression,2.894304271148857,196002,0.43961796308200934,1.0,0.6107425363613166,0.4262858533132651,0.43982045657648877,196944
00940015,compression,2.57350182858504,151265,0.2727729481373748,1.0,0.42862782169680974,0.39626267634947576,0.27010840427340366,152946
00940015,bending,2.57350182858504,156491,0.1988548862234889,1.0,0.33174137839134377,0.39267731288806085,0.19735359290914847,157950
00940015,torsion,2.57350182858504,154330,0.2216419361109311,1.0,0.3628590826155217,0.3905679686624613,0.21975310224592348,156016
00940015,bending_compression,2.57350182858504,154490,0.16345394523917406,1.0,0.2809805165181204,0.396669353646053,0.16240219919644744,156057
00940015,torsion_compression,2.57350182858504,143871,0.12349952387903051,1.0,0.2198479327390048,0.3993139286526884,0.12334417768260374,145698
00940077,compression,1.674784508052646,97410,0.4414947130684735,1.0,0.6125512762078396,0.26285332122996385,0.43915844393774955,100433
00960099,bending,2.331937613505935,59100,0.3747377326565144,1.0,0.5451770526911762,0.4071676537006236,0.3634080492245872,63708
00960099,torsion,2.331937613505935,142570,0.41434383110051204,1.0,0.5859166943558666,0.37074869828844825,0.4141740845816575,143459
00960099,compression,2.331937613505935,130509,0.2710694281620425,1.0,0.42652182824349255,0.37937304596845356,0.26984175104589825,131944
00960099,torsion_compression,2.331937613505935,143890,0.28233372715268606,1.0,0.4403436035010704,0.36480145091935295,0.28256319210815367,144757
00940077,bending,1.674784508052646,93685,0.5793990500080055,1.0,0.7336955787140289,0.26262610037773976,0.579823198279322,97171
00960099,bending_compression,2.331937613505935,142319,0.3246158278234108,1.0,0.4901282636140846,0.3636366919724673,0.32425393456129814,143218
00940077,torsion,1.674784508052646,161425,0.8021991636983119,1.0,0.8902447408222192,0.2511168824394615,0.8014002995359042,162251
00990098,bending,3.9003896617622096,31903,0.08845563113186848,0.8348023167967766,0.15996172243796794,1.0150105460792083,0.10977099633490162,38471
00990098,torsion_compression,3.9003896617622096,68454,0.16348204633768662,0.9653346172363987,0.2796111781814716,0.6831252343899613,0.1625857798351403,73881
00990098,torsion,3.9003896617622096,71389,0.23849612685427726,0.8071014857718459,0.3681924595284001,0.6847224060355552,0.24218974667328957,76502
00990098,bending_compression,3.9003896617622096,46192,0.25439470038101836,0.9973519499277804,0.40538722498472124,0.7181457922603048,0.2418609094382881,52340
00990098,compression,3.9003896617622096,71804,0.18769149351011086,0.7819189121128179,0.3027185508059185,0.6786808100119762,0.1926231106143509,76943
00990059,torsion,1.5070229182477235,39209,0.20316764008263408,0.9481937276697102,0.3346339166614245,0.26533558641298643,0.20639580839675692,44279
00940077,bending_compression,1.674784508052646,76804,0.6144992448309984,1.0,0.7612258064516129,0.2721912982326592,0.6229710243168961,81137
00940077,torsion_compression,1.674784508052646,124118,0.6632237064728725,1.0,0.7975159371427464,0.2558526243319514,0.6642244516884515,126388
00990059,bending_compression,1.5070229182477235,32557,0.6949043216512578,0.8446088794926004,0.7624778534258116,0.26604475372748626,0.6530440941164126,38123
00990059,bending,1.5070229182477235,57555,0.34869255494744156,1.0,0.5170823456662887,0.25097509533743756,0.3329658035120717,61673
00990059,compression,1.5070229182477235,22285,0.6489566973300426,1.0,0.7871118730780743,0.2686663077405808,0.5415684480878162,28423
Mechanical_Parts_Mountings_SK08_SK08-SK08,bending,2.255915879577157,33365,0.3677506368949498,1.0,0.5377451517475622,0.37507877975832793,0.3193781094527363,40200
Mechanical_Parts_Mountings_SK08_SK08-SK08,torsion,2.255915879577157,33315,0.675521536845265,0.9984276729559748,0.8058301794522729,0.37779518347051466,0.5909893773167152,40197
00990059,torsion_compression,1.5070229182477235,45140,0.633119184758529,0.9727272727272728,0.7670126804846451,0.2517136896750975,0.6015671850637668,50026
Mechanical_Parts_Mountings_SK08_SK08-SK08,bending_compression,2.255915879577157,18755,0.007038123167155425,0.4464980544747082,0.013857806526604196,0.9765795434947234,0.04205315918638992,24041
Mechanical_Parts_Mountings_SK08_SK08-SK08,compression,2.255915879577157,21908,0.8676282636479825,0.5683962264150944,0.686835961922811,0.36228779591058613,0.732889874353289,27060
Mechanical_Parts_Mountings_SK08_SK08-SK08,torsion_compression,2.255915879577157,37639,0.19394776694386143,1.0,0.3248848438995082,0.42160074556485555,0.18254361841215455,44362
Electrical_Parts_Servos_SG-90_Servo-sg90,compression,2.111508874378154,66806,0.18384576235667455,1.0,0.310590734371839,0.33933308781350235,0.17461930366795095,70857
Electrical_Parts_Servos_SG-90_Servo-sg90,torsion,2.111508874378154,86752,0.14863057912209518,1.0,0.2587961383296871,0.3259296566376909,0.14353443036016222,90487
Mechanical_Parts_Mountings_SHF08_SHF08,compression,2.0134393163047686,85396,0.3243594547753993,0.7468423942888522,0.4522871054158455,0.31843042217618733,0.32294142160451417,88787
Electrical_Parts_Servos_SG-90_Servo-sg90,bending_compression,2.111508874378154,37329,0.463553805352407,1.0,0.6334632914172752,0.34545835207198183,0.41622632686462474,42770
Mechanical_Parts_Mountings_SHF08_SHF08,torsion_compression,2.0134393163047686,74932,0.1200154807025036,0.9907969814099025,0.2140973027550821,0.31575156152451067,0.12065543738232151,78604
Mechanical_Parts_Mountings_SHF08_SHF08,bending,2.0134393163047686,42068,0.3073832842065228,0.3404722679846238,0.3230827722642683,0.32939770354994335,0.2904283447911158,47275
Mechanical_Parts_Mountings_SHF08_SHF08,torsion,2.0134393163047686,26067,0.09966624467717804,0.8932820794435292,0.17932468011242503,0.4923799979836876,0.11458139678998575,32274
Mechanical_Parts_Mountings_SHF08_SHF08,bending_compression,2.0134393163047686,33124,0.32894577949523,0.9190134364071415,0.4844799210636811,0.31703527011854093,0.3098602626956453,38143
Electrical_Parts_Servos_SG-90_Servo-sg90,bending,2.111508874378154,141124,0.1291559196167909,1.0,0.2287654297745229,0.32088108310524566,0.1283908005494312,141965
Electrical_Parts_Servos_SG-90_Servo-sg90,torsion_compression,2.111508874378154,41042,0.420642268895278,0.9917687595712098,0.5907343582532605,0.3419287725662338,0.38824731954502945,45981
