object,load_case,method,r,n_fine,n_fine_loc,fine_prec,n_tot
00040089,torsion,grefem,3.1638531121206728,92436,39101,0.423006188065256,97373
00040089,torsion,blind_sub,3.1638531121206728,93559,56438,0.6032343227268355,98910
00040089,torsion,mech_sub,3.1638531121206728,84000,71745,0.8541071428571428,90195
00050000,bending_compression,grefem,3.0708307403151744,30755,2453,0.07975938871728175,37268
00050000,bending_compression,blind_sub,3.0708307403151744,30952,7954,0.256978547428276,37592
00050000,bending_compression,mech_sub,3.0708307403151744,26679,11813,0.4427827129952397,33839
00100056,torsion_compression,grefem,2.367723196993701,59661,13596,0.22788756474078545,65397
00100056,torsion_compression,blind_sub,2.367723196993701,64042,15896,0.248212110802286,68288
00100056,torsion_compression,mech_sub,2.367723196993701,54556,10100,0.18513087469755848,60284
00040089,bending_compression,grefem,3.1638531121206728,93598,14227,0.15200111113485332,98423
00040089,bending_compression,blind_sub,3.1638531121206728,94155,11247,0.11945196750039828,99517
00040089,bending_compression,mech_sub,3.1638531121206728,101349,4797,0.04733149809075571,107138
00060017,bending_compression,grefem,4.862058446842274,229045,40239,0.1756816346132856,229912
00060017,bending_compression,blind_sub,4.862058446842274,228291,40195,0.17606913982592393,229245
00060017,bending_compression,mech_sub,4.862058446842274,247446,32912,0.13300679744267435,248796
00060057,torsion,grefem,1.7583462039625934,140788,17484,0.12418672045913004,141194
00060057,torsion,blind_sub,1.7583462039625934,135338,16531,0.12214603437319896,135697
00060057,torsion,mech_sub,1.7583462039625934,69333,22498,0.32449194467281095,77166
00020006,compression,grefem,2.7141858501126963,53676,10326,0.19237648110887548,59546
00020006,compression,blind_sub,2.7141858501126963,59991,6524,0.10874964578020037,62459
00020006,compression,mech_sub,2.7141858501126963,50539,9377,0.18553988009260175,57050
00050000,bending,grefem,3.0708307403151744,24583,4931,0.20058577065451735,31368
00050000,bending,blind_sub,3.0708307403151744,24744,8163,0.32989815712900095,31833
00050000,bending,mech_sub,3.0708307403151744,18769,1277,0.06803772177526773,24693
00060057,bending,grefem,1.7583462039625934,141223,11433,0.08095706789970472,141649
00060057,bending,blind_sub,1.7583462039625934,135338,11778,0.08702655573453132,135697
00060057,bending,mech_sub,1.7583462039625934,108072,7841,0.07255348286327633,111080
00020006,bending,grefem,2.7141858501126963,27657,10358,0.37451639729544056,33735
00020006,bending,blind_sub,2.7141858501126963,29915,3366,0.11251880327594851,35592
00020006,bending,mech_sub,2.7141858501126963,28442,6527,0.22948456507981155,35084
00080038,torsion,grefem,1.7951141617369235,8004,8004,1.0,11732
00080038,torsion,blind_sub,1.7951141617369235,5030,5030,1.0,11705
00080038,torsion,mech_sub,1.7951141617369235,5418,5418,1.0,11895
00080038,bending,grefem,1.7951141617369235,36265,3170,0.08741210533572315,40787
00080038,bending,blind_sub,1.7951141617369235,34714,3015,0.08685256668779166,39210
00080038,bending,mech_sub,1.7951141617369235,40159,8288,0.20637964092731392,43709
00080038,bending_compression,grefem,1.7951141617369235,39465,13870,0.35145065247687823,43876
00080038,bending_compression,blind_sub,1.7951141617369235,39341,14487,0.36824178338120533,43798
00080038,bending_compression,mech_sub,1.7951141617369235,41957,24102,0.5744452653907572,45533
00080038,torsion_compression,grefem,1.7951141617369235,39465,3255,0.08247814519194223,43876
00080038,torsion_compression,blind_sub,1.7951141617369235,39341,3355,0.08527998779898834,43798
00080038,torsion_compression,mech_sub,1.7951141617369235,38174,3273,0.0857389846492377,42699
00100056,compression,grefem,2.367723196993701,49129,21833,0.444401473671355,53555
00100056,compression,blind_sub,2.367723196993701,51845,15492,0.29881377181984764,56083
00100056,compression,mech_sub,2.367723196993701,45168,11034,0.24428799149840594,50951
00040089,torsion_compression,grefem,3.1638531121206728,92617,17019,0.18375676171761124,97545
00040089,torsion_compression,blind_sub,3.1638531121206728,93321,14656,0.1570493243750067,98744
00040089,torsion_compression,mech_sub,3.1638531121206728,86798,6603,0.0760731814097099,93114
00100056,bending_compression,grefem,2.367723196993701,52958,8330,0.15729445976056497,57290
00100056,bending_compression,blind_sub,2.367723196993701,55956,13765,0.24599685467152763,60119
00100056,bending_compression,mech_sub,2.367723196993701,48507,1554,0.032036613272311214,54434
00020006,bending_compression,grefem,2.7141858501126963,80938,10995,0.13584472065037437,85581
00020006,bending_compression,blind_sub,2.7141858501126963,85892,10150,0.11817165743026126,88272
00020006,bending_compression,mech_sub,2.7141858501126963,73546,16455,0.22373752481440187,79824
00040089,compression,grefem,3.1638531121206728,89436,23247,0.2599288876962297,94547
00040089,compression,blind_sub,3.1638531121206728,89743,24060,0.26809890464994485,95191
00040089,compression,mech_sub,3.1638531121206728,93802,18868,0.20114709707682138,99658
00060057,torsion_compression,grefem,1.7583462039625934,140788,7981,0.056688070005966415,141194
00060057,torsion_compression,blind_sub,1.7583462039625934,135338,7989,0.05902998418773737,135697
00060057,torsion_compression,mech_sub,1.7583462039625934,88788,4871,0.054861017254583956,91392
00020006,torsion_compression,grefem,2.7141858501126963,76271,10052,0.13179321105007147,81050
00020006,torsion_compression,blind_sub,2.7141858501126963,80200,8564,0.10678304239401497,82563
00020006,torsion_compression,mech_sub,2.7141858501126963,70404,13212,0.1876597920572695,76584
00020006,torsion,grefem,2.7141858501126963,62856,21221,0.33761295659921087,68109
00020006,torsion,blind_sub,2.7141858501126963,66954,16413,0.24513845326642172,69413
00020006,torsion,mech_sub,2.7141858501126963,60391,21198,0.3510125680978954,66305
00100056,bending,grefem,2.367723196993701,17010,7978,0.4690182245737801,21527
00100056,bending,blind_sub,2.367723196993701,13222,3654,0.27635758584177883,22514
00100056,bending,mech_sub,2.367723196993701,16911,5942,0.3513689314647271,22666
00040089,bending,grefem,3.1638531121206728,89436,13603,0.1520975893376269,94547
00040089,bending,blind_sub,3.1638531121206728,89743,14366,0.16007933766421895,95191
00040089,bending,mech_sub,3.1638531121206728,90919,15775,0.17350608783642582,97162
00100056,torsion,grefem,2.367723196993701,49351,19784,0.4008834674069421,53819
00100056,torsion,blind_sub,2.367723196993701,53236,12665,0.23790292283417236,57375
00100056,torsion,mech_sub,2.367723196993701,44539,10827,0.24309032533285435,50169
00060017,torsion,grefem,4.862058446842274,229045,35399,0.15455041585714596,229912
00060017,torsion,blind_sub,4.862058446842274,228291,35189,0.15414098672308588,229245
00060017,torsion,mech_sub,4.862058446842274,234776,39549,0.16845418611783147,235932
00060057,compression,grefem,1.7583462039625934,141223,28230,0.1998966174065131,141649
00060057,compression,blind_sub,1.7583462039625934,135338,28084,0.2075100858591083,135697
00060057,compression,mech_sub,1.7583462039625934,132943,26071,0.19610660207758213,134508
00050000,torsion_compression,grefem,3.0708307403151744,37472,5258,0.14031810418445773,43608
00050000,torsion_compression,blind_sub,3.0708307403151744,38107,11051,0.28999921274306556,44337
00050000,torsion_compression,mech_sub,3.0708307403151744,25294,9167,0.3624179647347197,32190
00060017,bending,grefem,4.862058446842274,228764,64116,0.2802713713696211,229644
00060017,bending,blind_sub,4.862058446842274,228291,64029,0.28047097783092634,229245
00060017,bending,mech_sub,4.862058446842274,236984,29390,0.12401681126151977,240831
00050000,compression,grefem,3.0708307403151744,9826,2591,0.2636881742316304,15704
00050000,compression,blind_sub,3.0708307403151744,6097,1787,0.2930949647367558,16143
00050000,compression,mech_sub,3.0708307403151744,2760,534,0.1934782608695652,9386
00030040,torsion_compression,grefem,2.894300499375506,192563,57138,0.2967236696561645,193710
00030040,torsion_compression,blind_sub,2.894300499375506,188250,56190,0.2984860557768924,189614
00030040,torsion_compression,mech_sub,2.894300499375506,183114,62755,0.3427100057887436,186287
00060057,bending_compression,grefem,1.7583462039625934,140788,24640,0.17501491604398103,141194
00060057,bending_compression,blind_sub,1.7583462039625934,135338,24344,0.17987557079312536,135697
00060057,bending_compression,mech_sub,1.7583462039625934,86295,14833,0.1718871313517585,89134
00060059,compression,grefem,2.081958849774459,51257,12150,0.23704079442807813,54302
00060059,compression,blind_sub,2.081958849774459,50449,13447,0.2665464132093798,53239
00060059,compression,mech_sub,2.081958849774459,51036,15191,0.2976526373540246,56385
00060017,compression,grefem,4.862058446842274,229045,24057,0.10503176231744854,229912
00060017,compression,blind_sub,4.862058446842274,228291,23730,0.10394627909115997,229245
00060017,compression,mech_sub,4.862058446842274,227346,23856,0.10493256973951598,228224
00030040,bending_compression,grefem,2.894300499375506,189704,81818,0.43129296166659636,190973
00030040,bending_compression,blind_sub,2.894300499375506,187259,81697,0.4362780961128704,188621
00030040,bending_compression,mech_sub,2.894300499375506,177630,79770,0.44907954737375444,181535
00050000,torsion,grefem,3.0708307403151744,41579,5955,0.14322133769450926,47562
00050000,torsion,blind_sub,3.0708307403151744,42187,10504,0.2489866546566478,48302
00050000,torsion,mech_sub,3.0708307403151744,20361,2226,0.10932665389715633,26939
00060017,torsion_compression,grefem,4.862058446842274,229045,42863,0.18713789866620095,229912
00060017,torsion_compression,blind_sub,4.862058446842274,228291,42643,0.18679229579790707,229245
00060017,torsion_compression,mech_sub,4.862058446842274,215589,40276,0.1868184369332387,216831
00110070,bending,grefem,2.9661151798784133,207750,51076,0.2458531889290012,208115
00110070,bending,blind_sub,2.9661151798784133,215114,50859,0.23642812648177244,215231
00110070,bending,mech_sub,2.9661151798784133,208237,51001,0.2449180501063692,208679
00080038,compression,grefem,1.7951141617369235,36265,3730,0.10285399145181304,40787
00080038,compression,blind_sub,1.7951141617369235,34714,3592,0.10347410266751167,39210
00080038,compression,mech_sub,1.7951141617369235,34885,3615,0.10362620037265301,39333
00060059,torsion,grefem,2.081958849774459,81903,32259,0.393868356470459,84845
00060059,torsion,blind_sub,2.081958849774459,79943,31380,0.39252967739514405,82373
00060059,torsion,mech_sub,2.081958849774459,75304,38510,0.5113938170615107,80270
00110070,compression,grefem,2.9661151798784133,208880,26018,0.12455955572577557,209265
00110070,compression,blind_sub,2.9661151798784133,215783,23950,0.11099113461208715,215887
00110070,compression,mech_sub,2.9661151798784133,216910,25280,0.11654603291687797,217085
00060059,bending_compression,grefem,2.081958849774459,51257,12471,0.2433033536882767,54302
00060059,bending_compression,blind_sub,2.081958849774459,50449,15717,0.31154234969969674,53239
00060059,bending_compression,mech_sub,2.081958849774459,50418,20096,0.3985878059423222,55803
00110070,torsion,grefem,2.9661151798784133,212119,19324,0.09109980718370349,212337
00110070,torsion,blind_sub,2.9661151798784133,218911,19364,0.08845603921228262,218986
00110070,torsion,mech_sub,2.9661151798784133,219254,19608,0.08943052350242185,219360
00060059,bending,grefem,2.081958849774459,83259,29515,0.3544962106198729,86131
00060059,bending,blind_sub,2.081958849774459,81850,25398,0.31029932803909593,84270
00060059,bending,mech_sub,2.081958849774459,73593,22641,0.3076515429456606,79059
00030040,torsion,grefem,2.894300499375506,207161,21403,0.10331577854905122,207655
00030040,torsion,blind_sub,2.894300499375506,190161,20461,0.1075982982840856,191482
00030040,torsion,mech_sub,2.894300499375506,198740,29195,0.14690047297977257,201379
00030040,compression,grefem,2.894300499375506,192270,28564,0.14856191813595465,193408
00030040,compression,blind_sub,2.894300499375506,187975,27550,0.14656204282484372,189301
00030040,compression,mech_sub,2.894300499375506,184441,39107,0.21202986320828882,188755
00030040,bending,grefem,2.894300499375506,188775,29188,0.15461793139981458,190063
00030040,bending,blind_sub,2.894300499375506,185990,27342,0.1470079036507339,187408
00030040,bending,mech_sub,2.894300499375506,180275,37749,0.20939675495770352,184281
00060059,torsion_compression,grefem,2.081958849774459,46457,10944,0.23557268011279248,49606
00060059,torsion_compression,blind_sub,2.081958849774459,45732,14673,0.3208475465757019,48569
00060059,torsion_compression,mech_sub,2.081958849774459,45361,17548,0.3868521417076343,50635
00110070,bending_compression,grefem,2.9661151798784133,212269,30633,0.14431216993531792,212490
00110070,bending_compression,blind_sub,2.9661151798784133,220602,32631,0.14791796991867706,220669
00110070,bending_compression,mech_sub,2.9661151798784133,209630,30785,0.14685398082335543,210041
00110070,torsion_compression,grefem,2.9661151798784133,212575,25323,0.11912501470069388,212771
00110070,torsion_compression,blind_sub,2.9661151798784133,219902,25986,0.11817082154778037,219985
00110070,torsion_compression,mech_sub,2.9661151798784133,222575,26011,0.11686397843423565,222683
00130015,compression,grefem,1.547273225588062,35088,25333,0.721984724122207,39935
00130015,compression,blind_sub,1.547273225588062,37808,25711,0.6800412611087601,42702
00130015,compression,mech_sub,1.547273225588062,31593,18501,0.5856044060393125,36814
00130015,bending,grefem,1.547273225588062,20566,565,0.027472527472527472,25119
00130015,bending,blind_sub,1.547273225588062,21028,1399,0.0665303404983831,25548
00130015,bending,mech_sub,1.547273225588062,19956,2288,0.114652234916817,24792
00130015,torsion,grefem,1.547273225588062,35088,9043,0.2577234382124943,39935
00130015,torsion,blind_sub,1.547273225588062,37808,8977,0.23743652137113838,42702
00130015,torsion,mech_sub,1.547273225588062,36149,7188,0.19884367479045065,42911
00130015,torsion_compression,grefem,1.547273225588062,35088,23844,0.6795485636114911,39935
00130015,torsion_compression,blind_sub,1.547273225588062,37808,23955,0.6335960643250106,42702
00130015,torsion_compression,mech_sub,1.547273225588062,36093,21473,0.5949353060150168,42677
00130015,bending_compression,grefem,1.547273225588062,35088,24294,0.6923734610123119,39935
00130015,bending_compression,blind_sub,1.547273225588062,37808,24512,0.6483283961066441,42702
00130015,bending_compression,mech_sub,1.547273225588062,33535,14378,0.42874608617861937,38844
00130059,compression,grefem,1.547273225588062,35088,25333,0.721984724122207,39935
00130059,compression,blind_sub,1.547273225588062,37808,25711,0.6800412611087601,42702
00130059,compression,mech_sub,1.547273225588062,38517,20804,0.5401251395487707,43496
00130059,bending,grefem,1.547273225588062,35088,2987,0.08512881896944824,39935
00130059,bending,blind_sub,1.547273225588062,37808,3101,0.0820196783749471,42702
00130059,bending,mech_sub,1.547273225588062,35563,5305,0.14917189213508422,40620
00160015,bending,grefem,2.683520603474303,9805,8599,0.8770015298317185,15515
00160015,bending,blind_sub,2.683520603474303,6087,1743,0.2863479546574667,16584
00160015,bending,mech_sub,2.683520603474303,9757,251,0.025725120426360562,16295
00160047,bending_compression,grefem,3.448303522157884,46029,15415,0.33489756457885245,52170
00160047,bending_compression,blind_sub,3.448303522157884,44531,10969,0.24632278637353752,50363
00160047,bending_compression,mech_sub,3.448303522157884,41702,12273,0.29430243153805574,47773
00160047,bending,grefem,3.448303522157884,44339,15702,0.35413518572814,50577
00160047,bending,blind_sub,3.448303522157884,46994,11474,0.24415882878665363,52451
00160047,bending,mech_sub,3.448303522157884,40822,15778,0.38650727548870706,47069
00130059,torsion,grefem,1.547273225588062,35088,9043,0.2577234382124943,39935
00130059,torsion,blind_sub,1.547273225588062,37808,8977,0.23743652137113838,42702
00130059,torsion,mech_sub,1.547273225588062,36695,7658,0.2086932824635509,43274
00160047,torsion_compression,grefem,3.448303522157884,41546,21378,0.5145621720502576,47784
00160047,torsion_compression,blind_sub,3.448303522157884,44261,19221,0.4342649284923522,49763
00160047,torsion_compression,mech_sub,3.448303522157884,39872,19189,0.4812650481540931,46063
00160047,compression,grefem,3.448303522157884,44558,18511,0.41543606086449125,50787
00160047,compression,blind_sub,3.448303522157884,47372,15878,0.3351768977455037,52796
00160047,compression,mech_sub,3.448303522157884,42292,18593,0.439633973328289,48306
00160015,torsion_compression,grefem,2.683520603474303,106370,30334,0.28517439127573563,109960
00160015,torsion_compression,blind_sub,2.683520603474303,108496,31117,0.2868032001179767,112052
00160015,torsion_compression,mech_sub,2.683520603474303,96457,32369,0.33557958468540383,102875
00160015,bending_compression,grefem,2.683520603474303,88796,20977,0.23623811883418172,93687
00160015,bending_compression,blind_sub,2.683520603474303,91540,25618,0.27985580074284466,95079
00160015,bending_compression,mech_sub,2.683520603474303,79322,16029,0.20207508635687452,85615
00160047,torsion,grefem,3.448303522157884,46783,28494,0.6090673962764251,52839
00160047,torsion,blind_sub,3.448303522157884,51612,27024,0.5235991629853523,57151
00160047,torsion,mech_sub,3.448303522157884,41389,23461,0.566841431298171,47585
00160015,compression,grefem,2.683520603474303,104056,33910,0.3258822172676251,107709
00160015,compression,blind_sub,2.683520603474303,108496,37428,0.34497124317947203,112052
00160015,compression,mech_sub,2.683520603474303,98400,27891,0.2834451219512195,103945
00160015,torsion,grefem,2.683520603474303,67482,18687,0.27691828932159684,71147
00160015,torsion,blind_sub,2.683520603474303,65805,19509,0.2964668338272168,69471
00160015,torsion,mech_sub,2.683520603474303,60807,13933,0.2291348035588008,67410
00160091,bending_compression,grefem,3.923714378885471,99893,25138,0.25164926471324317,104660
00160091,bending_compression,blind_sub,3.923714378885471,98945,23619,0.23870837333872352,99518
00160091,bending_compression,mech_sub,3.923714378885471,93060,853,0.009166129378895336,99524
00160091,compression,grefem,3.923714378885471,86055,26133,0.3036778804253094,91013
00160091,compression,blind_sub,3.923714378885471,97443,21951,0.22527015793848712,98075
00160091,compression,mech_sub,3.923714378885471,81493,29035,0.3562882701581731,88321
00150013,torsion,grefem,1.506754551293853,102425,55533,0.5421820844520381,104687
00150013,torsion,blind_sub,1.506754551293853,98836,55223,0.5587336598000728,100888
00150013,torsion,mech_sub,1.506754551293853,110554,63595,0.5752392495974817,112545
00150032,bending,grefem,1.4277971172403086,63910,61646,0.9645751838522922,67792
00150032,bending,blind_sub,1.4277971172403086,67630,65260,0.9649563803045985,69746
00150032,bending,mech_sub,1.4277971172403086,61501,56520,0.9190094470008617,66149
00150032,torsion,grefem,1.4277971172403086,63910,63564,0.9945861367548114,67792
00150032,torsion,blind_sub,1.4277971172403086,67630,67280,0.994824781901523,69746
00150032,torsion,mech_sub,1.4277971172403086,58293,57949,0.9940987768685777,63743
00130059,torsion_compression,grefem,1.547273225588062,35088,23844,0.6795485636114911,39935
00130059,torsion_compression,blind_sub,1.547273225588062,37808,23955,0.6335960643250106,42702
00130059,torsion_compression,mech_sub,1.547273225588062,36031,21497,0.5966251283616886,42616
00140014,torsion,grefem,1.6555697229749224,50029,15769,0.31519718563233323,50360
00140014,torsion,blind_sub,1.6555697229749224,47597,15579,0.32731054478223415,47968
00140014,torsion,mech_sub,1.6555697229749224,46762,15555,0.3326418887130576,47198
00130059,bending_compression,grefem,1.547273225588062,35088,24294,0.6923734610123119,39935
00130059,bending_compression,blind_sub,1.547273225588062,37808,24512,0.6483283961066441,42702
00130059,bending_compression,mech_sub,1.547273225588062,38428,16324,0.42479442073488083,43675
00160091,bending,grefem,3.923714378885471,75524,12160,0.16100842116413325,80567
00160091,bending,blind_sub,3.923714378885471,85842,11263,0.13120616947415017,86721
00160091,bending,mech_sub,3.923714378885471,68951,10830,0.15706806282722513,75354
00150032,bending_compression,grefem,1.4277971172403086,78543,37289,0.47475904918324996,81797
00150032,bending_compression,blind_sub,1.4277971172403086,74168,32195,0.4340820839175925,76224
00150032,bending_compression,mech_sub,1.4277971172403086,73083,55282,0.7564276233871078,77942
00160091,torsion_compression,grefem,3.923714378885471,38987,6178,0.15846307743606844,46666
00160091,torsion_compression,blind_sub,3.923714378885471,40803,6947,0.17025708893953875,45294
00160091,torsion_compression,mech_sub,3.923714378885471,36843,601,0.016312460983090412,43329
00150032,torsion_compression,grefem,1.4277971172403086,78543,9690,0.12337191092777205,81797
00150032,torsion_compression,blind_sub,1.4277971172403086,74168,8695,0.1172338474813936,76224
00150032,torsion_compression,mech_sub,1.4277971172403086,71704,10526,0.146797947115921,76017
00160092,bending,grefem,3.108459431104584,27128,984,0.03627248599233265,33651
00160092,bending,blind_sub,3.108459431104584,24230,987,0.04073462649607924,32816
00160092,bending,mech_sub,3.108459431104584,29622,4063,0.13716156910404428,34316
00140014,bending_compression,grefem,1.6555697229749224,50029,9542,0.1907293769613624,50360
00140014,bending_compression,blind_sub,1.6555697229749224,47597,8254,0.1734142908166481,47968
00140014,bending_compression,mech_sub,1.6555697229749224,46870,8252,0.17606144655429912,47228
00160092,compression,grefem,3.108459431104584,27128,1533,0.05650987909171336,33651
00160092,compression,blind_sub,3.108459431104584,23702,1690,0.07130199983123787,32522
00160092,compression,mech_sub,3.108459431104584,29556,5604,0.18960617133576937,34244
00150032,compression,grefem,1.4277971172403086,63910,13304,0.20816773587857926,67792
00150032,compression,blind_sub,1.4277971172403086,67630,10228,0.15123465917492238,69746
00150032,compression,mech_sub,1.4277971172403086,67761,10248,0.15123743746402799,69787
00160091,torsion,grefem,3.923714378885471,118903,23357,0.1964374321926276,122592
00160091,torsion,blind_sub,3.923714378885471,133638,24395,0.18254538379802152,134185
00160091,torsion,mech_sub,3.923714378885471,113204,27832,0.24585703685382143,119772
00150013,torsion_compression,grefem,1.506754551293853,102425,6650,0.06492555528435441,104687
00150013,torsion_compression,blind_sub,1.506754551293853,98939,6646,0.06717270237216871,100968
00150013,torsion_compression,mech_sub,1.506754551293853,99763,7327,0.07344406242795425,101646
00150013,bending,grefem,1.506754551293853,46223,5218,0.11288752352724835,51702
00150013,bending,blind_sub,1.506754551293853,54472,6987,0.12826773388162727,56864
00150013,bending,mech_sub,1.506754551293853,51767,7965,0.15386249927560028,54867
00150013,bending_compression,grefem,1.506754551293853,102364,13908,0.13586807862139033,104585
00150013,bending_compression,blind_sub,1.506754551293853,98747,13432,0.13602438555095345,100725
00150013,bending_compression,mech_sub,1.506754551293853,109683,15602,0.14224629158575167,111725
00150013,compression,grefem,1.506754551293853,49415,9327,0.18874835576242033,54702
00150013,compression,blind_sub,1.506754551293853,56033,10150,0.18114325486766727,58514
00150013,compression,mech_sub,1.506754551293853,56847,11295,0.19869122381128293,59137
00140014,bending,grefem,1.6555697229749224,50029,13577,0.271382598093106,50360
00140014,bending,blind_sub,1.6555697229749224,47597,13386,0.2812362123663256,47968
00140014,bending,mech_sub,1.6555697229749224,46914,13304,0.2835827258387688,47304
00200002,torsion,grefem,3.0881906599723283,13998,9223,0.6588798399771396,19858
00200002,torsion,blind_sub,3.0881906599723283,13475,11293,0.8380705009276438,18849
00200002,torsion,mech_sub,3.0881906599723283,2410,2403,0.9970954356846473,5558
00140014,compression,grefem,1.6555697229749224,50029,19808,0.39593036039097323,50360
00140014,compression,blind_sub,1.6555697229749224,47597,18296,0.3843939744101519,47968
00140014,compression,mech_sub,1.6555697229749224,46870,17915,0.38222743759334327,47228
00160092,torsion,grefem,3.108459431104584,57192,2111,0.036910756749195694,63372
00160092,torsion,blind_sub,3.108459431104584,60790,3423,0.056308603388715246,61818
00160092,torsion,mech_sub,3.108459431104584,53822,11897,0.22104343948571217,58553
00140014,torsion_compression,grefem,1.6555697229749224,50029,9697,0.19382758000359793,50360
00140014,torsion_compression,blind_sub,1.6555697229749224,47597,9628,0.2022816564069164,47968
00140014,torsion_compression,mech_sub,1.6555697229749224,46687,9534,0.20421102234026603,47131
00170011,torsion_compression,grefem,1.8283793726563604,19158,2815,0.14693600584612174,24833
00170011,torsion_compression,blind_sub,1.8283793726563604,20734,2972,0.14333944246165717,26170
00170011,torsion_compression,mech_sub,1.8283793726563604,17876,814,0.045535914074737074,22909
00170011,bending_compression,grefem,1.8283793726563604,19158,5154,0.26902599436266833,24833
00170011,bending_compression,blind_sub,1.8283793726563604,20783,6355,0.3057787614877544,26313
00170011,bending_compression,mech_sub,1.8283793726563604,16913,3697,0.2185892508721102,22478
00200002,compression,grefem,3.0881906599723283,18283,8470,0.46327189192145707,23932
00200002,compression,blind_sub,3.0881906599723283,17118,10308,0.6021731510690501,22331
00200002,compression,mech_sub,3.0881906599723283,4217,4217,1.0,7422
00170011,torsion,grefem,1.8283793726563604,19158,656,0.03424157010126318,24833
00170011,torsion,blind_sub,1.8283793726563604,20674,584,0.028248041017703396,26292
00170011,torsion,mech_sub,1.8283793726563604,18109,572,0.03158650394831299,23294
00170038,compression,grefem,1.3684133560964935,7998,2008,0.25106276569142283,14400
00170038,compression,blind_sub,1.3684133560964935,8589,1442,0.16788916055419723,14490
00170038,compression,mech_sub,1.3684133560964935,8504,1476,0.1735653809971778,14347
00170038,bending,grefem,1.3684133560964935,7998,943,0.11790447611902975,14400
00170038,bending,blind_sub,1.3684133560964935,8396,656,0.07813244402096237,14264
00170038,bending,mech_sub,1.3684133560964935,5404,684,0.12657290895632864,11508
00200002,bending,grefem,3.0881906599723283,7860,6213,0.7904580152671755,12791
00200002,bending,blind_sub,3.0881906599723283,8337,7728,0.9269521410579346,13538
00200002,bending,mech_sub,3.0881906599723283,2410,2410,1.0,5558
00170059,torsion,grefem,2.5917533708774494,51546,17994,0.3490862530555232,57003
00170059,torsion,blind_sub,2.5917533708774494,56437,23355,0.4138242642238248,61738
00170059,torsion,mech_sub,2.5917533708774494,48886,12607,0.25788569324551,54516
00170059,torsion_compression,grefem,2.5917533708774494,51931,22245,0.428356858138684,57314
00170059,torsion_compression,blind_sub,2.5917533708774494,55605,27203,0.4892185954500495,60850
00170059,torsion_compression,mech_sub,2.5917533708774494,49070,18957,0.38632565722437334,54893
00170059,compression,grefem,2.5917533708774494,50001,13050,0.2609947801043979,55551
00170059,compression,blind_sub,2.5917533708774494,55325,17251,0.31181201988251245,60502
00170059,compression,mech_sub,2.5917533708774494,47713,8638,0.1810408064887976,53763
00170059,bending_compression,grefem,2.5917533708774494,53012,14725,0.2777672979702709,58435
00170059,bending_compression,blind_sub,2.5917533708774494,55203,17841,0.32318895712189555,60449
00170059,bending_compression,mech_sub,2.5917533708774494,49800,11126,0.2234136546184739,55790
00170038,torsion_compression,grefem,1.3684133560964935,10490,1360,0.12964728312678742,16481
00170038,torsion_compression,blind_sub,1.3684133560964935,10724,1271,0.11851920925027974,16557
00170038,torsion_compression,mech_sub,1.3684133560964935,389,94,0.2416452442159383,6527
00200002,bending_compression,grefem,3.0881906599723283,10481,6740,0.64306840950291,15412
00200002,bending_compression,blind_sub,3.0881906599723283,9251,8098,0.8753648254242784,14512
00200002,bending_compression,mech_sub,3.0881906599723283,2410,2176,0.9029045643153527,5558
00200008,bending,grefem,2.516885539776645,193471,47640,0.2462384543419944,195003
00200008,bending,blind_sub,2.516885539776645,191838,51128,0.26651653999728936,194043
00200008,bending,mech_sub,2.516885539776645,178157,51062,0.2866123699882688,182012
00200008,compression,grefem,2.516885539776645,193471,66805,0.345297228008332,195003
00200008,compression,blind_sub,2.516885539776645,191838,70896,0.369561817783755,194043
00200008,compression,mech_sub,2.516885539776645,195032,89305,0.45789921653882437,198837
00200002,torsion_compression,grefem,3.0881906599723283,18200,8729,0.4796153846153846,23836
00200002,torsion_compression,blind_sub,3.0881906599723283,16603,11796,0.7104740107209541,21937
00200002,torsion_compression,mech_sub,3.0881906599723283,2410,1263,0.5240663900414938,5558
00170059,bending,grefem,2.5917533708774494,38368,4663,0.1215335696413678,43802
00170059,bending,blind_sub,2.5917533708774494,39682,5364,0.1351746383750819,44779
00170059,bending,mech_sub,2.5917533708774494,35760,9873,0.27609060402684565,41774
00170011,bending,grefem,1.8283793726563604,16931,697,0.04116708995334003,22771
00170011,bending,blind_sub,1.8283793726563604,18854,595,0.03155829001803331,24245
00170011,bending,mech_sub,1.8283793726563604,15938,540,0.03388128999874514,21064
00170038,torsion,grefem,1.3684133560964935,27880,10005,0.3588593974175036,33917
00170038,torsion,blind_sub,1.3684133560964935,25400,5203,0.20484251968503936,30869
00170038,torsion,mech_sub,1.3684133560964935,389,181,0.4652956298200514,6527
00170011,compression,grefem,1.8283793726563604,16931,675,0.039867698304884534,22771
00170011,compression,blind_sub,1.8283793726563604,18885,572,0.030288588827111464,24272
00170011,compression,mech_sub,1.8283793726563604,17508,660,0.03769705277587389,23387
00160092,bending_compression,grefem,3.108459431104584,34449,9551,0.2772504281691776,41845
00160092,bending_compression,blind_sub,3.108459431104584,35832,4172,0.1164322393391382,40742
00160092,bending_compression,mech_sub,3.108459431104584,34948,1067,0.03053107473961314,39486
00160092,torsion_compression,grefem,3.108459431104584,74062,11113,0.15004995814317734,79028
00160092,torsion_compression,blind_sub,3.108459431104584,80857,9716,0.12016275647130119,81413
00160092,torsion_compression,mech_sub,3.108459431104584,70795,1494,0.021103185253195846,75302
00170038,bending_compression,grefem,1.3684133560964935,13179,2335,0.17717581000075877,19310
00170038,bending_compression,blind_sub,1.3684133560964935,11677,2438,0.20878650338271817,17485
00170038,bending_compression,mech_sub,1.3684133560964935,14990,7976,0.5320880587058039,21353
00200008,torsion,grefem,2.516885539776645,193471,30330,0.15676768094443094,195003
00200008,torsion,blind_sub,2.516885539776645,191838,35084,0.18288347459835902,194043
00200008,torsion,mech_sub,2.516885539776645,181673,34283,0.18870718268537426,185458
00200008,bending_compression,grefem,2.516885539776645,193471,79623,0.41155005142889634,195003
00200008,bending_compression,blind_sub,2.516885539776645,191838,90847,0.47356102544855555,194043
00200008,bending_compression,mech_sub,2.516885539776645,183733,101608,0.5530198712261815,187669
00200022,bending_compression,grefem,2.837425862656248,43523,15388,0.3535601865680215,50183
00200022,bending_compression,blind_sub,2.837425862656248,42533,13463,0.31653069381421484,48970
00200022,bending_compression,mech_sub,2.837425862656248,38199,1488,0.03895389931673604,47283
00200022,torsion,grefem,2.837425862656248,54675,19113,0.3495747599451303,60689
00200022,torsion,blind_sub,2.837425862656248,53993,17215,0.31883762709980923,60207
00200022,torsion,mech_sub,2.837425862656248,40266,30924,0.7679928475637013,49347
00200022,compression,grefem,2.837425862656248,43523,18579,0.42687774280265606,50183
00200022,compression,blind_sub,2.837425862656248,43980,14907,0.3389495225102319,50338
00200022,compression,mech_sub,2.837425862656248,38065,33833,0.888821752265861,46885
00200022,bending,grefem,2.837425862656248,43523,19330,0.44413298715621624,50183
00200022,bending,blind_sub,2.837425862656248,43670,17352,0.3973437142202885,50057
00200022,bending,mech_sub,2.837425862656248,37035,34355,0.927636019981099,46208
00200030,torsion,grefem,7.972502839812068,61392,14670,0.23895621579358875,66732
00200030,torsion,blind_sub,7.972502839812068,56692,17073,0.30115360191914203,63205
00200030,torsion,mech_sub,7.972502839812068,27150,19687,0.7251197053406998,33453
00210070,compression,grefem,2.613566147447888,109141,32555,0.2982838713224178,112570
00210070,compression,blind_sub,2.613566147447888,111603,40535,0.363207082246893,114752
00210070,compression,mech_sub,2.613566147447888,88134,40798,0.46290875258129666,93396
00200089,bending_compression,grefem,7.051256731771781,30162,21236,0.70406471719382,38578
00200089,bending_compression,blind_sub,7.051256731771781,29209,20513,0.7022835427436749,37525
00200089,bending_compression,mech_sub,7.051256731771781,16105,14430,0.8959950325985718,22726
00200089,torsion_compression,grefem,7.051256731771781,67101,22207,0.330948868124171,74423
00200089,torsion_compression,blind_sub,7.051256731771781,65175,36402,0.5585270425776755,73251
00200089,torsion_compression,mech_sub,7.051256731771781,19727,9110,0.4618036194048766,26298
00200030,compression,grefem,7.972502839812068,61392,11596,0.18888454521761794,66732
00200030,compression,blind_sub,7.972502839812068,56692,14775,0.26061878219149087,63205
00200030,compression,mech_sub,7.972502839812068,25016,16927,0.6766469459545891,30844
00200030,torsion_compression,grefem,7.972502839812068,35896,10174,0.2834299086249164,42057
00200030,torsion_compression,blind_sub,7.972502839812068,36320,7976,0.2196035242290749,42831
00200030,torsion_compression,mech_sub,7.972502839812068,26904,1523,0.05660868272375855,32706
00210090,torsion,grefem,2.240738337559491,47430,19582,0.4128610584018554,52240
00210090,torsion,blind_sub,2.240738337559491,51300,20942,0.4082261208576998,55126
00210090,torsion,mech_sub,2.240738337559491,46228,20055,0.43382798304058146,50935
00210070,torsion,grefem,2.613566147447888,113537,35605,0.3135982102750645,116790
00210070,torsion,blind_sub,2.613566147447888,111603,42749,0.3830452586400007,114752
00210070,torsion,mech_sub,2.613566147447888,108583,51103,0.4706353664938342,114174
00210090,bending,grefem,2.240738337559491,73589,31221,0.42426177825490224,77617
00210090,bending,blind_sub,2.240738337559491,68384,26018,0.38046911558259244,71815
00210090,bending,mech_sub,2.240738337559491,67225,28390,0.4223131275567125,72113
00200022,torsion_compression,grefem,2.837425862656248,54675,15732,0.28773662551440327,60689
00200022,torsion_compression,blind_sub,2.837425862656248,53792,16152,0.3002676977989292,59966
00200022,torsion_compression,mech_sub,2.837425862656248,38752,1454,0.037520644095788605,47759
00210070,bending,grefem,2.613566147447888,109541,17680,0.1614007540555591,112928
00210070,bending,blind_sub,2.613566147447888,111603,25761,0.23082712830300262,114752
00210070,bending,mech_sub,2.613566147447888,104721,23898,0.2282063769444524,110269
00220004,compression,grefem,3.424596004811165,7676,4743,0.6178999478895258,12014
00220004,compression,blind_sub,3.424596004811165,2488,1379,0.5542604501607717,12000
00220004,compression,mech_sub,3.424596004811165,4859,1370,0.2819510187281334,8780
00200089,bending,grefem,7.051256731771781,30162,9758,0.32351966049996683,38578
00200089,bending,blind_sub,7.051256731771781,29828,9859,0.33052836261231056,38338
00200089,bending,mech_sub,7.051256731771781,16842,0,0.0,23326
00200089,compression,grefem,7.051256731771781,30162,11747,0.3894635634241761,38578
00200089,compression,blind_sub,7.051256731771781,29828,11818,0.3962049081400027,38338
00200089,compression,mech_sub,7.051256731771781,18443,1449,0.0785663937537277,25046
00210097,compression,grefem,3.1435388939825426,33365,18746,0.5618462460662371,39168
00210097,compression,blind_sub,3.1435388939825426,35517,10769,0.3032069149984514,40483
00210097,compression,mech_sub,3.1435388939825426,31426,13601,0.4327945013682938,37233
00200030,bending_compression,grefem,7.972502839812068,34966,6626,0.18949836984499227,41204
00200030,bending_compression,blind_sub,7.972502839812068,35233,5249,0.14897964976016803,41854
00200030,bending_compression,mech_sub,7.972502839812068,24577,115,0.004679171583187533,30080
00220004,torsion,grefem,3.424596004811165,40091,15908,0.39679728617395427,45562
00220004,torsion,blind_sub,3.424596004811165,42926,18138,0.42254111727158367,48470
00220004,torsion,mech_sub,3.424596004811165,4859,4708,0.9689236468409138,8780
00200030,bending,grefem,7.972502839812068,55231,11044,0.19996016729735114,60663
00200030,bending,blind_sub,7.972502839812068,52352,16959,0.32394177872860636,58933
00200030,bending,mech_sub,7.972502839812068,24235,18691,0.7712399422323086,29892
00210097,torsion,grefem,3.1435388939825426,69629,46950,0.6742880121788335,74970
00210097,torsion,blind_sub,3.1435388939825426,64043,32435,0.5064565994722295,68333
00210097,torsion,mech_sub,3.1435388939825426,50717,41310,0.8145197862649605,56969
00210070,torsion_compression,grefem,2.613566147447888,109237,17363,0.15894797550280582,112639
00210070,torsion_compression,blind_sub,2.613566147447888,111603,22864,0.20486904473894071,114752
00210070,torsion_compression,mech_sub,2.613566147447888,87689,9429,0.10752774008142413,93407
00210070,bending_compression,grefem,2.613566147447888,137321,29027,0.21138063369768645,139779
00210070,bending_compression,blind_sub,2.613566147447888,142705,33488,0.23466591920395222,145850
00210070,bending_compression,mech_sub,2.613566147447888,84853,19613,0.23114091428706116,90514
00220004,bending,grefem,3.424596004811165,14893,7964,0.5347478681259652,21300
00220004,bending,blind_sub,3.424596004811165,15085,6794,0.4503811733510109,21195
00220004,bending,mech_sub,3.424596004811165,4859,1020,0.20991973657131097,8780
00210097,bending,grefem,3.1435388939825426,22890,11181,0.4884665792922674,29483
00210097,bending,blind_sub,3.1435388939825426,25496,6962,0.27306244116724193,31933
00210097,bending,mech_sub,3.1435388939825426,24305,16811,0.6916683809915655,30661
00220004,bending_compression,grefem,3.424596004811165,4083,1651,0.4043595395542493,9301
00220004,bending_compression,blind_sub,3.424596004811165,502,360,0.7171314741035857,9357
00220004,bending_compression,mech_sub,3.424596004811165,4587,4380,0.9548724656638325,8483
00220004,torsion_compression,grefem,3.424596004811165,4083,1621,0.3970120009796718,9301
00220004,torsion_compression,blind_sub,3.424596004811165,439,283,0.6446469248291572,9304
00220004,torsion_compression,mech_sub,3.424596004811165,4587,4140,0.9025506867233486,8483
00210090,compression,grefem,2.240738337559491,43859,4352,0.0992270685606147,48868
00210090,compression,blind_sub,2.240738337559491,48585,6065,0.12483276731501493,52316
00210090,compression,mech_sub,2.240738337559491,42867,20739,0.4837987262929526,46927
00230003,torsion_compression,grefem,2.5802115831655263,21806,14646,0.6716500045858937,29079
00230003,torsion_compression,blind_sub,2.5802115831655263,19555,5787,0.2959345435949885,27317
00230003,torsion_compression,mech_sub,2.5802115831655263,9436,9158,0.9705383637134379,16598
00210090,torsion_compression,grefem,2.240738337559491,47129,19680,0.4175772878694647,51877
00210090,torsion_compression,blind_sub,2.240738337559491,50844,10329,0.20315081425536938,54579
00210090,torsion_compression,mech_sub,2.240738337559491,44946,11647,0.25913318204067104,49335
00210097,torsion_compression,grefem,3.1435388939825426,93663,30105,0.32141827616027674,97886
00210097,torsion_compression,blind_sub,3.1435388939825426,87926,27815,0.31634556331460545,91970
00210097,torsion_compression,mech_sub,3.1435388939825426,42981,16958,0.39454642749121704,49517
00220074,bending,grefem,5.37042383758545,97938,23192,0.2368028752884478,103482
00220074,bending,blind_sub,5.37042383758545,91036,24737,0.27172766817522737,97458
00220074,bending,mech_sub,5.37042383758545,90307,26676,0.2953923837576268,96910
00220074,compression,grefem,5.37042383758545,102250,24350,0.23814180929095355,107434
00220074,compression,blind_sub,5.37042383758545,93872,27451,0.29243011760695414,100196
00220074,compression,mech_sub,5.37042383758545,95121,27700,0.29120804028553104,101404
00210097,bending_compression,grefem,3.1435388939825426,77212,33758,0.4372118323576646,82448
00210097,bending_compression,blind_sub,3.1435388939825426,72351,24339,0.3364017083385164,76545
00210097,bending_compression,mech_sub,3.1435388939825426,65886,35699,0.5418298272774186,72721
00210090,bending_compression,grefem,2.240738337559491,84988,27045,0.31822139596178284,88965
00210090,bending_compression,blind_sub,2.240738337559491,83111,18882,0.22719014330233062,86378
00210090,bending_compression,mech_sub,2.240738337559491,66783,13138,0.19672671188775587,70923
00200089,torsion,grefem,7.051256731771781,30162,12779,0.42367880114050793,38578
00200089,torsion,blind_sub,7.051256731771781,29828,12684,0.4252380313799115,38338
00200089,torsion,mech_sub,7.051256731771781,30352,3585,0.11811412756984713,36867
00200008,torsion_compression,grefem,2.516885539776645,193117,79815,0.41329867386092367,194644
00200008,torsion_compression,blind_sub,2.516885539776645,192110,91302,0.4752589662172714,194310
00200008,torsion_compression,mech_sub,2.516885539776645,182737,102705,0.5620372447834866,186676
00220074,torsion_compression,grefem,5.37042383758545,127171,8906,0.07003168961477066,131573
00220074,torsion_compression,blind_sub,5.37042383758545,113818,12949,0.11376935106925092,120003
00220074,torsion_compression,mech_sub,5.37042383758545,113967,17570,0.1541674344327744,120629
00220074,bending_compression,grefem,5.37042383758545,96693,24963,0.258167602618597,101872
00220074,bending_compression,blind_sub,5.37042383758545,92876,30983,0.33359533140962144,99298
00220074,bending_compression,mech_sub,5.37042383758545,88779,29254,0.32951486274907354,95384
00220074,torsion,grefem,5.37042383758545,96693,14325,0.14814929726040146,101872
00220074,torsion,blind_sub,5.37042383758545,89258,12307,0.13788119832395976,95725
00220074,torsion,mech_sub,5.37042383758545,88117,19517,0.22148961040434875,94766
00230003,torsion,grefem,2.5802115831655263,110664,24384,0.2203426588592496,113448
00230003,torsion,blind_sub,2.5802115831655263,106447,24535,0.23049029094291057,109507
00230003,torsion,mech_sub,2.5802115831655263,9436,2247,0.2381305637982196,16598
00230003,bending,grefem,2.5802115831655263,62452,19229,0.3079004675590854,66956
00230003,bending,blind_sub,2.5802115831655263,61285,17243,0.2813575915803215,64574
00230003,bending,mech_sub,2.5802115831655263,59735,21543,0.36064283920649537,65187
00230003,bending_compression,grefem,2.5802115831655263,63110,16003,0.2535731262874346,68242
00230003,bending_compression,blind_sub,2.5802115831655263,63086,15158,0.24027517991313446,66407
00230003,bending_compression,mech_sub,2.5802115831655263,61100,16793,0.27484451718494274,66588
00230003,compression,grefem,2.5802115831655263,82146,10611,0.12917244905412315,86401
00230003,compression,blind_sub,2.5802115831655263,79370,6958,0.08766536474738566,82555
00230003,compression,mech_sub,2.5802115831655263,77846,19349,0.2485548390411839,83470
00240056,bending,grefem,4.188992358593392,2719,913,0.33578521515262966,7770
00240056,bending,blind_sub,4.188992358593392,2080,1944,0.9346153846153846,7442
00240056,bending,mech_sub,4.188992358593392,2080,1944,0.9346153846153846,7442
00240056,torsion_compression,grefem,4.188992358593392,2301,475,0.20643198609300303,7331
00240056,torsion_compression,blind_sub,4.188992358593392,2080,434,0.20865384615384616,7442
00240056,torsion_compression,mech_sub,4.188992358593392,2080,434,0.20865384615384616,7442
00240056,torsion,grefem,4.188992358593392,2301,980,0.42590178183398525,7331
00240056,torsion,blind_sub,4.188992358593392,2080,1979,0.9514423076923076,7442
00240056,torsion,mech_sub,4.188992358593392,2080,1979,0.9514423076923076,7442
00240090,bending,grefem,6.37215347009931,25211,5861,0.23247788663678554,35252
00240090,bending,blind_sub,6.37215347009931,22543,5602,0.24850286119859824,34761
00240090,bending,mech_sub,6.37215347009931,23937,5125,0.21410368884989764,34475
00240090,compression,grefem,6.37215347009931,24293,8194,0.3372988103568929,34398
00240090,compression,blind_sub,6.37215347009931,24773,10243,0.4134743470714084,36758
00240090,compression,mech_sub,6.37215347009931,23858,9658,0.40481180316874843,35707
00240056,compression,grefem,4.188992358593392,7513,1651,0.21975242912285373,12789
00240056,compression,blind_sub,4.188992358593392,2121,1996,0.9410655351249411,7546
00240056,compression,mech_sub,4.188992358593392,2121,1996,0.9410655351249411,7546
00240090,torsion,grefem,6.37215347009931,24293,8241,0.33923352406042895,34398
00240090,torsion,blind_sub,6.37215347009931,24773,10382,0.4190852944738223,36758
00240090,torsion,mech_sub,6.37215347009931,24081,8144,0.3381919355508492,34176
00240056,bending_compression,grefem,4.188992358593392,2624,0,0.0,7706
00240056,bending_compression,blind_sub,4.188992358593392,2080,439,0.2110576923076923,7442
00240056,bending_compression,mech_sub,4.188992358593392,2080,439,0.2110576923076923,7442
00240090,bending_compression,grefem,6.37215347009931,24148,1682,0.06965380155706477,34204
00240090,bending_compression,blind_sub,6.37215347009931,24618,2540,0.10317653749289138,36392
00240090,bending_compression,mech_sub,6.37215347009931,24684,2538,0.10281964025279533,35370
00240090,torsion_compression,grefem,6.37215347009931,24148,271,0.011222461487493788,34204
00240090,torsion_compression,blind_sub,6.37215347009931,24618,541,0.021975790072304817,36392
00240090,torsion_compression,mech_sub,6.37215347009931,23631,264,0.011171765900723626,33914
00260088,bending,grefem,5.329096811982593,41024,11618,0.28320007800312014,51767
00260088,bending,blind_sub,5.329096811982593,37003,10351,0.27973407561549063,48454
00260088,bending,mech_sub,5.329096811982593,38564,13019,0.337594647858106,48008
00260088,bending_compression,grefem,5.329096811982593,41024,9179,0.2237470748829953,51767
00260088,bending_compression,blind_sub,5.329096811982593,37003,8379,0.22644109937032134,48454
00260088,bending_compression,mech_sub,5.329096811982593,23217,5294,0.22802256966877718,32359
00290041,torsion,grefem,4.194942436602689,93696,63258,0.675140881147541,98672
00290041,torsion,blind_sub,4.194942436602689,91486,63506,0.6941608552128194,96720
00290041,torsion,mech_sub,4.194942436602689,83136,62884,0.7563991531947653,88927
00290041,compression,grefem,4.194942436602689,71640,26203,0.36575935231714124,78058
00290041,compression,blind_sub,4.194942436602689,67854,19054,0.28080879535473224,73233
00290041,compression,mech_sub,4.194942436602689,69371,22109,0.3187066641680241,76428
00290041,bending_compression,grefem,4.194942436602689,94541,29579,0.3128695486614273,99366
00290041,bending_compression,blind_sub,4.194942436602689,92997,24965,0.2684495198769853,98309
00290041,bending_compression,mech_sub,4.194942436602689,86974,27470,0.31584151585531306,93480
00260088,torsion,grefem,5.329096811982593,41024,7575,0.1846480109204368,51767
00260088,torsion,blind_sub,5.329096811982593,37003,6506,0.17582358187174013,48454
00260088,torsion,mech_sub,5.329096811982593,30082,2967,0.09863041021208696,39069
00290041,bending,grefem,4.194942436602689,64700,20935,0.3235703245749614,71268
00290041,bending,blind_sub,4.194942436602689,60890,14810,0.2432254885859747,66513
00290041,bending,mech_sub,4.194942436602689,61203,23109,0.3775795304151757,67298
00290041,torsion_compression,grefem,4.194942436602689,89619,21799,0.2432408306274339,94749
00290041,torsion_compression,blind_sub,4.194942436602689,88208,17463,0.19797524034101216,93696
00290041,torsion_compression,mech_sub,4.194942436602689,79757,15248,0.19118071141091064,85976
00260088,compression,grefem,5.329096811982593,41024,13416,0.32702808112324494,51767
00260088,compression,blind_sub,5.329096811982593,37003,11996,0.32418993054617196,48454
00260088,compression,mech_sub,5.329096811982593,31472,14730,0.46803507880020334,40664
00300071,compression,grefem,2.248360960416031,143398,40579,0.2829816315429783,145182
00300071,compression,blind_sub,2.248360960416031,136488,39505,0.28943936463278824,138428
00300071,compression,mech_sub,2.248360960416031,113883,23118,0.20299781354548088,119857
00360016,compression,grefem,0.3278173200782243,4161,2649,0.6366258111031002,7314
00360016,compression,blind_sub,0.3278173200782243,3005,1743,0.5800332778702163,7647
00360016,compression,mech_sub,0.3278173200782243,2958,1715,0.5797836375929682,7620
00360016,torsion,grefem,0.3278173200782243,22892,9687,0.4231609295823869,26136
00360016,torsion,blind_sub,0.3278173200782243,23927,11147,0.4658753709198813,27059
00360016,torsion,mech_sub,0.3278173200782243,21187,15814,0.7464010950110918,24361
00300071,torsion,grefem,2.248360960416031,145462,48338,0.3323067192806369,147189
00300071,torsion,blind_sub,2.248360960416031,136488,47145,0.3454149815368384,138428
00300071,torsion,mech_sub,2.248360960416031,135045,77915,0.576955829538302,140787
00270052,torsion,grefem,1.4320719416437548,29829,29801,0.999061316168829,34517
00270052,torsion,blind_sub,1.4320719416437548,30329,21749,0.7171024432061723,33937
00270052,torsion,mech_sub,1.4320719416437548,32215,32188,0.9991618811112836,36786
00360016,bending,grefem,0.3278173200782243,8680,7041,0.8111751152073733,11820
00360016,bending,blind_sub,0.3278173200782243,7720,4693,0.6079015544041451,11677
00360016,bending,mech_sub,0.3278173200782243,8129,5710,0.702423422315168,11411
00300090,bending,grefem,1.4675875854865197,74103,40999,0.5532704478900989,77577
00300090,bending,blind_sub,1.4675875854865197,77441,44463,0.5741532263271394,81293
00300090,bending,mech_sub,1.4675875854865197,63036,40180,0.6374135414683673,68307
00300090,torsion,grefem,1.4675875854865197,78859,48724,0.6178622604902421,82177
00300090,torsion,blind_sub,1.4675875854865197,81157,56054,0.6906859543847111,85122
00300090,torsion,mech_sub,1.4675875854865197,63661,45387,0.7129482728829267,68938
00270052,compression,grefem,1.4320719416437548,29488,16200,0.5493760173629951,34172
00270052,compression,blind_sub,1.4320719416437548,34479,11833,0.34319440819049274,37581
00270052,compression,mech_sub,1.4320719416437548,32141,10250,0.3189073146448462,35347
00360016,bending_compression,grefem,0.3278173200782243,18162,8081,0.44493998458319567,21683
00360016,bending_compression,blind_sub,0.3278173200782243,20325,7959,0.39158671586715865,23415
00360016,bending_compression,mech_sub,0.3278173200782243,16520,9958,0.6027845036319612,19707
00300071,bending_compression,grefem,2.248360960416031,137023,30509,0.22265605044408604,139221
00300071,bending_compression,blind_sub,2.248360960416031,136488,32257,0.2363357950882129,138428
00300071,bending_compression,mech_sub,2.248360960416031,89962,25081,0.27879549142971477,96342
00300071,torsion_compression,grefem,2.248360960416031,131850,41877,0.3176109215017065,133873
00300071,torsion_compression,blind_sub,2.248360960416031,136488,44015,0.32248256256960317,138428
00300071,torsion_compression,mech_sub,2.248360960416031,101636,33968,0.3342122869849266,107785
00260088,torsion_compression,grefem,5.329096811982593,41024,9030,0.22011505460218408,51767
00260088,torsion_compression,blind_sub,5.329096811982593,37003,8441,0.22811663919141692,48454
00260088,torsion_compression,mech_sub,5.329096811982593,30109,6259,0.20787804311003355,39330
00300071,bending,grefem,2.248360960416031,137540,33246,0.24171877272066308,139671
00300071,bending,blind_sub,2.248360960416031,136488,36300,0.26595744680851063,138428
00300071,bending,mech_sub,2.248360960416031,128033,61496,0.4803136691321769,133927
00270052,torsion_compression,grefem,1.4320719416437548,36822,8814,0.23936776926837217,41398
00270052,torsion_compression,blind_sub,1.4320719416437548,37787,4798,0.12697488554264694,40974
00270052,torsion_compression,mech_sub,1.4320719416437548,35732,7651,0.21412179558938765,40289
00250056,bending,grefem,2.029159828708955,90130,36559,0.40562520803284147,93097
00250056,bending,blind_sub,2.029159828708955,51946,26602,0.5121087282947676,56297
00250056,bending,mech_sub,2.029159828708955,70196,50210,0.7152829221038236,75680
00300090,compression,grefem,1.4675875854865197,101198,72237,0.713818454910176,103605
00300090,compression,blind_sub,1.4675875854865197,104311,79329,0.7605046447642148,108317
00300090,compression,mech_sub,1.4675875854865197,44164,28854,0.6533375600036229,49669
00350001,compression,grefem,2.514755223465145,69552,17106,0.2459454796411318,72824
00350001,compression,blind_sub,2.514755223465145,69877,15347,0.21962877627831762,74127
00350001,compression,mech_sub,2.514755223465145,65962,13327,0.2020405688123465,70280
00300090,bending_compression,grefem,1.4675875854865197,73521,49550,0.6739571006923192,76983
00300090,bending_compression,blind_sub,1.4675875854865197,76882,49527,0.6441950001300695,80743
00300090,bending_compression,mech_sub,1.4675875854865197,42113,32081,0.7617837722318525,47652
00250056,compression,grefem,2.029159828708955,90130,36319,0.4029623876622656,93097
00250056,compression,blind_sub,2.029159828708955,51946,25586,0.49254995572325105,56297
00250056,compression,mech_sub,2.029159828708955,78815,51626,0.6550275962697456,84211
00310027,torsion_compression,grefem,3.866941117229198,96212,68094,0.7077495530703031,101161
00310027,torsion_compression,blind_sub,3.866941117229198,93031,65688,0.7060872182390816,97192
00310027,torsion_compression,mech_sub,3.866941117229198,95277,66267,0.6955193803331339,100440
00270052,bending_compression,grefem,1.4320719416437548,90212,26294,0.29146898417062034,93015
00270052,bending_compression,blind_sub,1.4320719416437548,93734,29347,0.31308810036912965,96607
00270052,bending_compression,mech_sub,1.4320719416437548,88739,42220,0.4757772794374514,92840
00350001,bending,grefem,2.514755223465145,71996,23092,0.3207400411133952,76364
00350001,bending,blind_sub,2.514755223465145,72592,19620,0.2702777165527882,76805
00350001,bending,mech_sub,2.514755223465145,72598,16943,0.2333810848783713,75881
00350001,torsion_compression,grefem,2.514755223465145,86159,17787,0.2064439002309683,89491
00350001,torsion_compression,blind_sub,2.514755223465145,85715,14008,0.16342530478912676,89768
00350001,torsion_compression,mech_sub,2.514755223465145,87089,12668,0.14546039109416803,90749
00310027,compression,grefem,3.866941117229198,116532,87999,0.7551488003295233,121222
00310027,compression,blind_sub,3.866941117229198,109955,83265,0.7572643354099404,114226
00310027,compression,mech_sub,3.866941117229198,125066,94321,0.754169798346473,129373
00320057,torsion_compression,grefem,8.156487373352693,154869,35776,0.2310081423654831,158757
00320057,torsion_compression,blind_sub,8.156487373352693,157563,35274,0.22387235581957693,161374
00320057,torsion_compression,mech_sub,8.156487373352693,165474,37847,0.22871871109660732,169284
00320057,bending_compression,grefem,8.156487373352693,224953,97919,0.4352864820651425,228619
00320057,bending_compression,blind_sub,8.156487373352693,236928,104314,0.4402772150189087,240495
00320057,bending_compression,mech_sub,8.156487373352693,240279,106261,0.44224006259390125,244143
00350001,bending_compression,grefem,2.514755223465145,61458,8618,0.14022584529272022,65115
00350001,bending_compression,blind_sub,2.514755223465145,60947,11313,0.18562029304149508,65789
00350001,bending_compression,mech_sub,2.514755223465145,61186,9622,0.15725819631941948,64883
00350001,torsion,grefem,2.514755223465145,80773,22066,0.2731853465885878,84308
00350001,torsion,blind_sub,2.514755223465145,80012,20330,0.254086886966955,84056
00350001,torsion,mech_sub,2.514755223465145,79104,18028,0.22790250809061488,82676
00250056,torsion_compression,grefem,2.029159828708955,90518,35301,0.389988731523012,93503
00250056,torsion_compression,blind_sub,2.029159828708955,51946,26214,0.5046394332576136,56297
00250056,torsion_compression,mech_sub,2.029159828708955,84712,59687,0.7045873075833412,90334
00360016,torsion_compression,grefem,0.3278173200782243,22635,8764,0.38718798321184006,25792
00360016,torsion_compression,blind_sub,0.3278173200782243,23716,8818,0.37181649519311855,26834
00360016,torsion_compression,mech_sub,0.3278173200782243,19892,10688,0.537301427709632,23222
00310027,bending,grefem,3.866941117229198,161379,36913,0.22873484158409707,163587
00310027,bending,blind_sub,3.866941117229198,146395,37033,0.252966289832303,150397
00310027,bending,mech_sub,3.866941117229198,151755,34496,0.22731376231425654,155796
00360019,compression,grefem,2.357895781119256,92774,47155,0.5082781813870265,96930
00360019,compression,blind_sub,2.357895781119256,90771,43963,0.4843286952881427,94446
00360019,compression,mech_sub,2.357895781119256,82190,41728,0.5077016668694488,88267
00360019,bending_compression,grefem,2.357895781119256,88178,24379,0.2764748576742498,92580
00360019,bending_compression,blind_sub,2.357895781119256,85662,24973,0.29152949966146013,89422
00360019,bending_compression,mech_sub,2.357895781119256,84250,29219,0.34681305637982196,90822
00250056,torsion,grefem,2.029159828708955,100194,46904,0.4681318242609338,103049
00250056,torsion,blind_sub,2.029159828708955,51946,30243,0.5822007469295037,56297
00250056,torsion,mech_sub,2.029159828708955,76831,62529,0.8138511798622952,82787
00270052,bending,grefem,1.4320719416437548,29488,14426,0.48921595225176345,34172
00270052,bending,blind_sub,1.4320719416437548,26784,11381,0.42491786140979687,31537
00270052,bending,mech_sub,1.4320719416437548,30000,14577,0.4859,34692
00310027,bending_compression,grefem,3.866941117229198,110246,92263,0.8368829708107324,114607
00310027,bending_compression,blind_sub,3.866941117229198,109955,89771,0.8164339957255241,114226
00310027,bending_compression,mech_sub,3.866941117229198,101566,81844,0.805820845558553,106145
00360019,torsion,grefem,2.357895781119256,92809,31047,0.3345257464254544,96963
00360019,torsion,blind_sub,2.357895781119256,90872,31992,0.35205563870058987,94566
00360019,torsion,mech_sub,2.357895781119256,85705,46874,0.5469225832798553,92722
00360019,bending,grefem,2.357895781119256,88525,16545,0.18689635696131038,93008
00360019,bending,blind_sub,2.357895781119256,86043,10634,0.12358936810664435,89764
00360019,bending,mech_sub,2.357895781119256,81251,1309,0.016110570946819117,88183
00310027,torsion,grefem,3.866941117229198,160035,45947,0.2871059455744056,162267
00310027,torsion,blind_sub,3.866941117229198,146893,50113,0.34115308421776397,150833
00310027,torsion,mech_sub,3.866941117229198,150710,55897,0.3708911153871674,155390
00360019,torsion_compression,grefem,2.357895781119256,88178,19514,0.22130236566944136,92580
00360019,torsion_compression,blind_sub,2.357895781119256,85662,20380,0.23791179286031144,89422
00360019,torsion_compression,mech_sub,2.357895781119256,81861,22809,0.27863084985524245,87000
00300090,torsion_compression,grefem,1.4675875854865197,95422,51876,0.543648215296263,98030
00300090,torsion_compression,blind_sub,1.4675875854865197,100517,58689,0.5838713849398609,104511
00300090,torsion_compression,mech_sub,1.4675875854865197,44101,29349,0.6654951134894901,49746
00320057,torsion,grefem,8.156487373352693,340727,65581,0.1924737399736446,343982
00320057,torsion,blind_sub,8.156487373352693,318056,56850,0.17874210830797094,321802
00320057,torsion,mech_sub,8.156487373352693,312206,69686,0.2232051914441106,316231
00250056,bending_compression,grefem,2.029159828708955,91081,37497,0.41168849705207455,94062
00250056,bending_compression,blind_sub,2.029159828708955,51946,27318,0.5258922727447735,56297
00250056,bending_compression,mech_sub,2.029159828708955,81575,61152,0.7496414342629482,86983
00320057,bending,grefem,8.156487373352693,308287,141165,0.45790124137573107,311539
00320057,bending,blind_sub,8.156487373352693,303192,127514,0.4205717828966464,306833
00320057,bending,mech_sub,8.156487373352693,291114,176927,0.6077584726258441,295169
00370070,bending,grefem,1.9084748089275263,209087,116371,0.5565673619115488,210595
00370070,bending,blind_sub,1.9084748089275263,201236,138978,0.6906219563100042,203226
00370070,bending,mech_sub,1.9084748089275263,189458,141616,0.7474796524823444,194091
00370070,compression,grefem,1.9084748089275263,206513,23623,0.11438989313021457,208036
00370070,compression,blind_sub,1.9084748089275263,198992,29600,0.14874969848034092,200956
00370070,compression,mech_sub,1.9084748089275263,185013,35633,0.19259727694810636,189281
00320057,compression,grefem,8.156487373352693,301176,176160,0.5849071639174436,304478
00320057,compression,blind_sub,8.156487373352693,295837,162937,0.5507661313493579,299602
00320057,compression,mech_sub,8.156487373352693,281033,153672,0.5468112285745802,284979
00370070,torsion,grefem,1.9084748089275263,212205,110410,0.5202987677010438,213632
00370070,torsion,blind_sub,1.9084748089275263,201537,125551,0.6229674948024432,203544
00370070,torsion,mech_sub,1.9084748089275263,189376,125653,0.663510687732342,193945
00390005,bending,grefem,9.823943921734244,210634,34086,0.16182572614107885,213792
00390005,bending,blind_sub,9.823943921734244,206223,38546,0.18691416573321112,212194
00390005,bending,mech_sub,9.823943921734244,99768,62544,0.6268943949963917,109073
00390005,compression,grefem,9.823943921734244,223721,32094,0.14345546461887798,226433
00390005,compression,blind_sub,9.823943921734244,218981,44128,0.201515199948854,224843
00390005,compression,mech_sub,9.823943921734244,229200,67363,0.2939048865619546,237380
00370070,bending_compression,grefem,1.9084748089275263,189589,95548,0.5039743866996503,191699
00370070,bending_compression,blind_sub,1.9084748089275263,185223,106951,0.5774174913482667,187084
00370070,bending_compression,mech_sub,1.9084748089275263,160522,111666,0.6956429648272511,164959
00400055,torsion,grefem,2.3624618834634727,64030,5000,0.07808839606434484,68663
00400055,torsion,blind_sub,2.3624618834634727,69745,4007,0.05745214710731952,72911
00400055,torsion,mech_sub,2.3624618834634727,61039,5972,0.09783908648568948,66612
00390005,torsion,grefem,9.823943921734244,223658,49645,0.22196836241046597,226371
00390005,torsion,blind_sub,9.823943921734244,228175,67335,0.2951024433000986,234102
00390005,torsion,mech_sub,9.823943921734244,100699,53440,0.5306904735896086,110003
00400055,compression,grefem,2.3624618834634727,52184,5705,0.10932469722520313,57272
00400055,compression,blind_sub,2.3624618834634727,59286,4162,0.07020207131531896,62716
00400055,compression,mech_sub,2.3624618834634727,52191,3793,0.0726753654844705,57604
00370070,torsion_compression,grefem,1.9084748089275263,156911,46528,0.29652478156407136,159439
00370070,torsion_compression,blind_sub,1.9084748089275263,163854,47967,0.29274231938188877,165885
00370070,torsion_compression,mech_sub,1.9084748089275263,144267,50957,0.35321313952601774,148270
00390005,bending_compression,grefem,9.823943921734244,223180,28041,0.12564297876153777,225919
00390005,bending_compression,blind_sub,9.823943921734244,232666,40141,0.1725262823102645,238551
00390005,bending_compression,mech_sub,9.823943921734244,135693,49040,0.3614040517933865,144801
00400070,torsion_compression,grefem,2.9071302269604264,83656,25449,0.30421009849861336,87970
00400070,torsion_compression,blind_sub,2.9071302269604264,80469,23742,0.29504529694665027,83778
00400070,torsion_compression,mech_sub,2.9071302269604264,74949,26878,0.35861719302459005,80556
00400099,bending,grefem,10.62945094232574,136438,8248,0.060452366642724166,142630
00400099,bending,blind_sub,10.62945094232574,137821,7659,0.05557208262891722,143729
00400099,bending,mech_sub,10.62945094232574,126396,2541,0.020103484287477453,133710
00400055,torsion_compression,grefem,2.3624618834634727,86983,2470,0.02839635331041698,90698
00400055,torsion_compression,blind_sub,2.3624618834634727,90997,2966,0.03259448113674077,93929
00400055,torsion_compression,mech_sub,2.3624618834634727,85429,1162,0.013601938451813787,90807
00390005,torsion_compression,grefem,9.823943921734244,219804,21241,0.09663609397463195,222588
00390005,torsion_compression,blind_sub,9.823943921734244,225146,24972,0.11091469535323746,231025
00390005,torsion_compression,mech_sub,9.823943921734244,173683,45185,0.26015787382760547,181917
00400070,compression,grefem,2.9071302269604264,84338,22311,0.2645426735279471,88638
00400070,compression,blind_sub,2.9071302269604264,81257,22449,0.27627158275594715,84503
00400070,compression,mech_sub,2.9071302269604264,82446,25924,0.3144361157606191,86868
00420062,torsion,grefem,0.7356298974899841,93108,32162,0.3454268161704687,94240
00420062,torsion,blind_sub,0.7356298974899841,93298,36024,0.3861176016634869,95960
00420062,torsion,mech_sub,0.7356298974899841,45625,5493,0.12039452054794521,48333
00420062,compression,grefem,0.7356298974899841,64870,27159,0.41866810544165256,67161
00420062,compression,blind_sub,0.7356298974899841,58645,22344,0.3810043481967772,61490
00420062,compression,mech_sub,0.7356298974899841,41043,800,0.019491752552201348,43705
00400070,torsion,grefem,2.9071302269604264,83865,35339,0.4213795981637155,88181
00400070,torsion,blind_sub,2.9071302269604264,80458,35612,0.4426160232667976,83831
00400070,torsion,mech_sub,2.9071302269604264,75523,42280,0.5598294559273334,81868
00400099,torsion,grefem,10.62945094232574,90628,5040,0.055611952156066555,98297
00400099,torsion,blind_sub,10.62945094232574,90451,5376,0.05943549546163116,96890
00400099,torsion,mech_sub,10.62945094232574,86159,2734,0.031732030316043595,93643
00400070,bending_compression,grefem,2.9071302269604264,83919,21809,0.2598815524493857,88216
00400070,bending_compression,blind_sub,2.9071302269604264,81462,21392,0.262600967322187,84767
00400070,bending_compression,mech_sub,2.9071302269604264,78577,20390,0.2594906906601168,83082
00410029,bending,grefem,4.390169353595008,77670,8807,0.11338998326252092,83538
00410029,bending,blind_sub,4.390169353595008,75258,13293,0.17663238459698638,81860
00410029,bending,mech_sub,4.390169353595008,76706,24484,0.3191927619742915,83159
00410001,compression,grefem,5.512193985131289,108598,18421,0.16962559163152177,114922
00410001,compression,blind_sub,5.512193985131289,121306,17858,0.14721448238339407,124003
00410001,compression,mech_sub,5.512193985131289,105856,18793,0.17753363059250302,114371
00400055,bending_compression,grefem,2.3624618834634727,91853,3281,0.03572011801465385,95219
00400055,bending_compression,blind_sub,2.3624618834634727,96032,3904,0.04065311562812396,98888
00400055,bending_compression,mech_sub,2.3624618834634727,82543,3490,0.04228099293701465,88108
00400055,bending,grefem,2.3624618834634727,40952,6052,0.14778277007227975,46476
00400055,bending,blind_sub,2.3624618834634727,46081,3592,0.07794969727219461,49922
00400055,bending,mech_sub,2.3624618834634727,36904,5592,0.15152828961630174,42511
00400083,compression,grefem,1.165787863472716,84716,13896,0.16403040747910666,86664
00400083,compression,blind_sub,1.165787863472716,84107,12373,0.14711022863733103,85165
00400083,compression,mech_sub,1.165787863472716,92091,13157,0.14286955294219847,93591
00410001,bending,grefem,5.512193985131289,109400,49198,0.4497074954296161,115752
00410001,bending,blind_sub,5.512193985131289,121780,37294,0.30624076202989,124480
00410001,bending,mech_sub,5.512193985131289,96999,10595,0.10922793018484726,105641
00400083,bending,grefem,1.165787863472716,28438,14381,0.5056966031366481,33468
00400083,bending,blind_sub,1.165787863472716,28838,6150,0.21326028157292462,31786
00400083,bending,mech_sub,1.165787863472716,28748,13468,0.4684847641575066,33288
00400070,bending,grefem,2.9071302269604264,79244,28771,0.3630684972994801,83788
00400070,bending,blind_sub,2.9071302269604264,76189,26009,0.34137473913557076,79475
00400070,bending,mech_sub,2.9071302269604264,77391,30618,0.39562739853471335,82437
00400099,bending_compression,grefem,10.62945094232574,131603,32129,0.2441357719808819,138214
00400099,bending_compression,blind_sub,10.62945094232574,137821,44942,0.3260896380087215,143729
00400099,bending_compression,mech_sub,10.62945094232574,124668,87176,0.699265248500016,132046
00410029,compression,grefem,4.390169353595008,77402,8708,0.11250355287977055,83290
00410029,compression,blind_sub,4.390169353595008,74605,13205,0.17699886066617518,81229
00410029,compression,mech_sub,4.390169353595008,73258,13412,0.18307898113516613,79855
00410029,torsion_compression,grefem,4.390169353595008,57634,8378,0.14536558281569906,64153
00410029,torsion_compression,blind_sub,4.390169353595008,56173,9330,0.1660940309401314,62777
00410029,torsion_compression,mech_sub,4.390169353595008,52154,9474,0.1816543314031522,58928
00400083,torsion_compression,grefem,1.165787863472716,102872,15155,0.14731899836690257,103783
00400083,torsion_compression,blind_sub,1.165787863472716,97530,14516,0.14883625551112478,98758
00400083,torsion_compression,mech_sub,1.165787863472716,91552,26188,0.2860450891296749,96507
00410001,torsion_compression,grefem,5.512193985131289,109400,15381,0.14059414990859231,115752
00410001,torsion_compression,blind_sub,5.512193985131289,121780,15130,0.1242404335687305,124480
00410001,torsion_compression,mech_sub,5.512193985131289,109815,3661,0.03333788644538542,117867
00400099,compression,grefem,10.62945094232574,90554,5303,0.05856174216489608,98663
00400099,compression,blind_sub,10.62945094232574,90752,5672,0.0625,97193
00400099,compression,mech_sub,10.62945094232574,85207,6618,0.07766967502669968,93725
00420062,bending_compression,grefem,0.7356298974899841,85895,19668,0.2289772396530648,87446
00420062,bending_compression,blind_sub,0.7356298974899841,84762,25779,0.3041339279394068,87425
00420062,bending_compression,mech_sub,0.7356298974899841,42416,4,9.43040362127499e-05,45199
00420029,compression,grefem,4.743186539659139,174650,30997,0.17748067563698827,177928
00420029,compression,blind_sub,4.743186539659139,166061,24569,0.14795165631906348,168659
00420029,compression,mech_sub,4.743186539659139,162454,23309,0.143480616051313,169860
00420062,bending,grefem,0.7356298974899841,61402,22608,0.3681964756848311,63839
00420062,bending,blind_sub,0.7356298974899841,58645,20770,0.35416489044249294,61490
00420062,bending,mech_sub,0.7356298974899841,53528,13012,0.24308772978628007,57425
00420029,torsion,grefem,4.743186539659139,173656,24887,0.1433120652324135,176960
00420029,torsion,blind_sub,4.743186539659139,165612,19404,0.1171654227954496,168126
00420029,torsion,mech_sub,4.743186539659139,155380,16365,0.10532243531986099,163086
00410029,bending_compression,grefem,4.390169353595008,57566,8961,0.1556648021401522,64016
00410029,bending_compression,blind_sub,4.390169353595008,56173,10366,0.18453705516885335,62777
00410029,bending_compression,mech_sub,4.390169353595008,51429,12098,0.23523692858115072,58267
00410001,torsion,grefem,5.512193985131289,109400,23785,0.21741316270566727,115752
00410001,torsion,blind_sub,5.512193985131289,121780,16688,0.13703399573000494,124480
00410001,torsion,mech_sub,5.512193985131289,106276,4874,0.04586171854416801,113181
00420062,torsion_compression,grefem,0.7356298974899841,68484,21990,0.3210968985456457,70402
00420062,torsion_compression,blind_sub,0.7356298974899841,66543,18432,0.27699382354267166,69420
00420062,torsion_compression,mech_sub,0.7356298974899841,46326,4,8.634460130380347e-05,49046
00410029,torsion,grefem,4.390169353595008,77402,28063,0.36256169091237955,83290
00410029,torsion,blind_sub,4.390169353595008,74605,37417,0.5015347496816567,81229
00410029,torsion,mech_sub,4.390169353595008,75794,62343,0.822532126553553,82150
00420029,torsion_compression,grefem,4.743186539659139,143831,23530,0.16359477442276005,148413
00420029,torsion_compression,blind_sub,4.743186539659139,120331,15955,0.1325925987484522,123935
00420029,torsion_compression,mech_sub,4.743186539659139,135143,14987,0.11089734577447592,143180
00400099,torsion_compression,grefem,10.62945094232574,147021,18991,0.129172023044327,152982
00400099,torsion_compression,blind_sub,10.62945094232574,137821,25159,0.18254837796852438,143729
00400099,torsion_compression,mech_sub,10.62945094232574,141731,69556,0.49076066633270066,149414
00400083,bending_compression,grefem,1.165787863472716,102083,33200,0.3252255517569037,103352
00400083,bending_compression,blind_sub,1.165787863472716,97530,30341,0.31109402235209677,98758
00400083,bending_compression,mech_sub,1.165787863472716,102305,69238,0.6767802160207224,107360
00410001,bending_compression,grefem,5.512193985131289,108598,35392,0.32589918783034677,114922
00410001,bending_compression,blind_sub,5.512193985131289,121306,24523,0.2021581784907589,124003
00410001,bending_compression,mech_sub,5.512193985131289,106444,4097,0.03848972229529142,114552
00420029,bending_compression,grefem,4.743186539659139,173734,34479,0.19845856309070187,177054
00420029,bending_compression,blind_sub,4.743186539659139,165633,28198,0.1702438523724137,168228
00420029,bending_compression,mech_sub,4.743186539659139,161542,21801,0.1349556152579515,169246
00400083,torsion,grefem,1.165787863472716,92105,12433,0.13498724282069377,93794
00400083,torsion,blind_sub,1.165787863472716,97530,13020,0.1334973854198708,98758
00400083,torsion,mech_sub,1.165787863472716,75551,4340,0.05744464004447327,80538
00420029,bending,grefem,4.743186539659139,171645,27581,0.1606863002126482,174987
00420029,bending,blind_sub,4.743186539659139,164143,21976,0.13388326032788483,166704
00420029,bending,mech_sub,4.743186539659139,162042,30521,0.18835240246355883,168283
00430053,compression,grefem,2.372925415289976,2209,2155,0.9755545495699411,6332
00430053,compression,blind_sub,2.372925415289976,1667,1537,0.9220155968806238,6573
00430053,compression,mech_sub,2.372925415289976,1554,1418,0.9124839124839125,6861
00430053,bending,grefem,2.372925415289976,6180,4302,0.6961165048543689,10710
00430053,bending,blind_sub,2.372925415289976,5599,4412,0.7879978567601358,11674
00430053,bending,mech_sub,2.372925415289976,7130,7017,0.9841514726507714,11566
00430053,torsion,grefem,2.372925415289976,2209,1907,0.8632865550022635,6332
00430053,torsion,blind_sub,2.372925415289976,1667,1558,0.9346130773845231,6573
00430053,torsion,mech_sub,2.372925415289976,2565,2458,0.9582846003898635,7190
00430053,torsion_compression,grefem,2.372925415289976,12339,3793,0.3073993030229354,17390
00430053,torsion_compression,blind_sub,2.372925415289976,12704,5081,0.39995277078085645,17888
00430053,torsion_compression,mech_sub,2.372925415289976,13921,4758,0.3417857912506285,18943
00430053,bending_compression,grefem,2.372925415289976,6778,1882,0.2776630274417232,11330
00430053,bending_compression,blind_sub,2.372925415289976,5521,3528,0.6390146712552074,11694
00430053,bending_compression,mech_sub,2.372925415289976,7524,4558,0.6057947900053163,12387
00430054,torsion,grefem,1.179364653437068,5115,3697,0.7227761485826002,8982
00430054,torsion,blind_sub,1.179364653437068,3606,2320,0.6433721575152523,9636
00430054,torsion,mech_sub,1.179364653437068,3497,2493,0.7128967686588504,9558
00430057,bending_compression,grefem,3.0083354963603486,7678,3523,0.4588434488147955,15615
00430057,bending_compression,blind_sub,3.0083354963603486,7802,2952,0.37836452191745706,16303
00430057,bending_compression,mech_sub,3.0083354963603486,8196,2849,0.3476085895558809,16070
00430057,torsion,grefem,3.0083354963603486,5039,2980,0.591387179996031,13014
00430057,torsion,blind_sub,3.0083354963603486,5045,3084,0.6112983151635283,13006
00430057,torsion,mech_sub,3.0083354963603486,5874,3260,0.5549880830779708,14246
00430057,bending,grefem,3.0083354963603486,4377,2490,0.568882796435915,12258
00430057,bending,blind_sub,3.0083354963603486,4765,3199,0.6713536201469045,13225
00430057,bending,mech_sub,3.0083354963603486,6468,4057,0.6272418058132344,14769
00430054,compression,grefem,1.179364653437068,4153,3688,0.8880327474115097,8010
00430054,compression,blind_sub,1.179364653437068,2609,2591,0.9931008049060943,8435
00430054,compression,mech_sub,1.179364653437068,2606,2584,0.9915579432079816,8748
00430054,bending_compression,grefem,1.179364653437068,4153,3905,0.9402841319528052,8010
00430054,bending_compression,blind_sub,1.179364653437068,2609,2441,0.93560751245688,8435
00430054,bending_compression,mech_sub,1.179364653437068,2797,2558,0.9145513049696103,8670
00430057,compression,grefem,3.0083354963603486,4377,2488,0.5684258624628741,12258
00430057,compression,blind_sub,3.0083354963603486,4765,3090,0.6484784889821616,13225
00430057,compression,mech_sub,3.0083354963603486,6195,3697,0.596771589991929,14693
00440061,bending,grefem,2.221012513261041,164496,58420,0.35514541387024606,165641
00440061,bending,blind_sub,2.221012513261041,155006,52885,0.3411803414061391,156624
00440061,bending,mech_sub,2.221012513261041,156164,32887,0.21059271022770934,161061
00430054,bending,grefem,1.179364653437068,4153,3298,0.7941247291114857,8010
00430054,bending,blind_sub,1.179364653437068,2609,2421,0.9279417401303182,8435
00430054,bending,mech_sub,1.179364653437068,2778,2637,0.949244060475162,8261
00460016,torsion,grefem,2.4380258002545143,121101,34190,0.28232632265629515,122806
00460016,torsion,blind_sub,2.4380258002545143,113973,33077,0.29021785861563704,115189
00460016,torsion,mech_sub,2.4380258002545143,124345,35536,0.28578551610438696,126810
00440061,torsion,grefem,2.221012513261041,186332,82203,0.4411641585986304,186551
00440061,torsion,blind_sub,2.221012513261041,192980,81359,0.42159291118250597,194375
00440061,torsion,mech_sub,2.221012513261041,179474,75764,0.4221447117688356,184106
00430057,torsion_compression,grefem,3.0083354963603486,4377,2063,0.4713273931916838,12258
00430057,torsion_compression,blind_sub,3.0083354963603486,4765,1666,0.34963273871983214,13225
00430057,torsion_compression,mech_sub,3.0083354963603486,4579,1507,0.3291111596418432,13059
00430054,torsion_compression,grefem,1.179364653437068,4153,2375,0.5718757524680953,8010
00430054,torsion_compression,blind_sub,1.179364653437068,2609,1929,0.7393637408968954,8435
00430054,torsion_compression,mech_sub,1.179364653437068,2434,1837,0.7547247329498767,8493
00460016,compression,grefem,2.4380258002545143,121101,13502,0.11149371186034797,122806
00460016,compression,blind_sub,2.4380258002545143,113973,12190,0.10695515604573012,115189
00460016,compression,mech_sub,2.4380258002545143,122077,13218,0.10827592421176799,123933
00460016,torsion_compression,grefem,2.4380258002545143,123659,14512,0.1173549842712621,125358
00460016,torsion_compression,blind_sub,2.4380258002545143,114617,12129,0.10582199848190059,115812
00460016,torsion_compression,mech_sub,2.4380258002545143,133465,11078,0.08300303450342786,135521
00460087,compression,grefem,2.2542204506184578,196036,88029,0.4490450733538738,196120
00460087,compression,blind_sub,2.2542204506184578,183625,87067,0.47415656909462217,183637
00460087,compression,mech_sub,2.2542204506184578,183399,80663,0.439822463590314,187355
00460087,torsion,grefem,2.2542204506184578,196036,48408,0.24693423656879349,196120
00460087,torsion,blind_sub,2.2542204506184578,183625,38717,0.21084819605173588,183637
00460087,torsion,mech_sub,2.2542204506184578,175490,68648,0.39117898455752464,179536
00460087,torsion_compression,grefem,2.2542204506184578,85574,19594,0.22897141655175637,91273
00460087,torsion_compression,blind_sub,2.2542204506184578,82323,14210,0.1726127570666764,82678
00460087,torsion_compression,mech_sub,2.2542204506184578,96509,18141,0.18797210622843466,98463
00460087,bending_compression,grefem,2.2542204506184578,196036,35652,0.18186455548980798,196120
00460087,bending_compression,blind_sub,2.2542204506184578,183625,37926,0.20654050374404356,183637
00460087,bending_compression,mech_sub,2.2542204506184578,180859,48110,0.2660083269287124,184197
00460089,torsion,grefem,2.307176061926662,216399,53252,0.2460824680335861,216404
00460089,torsion,blind_sub,2.307176061926662,205220,50943,0.24823603937238087,205220
00460089,torsion,mech_sub,2.307176061926662,212049,95926,0.452376573339181,216134
00460089,bending_compression,grefem,2.307176061926662,216399,61977,0.28640150832489986,216404
00460089,bending_compression,blind_sub,2.307176061926662,205220,56960,0.27755579378228246,205220
00460089,bending_compression,mech_sub,2.307176061926662,130712,30320,0.23196034029010343,138832
00440061,torsion_compression,grefem,2.221012513261041,183712,31770,0.17293372234802298,183937
00440061,torsion_compression,blind_sub,2.221012513261041,186402,29611,0.15885559167820087,187864
00440061,torsion_compression,mech_sub,2.221012513261041,178386,16715,0.09370129942932741,183160
00460089,torsion_compression,grefem,2.307176061926662,216399,20553,0.09497733353666145,216404
00460089,torsion_compression,blind_sub,2.307176061926662,205220,21286,0.10372283403177078,205220
00460089,torsion_compression,mech_sub,2.307176061926662,131045,9301,0.07097561906215422,139411
00460087,bending,grefem,2.2542204506184578,199534,94087,0.47153367345915986,199609
00460087,bending,blind_sub,2.2542204506184578,183625,91102,0.49613070115724983,183637
00460087,bending,mech_sub,2.2542204506184578,176497,91371,0.5176915188360142,180025
00460016,bending,grefem,2.4380258002545143,122573,17670,0.14415899096864726,124233
00460016,bending,blind_sub,2.4380258002545143,115221,15166,0.13162531135817254,116420
00460016,bending,mech_sub,2.4380258002545143,124219,15231,0.12261409285214017,126790
00460090,torsion,grefem,2.928292252834596,20568,13838,0.6727926876701672,27852
00460090,torsion,blind_sub,2.928292252834596,6553,1131,0.1725927056310087,13405
00460090,torsion,mech_sub,2.928292252834596,18815,4400,0.23385596598458677,25195
00460089,compression,grefem,2.307176061926662,216399,58727,0.27138295463472567,216404
00460089,compression,blind_sub,2.307176061926662,205220,55528,0.27057791638241885,205220
00460089,compression,mech_sub,2.307176061926662,129844,25155,0.19373247897476972,138027
00460089,bending,grefem,2.307176061926662,216247,31994,0.14795118544997157,216252
00460089,bending,blind_sub,2.307176061926662,205317,30330,0.1477227896374874,205317
00460089,bending,mech_sub,2.307176061926662,148006,3296,0.022269367458076023,154605
00460090,bending,grefem,2.928292252834596,20568,11787,0.5730746791131855,27852
00460090,bending,blind_sub,2.928292252834596,6520,184,0.02822085889570552,13328
00460090,bending,mech_sub,2.928292252834596,22078,6689,0.30297128363076364,28671
00440061,bending_compression,grefem,2.221012513261041,158496,65739,0.4147675651120533,160009
00440061,bending_compression,blind_sub,2.221012513261041,155006,63863,0.41200340631975535,156624
00440061,bending_compression,mech_sub,2.221012513261041,157953,43141,0.27312555000538136,162683
00460090,bending_compression,grefem,2.928292252834596,20568,8268,0.40198366394399065,27852
00460090,bending_compression,blind_sub,2.928292252834596,6480,587,0.09058641975308641,13206
00460090,bending_compression,mech_sub,2.928292252834596,20474,2030,0.09915014164305949,26636
00440061,compression,grefem,2.221012513261041,130702,49370,0.3777294915150495,133428
00440061,compression,blind_sub,2.221012513261041,130975,52729,0.40258828020614623,132555
00440061,compression,mech_sub,2.221012513261041,120452,24473,0.20317636901006209,125195
00460016,bending_compression,grefem,2.4380258002545143,123334,14864,0.12051826746882449,124915
00460016,bending_compression,blind_sub,2.4380258002545143,113765,13415,0.11791851623961676,114981
00460016,bending_compression,mech_sub,2.4380258002545143,129622,10074,0.0777182885621268,131833
00460090,compression,grefem,2.928292252834596,13859,7596,0.5480914928927051,20674
00460090,compression,blind_sub,2.928292252834596,3577,668,0.18674867207156837,10439
00460090,compression,mech_sub,2.928292252834596,13170,3248,0.2466211085801063,19768
00460090,torsion_compression,grefem,2.928292252834596,13978,5925,0.4238803834597224,20867
00460090,torsion_compression,blind_sub,2.928292252834596,3665,596,0.1626193724420191,10440
00460090,torsion_compression,mech_sub,2.928292252834596,12857,1633,0.12701252236135957,19503
00460091,bending,grefem,1.0641648851269705,14183,2921,0.205950786152436,20596
00460091,bending,blind_sub,1.0641648851269705,15061,913,0.06062014474470487,21049
00460091,bending,mech_sub,1.0641648851269705,15138,672,0.04439159730479588,20881
00460091,torsion_compression,grefem,1.0641648851269705,2690,700,0.26022304832713755,9004
00460091,torsion_compression,blind_sub,1.0641648851269705,236,58,0.2457627118644068,9018
00460091,torsion_compression,mech_sub,1.0641648851269705,300,62,0.20666666666666667,9044
00460091,bending_compression,grefem,1.0641648851269705,2690,833,0.30966542750929366,9004
00460091,bending_compression,blind_sub,1.0641648851269705,236,18,0.07627118644067797,9018
00460091,bending_compression,mech_sub,1.0641648851269705,306,61,0.19934640522875818,9230
00460091,compression,grefem,1.0641648851269705,2690,685,0.25464684014869887,9004
00460091,compression,blind_sub,1.0641648851269705,236,7,0.029661016949152543,9018
00460091,compression,mech_sub,1.0641648851269705,419,9,0.021479713603818614,9564
00460091,torsion,grefem,1.0641648851269705,68990,26530,0.38454848528772284,72294
00460091,torsion,blind_sub,1.0641648851269705,64409,21977,0.34121007933673864,65232
00460091,torsion,mech_sub,1.0641648851269705,71242,30976,0.4347996968080627,73467
00470031,compression,grefem,1.4367155976142594,45637,6714,0.1471174704735193,51459
00470031,compression,blind_sub,1.4367155976142594,47066,6558,0.1393362512216887,47259
00470031,compression,mech_sub,1.4367155976142594,53020,5914,0.11154281403244058,56038
00470031,bending,grefem,1.4367155976142594,19765,2923,0.14788768024285354,26913
00470031,bending,blind_sub,1.4367155976142594,22867,4782,0.20912231600122447,28818
00470031,bending,mech_sub,1.4367155976142594,22606,4905,0.21697779350614882,29261
00470031,torsion,grefem,1.4367155976142594,19056,10283,0.539620067170445,26269
00470031,torsion,blind_sub,1.4367155976142594,22965,10720,0.4667973002394949,28709
00470031,torsion,mech_sub,1.4367155976142594,21551,10810,0.5016008537886874,27899
00470072,compression,grefem,5.439733020878516,31262,29995,0.9594715629198388,38017
00470072,compression,blind_sub,5.439733020878516,28955,27716,0.9572094629597652,35721
00470072,compression,mech_sub,5.439733020878516,27639,26692,0.9657368211585079,34962
00470031,bending_compression,grefem,1.4367155976142594,34727,5447,0.15685201716243846,40674
00470031,bending_compression,blind_sub,1.4367155976142594,40014,8223,0.20550307392412656,41130
00470031,bending_compression,mech_sub,1.4367155976142594,40309,8209,0.20365178992284602,44236
00470072,bending,grefem,5.439733020878516,31262,28386,0.9080033267225386,38017
00470072,bending,blind_sub,5.439733020878516,28955,26179,0.9041270937661889,35721
00470072,bending,mech_sub,5.439733020878516,23604,22909,0.9705558379935604,27869
00470072,bending_compression,grefem,5.439733020878516,31262,15418,0.4931866163393257,38017
00470072,bending_compression,blind_sub,5.439733020878516,28955,14059,0.48554653773096185,35721
00470072,bending_compression,mech_sub,5.439733020878516,24236,17970,0.7414589866314574,28545
00470072,torsion,grefem,5.439733020878516,31262,23940,0.7657859381997313,38017
00470072,torsion,blind_sub,5.439733020878516,28955,22274,0.7692626489380072,35721
00470072,torsion,mech_sub,5.439733020878516,23974,11165,0.4657128555935597,28369
00470031,torsion_compression,grefem,1.4367155976142594,46456,3885,0.08362751851214052,52242
00470031,torsion_compression,blind_sub,1.4367155976142594,49256,8458,0.17171512100048725,49475
00470031,torsion_compression,mech_sub,1.4367155976142594,52985,8094,0.1527602151552326,56309
00470088,torsion,grefem,2.6732144969190124,93286,44195,0.4737581201895247,96860
00470088,torsion,blind_sub,2.6732144969190124,92918,41625,0.4479756344303579,96522
00470088,torsion,mech_sub,2.6732144969190124,62798,47755,0.7604541545909106,68497
00480056,bending,grefem,6.451799872641506,842,475,0.5641330166270784,4721
00480056,bending,blind_sub,6.451799872641506,1130,666,0.5893805309734513,5056
00480056,bending,mech_sub,6.451799872641506,504,445,0.8829365079365079,4299
00470072,torsion_compression,grefem,5.439733020878516,31262,15780,0.5047661697908004,38017
00470072,torsion_compression,blind_sub,5.439733020878516,28955,14414,0.49780694180625107,35721
00470072,torsion_compression,mech_sub,5.439733020878516,25581,17590,0.6876197177592744,31607
00470088,torsion_compression,grefem,2.6732144969190124,98290,18499,0.188208363007427,101859
00470088,torsion_compression,blind_sub,2.6732144969190124,92918,17790,0.19145913601239803,96522
00470088,torsion_compression,mech_sub,2.6732144969190124,95812,14799,0.15445873168287896,99638
00470088,bending,grefem,2.6732144969190124,87739,21832,0.24882891302613433,91296
00470088,bending,blind_sub,2.6732144969190124,92918,21868,0.23534729546481845,96522
00470088,bending,mech_sub,2.6732144969190124,69554,28201,0.4054547545791759,75152
00480056,torsion,grefem,6.451799872641506,299,64,0.2140468227424749,3983
00480056,torsion,blind_sub,6.451799872641506,154,151,0.9805194805194806,3867
00480056,torsion,mech_sub,6.451799872641506,536,520,0.9701492537313433,4272
00480056,compression,grefem,6.451799872641506,1132,947,0.8365724381625441,5172
00480056,compression,blind_sub,6.451799872641506,1463,1140,0.7792207792207793,5411
00480056,compression,mech_sub,6.451799872641506,898,751,0.8363028953229399,4782
00490039,bending,grefem,5.994764706604132,142457,21225,0.1489923275093537,145774
00490039,bending,blind_sub,5.994764706604132,138771,22613,0.16295191358425032,141213
00490039,bending,mech_sub,5.994764706604132,128105,22798,0.17796338940712697,133382
00480056,bending_compression,grefem,6.451799872641506,299,74,0.24749163879598662,3983
00480056,bending_compression,blind_sub,6.451799872641506,176,84,0.4772727272727273,3853
00480056,bending_compression,mech_sub,6.451799872641506,142,119,0.8380281690140845,3816
00490039,compression,grefem,5.994764706604132,149093,32826,0.22017130247563602,152206
00490039,compression,blind_sub,5.994764706604132,163590,35630,0.21780059905862217,165904
00490039,compression,mech_sub,5.994764706604132,152618,36229,0.23738353274187843,156326
00470088,compression,grefem,2.6732144969190124,98252,32797,0.3338049098237186,101789
00470088,compression,blind_sub,2.6732144969190124,92918,30876,0.3322929895176392,96522
00470088,compression,mech_sub,2.6732144969190124,93141,34469,0.3700733296829538,96736
00480056,torsion_compression,grefem,6.451799872641506,299,26,0.08695652173913043,3983
00480056,torsion_compression,blind_sub,6.451799872641506,166,162,0.9759036144578314,3896
00480056,torsion_compression,mech_sub,6.451799872641506,638,0,0.0,4371
00490039,bending_compression,grefem,5.994764706604132,165172,54013,0.3270106313418739,167837
00490039,bending_compression,blind_sub,5.994764706604132,163590,62220,0.38034109664404914,165904
00490039,bending_compression,mech_sub,5.994764706604132,156020,51834,0.33222663761056276,161086
00490039,torsion,grefem,5.994764706604132,162008,30656,0.18922522344575576,164655
00490039,torsion,blind_sub,5.994764706604132,163590,35086,0.21447521242129713,165904
00490039,torsion,mech_sub,5.994764706604132,154217,44580,0.2890731890777281,158918
00490039,torsion_compression,grefem,5.994764706604132,157858,19977,0.12655044406998694,160599
00490039,torsion_compression,blind_sub,5.994764706604132,163590,24159,0.1476801760498808,165904
00490039,torsion_compression,mech_sub,5.994764706604132,144194,10779,0.07475345714800893,148917
00490066,compression,grefem,2.642670352697967,35436,13207,0.37270007901569024,42310
00490066,compression,blind_sub,2.642670352697967,36507,12206,0.33434683759279044,41659
00490066,compression,mech_sub,2.642670352697967,26418,9749,0.36902869255810433,34285
00470088,bending_compression,grefem,2.6732144969190124,87739,23337,0.2659820604292276,91296
00470088,bending_compression,blind_sub,2.6732144969190124,92918,26966,0.2902128758690458,96522
00470088,bending_compression,mech_sub,2.6732144969190124,77360,19831,0.256346949327818,81964
00490066,torsion,grefem,2.642670352697967,32323,7413,0.2293413358908517,39516
00490066,torsion,blind_sub,2.642670352697967,33330,7946,0.2384038403840384,38669
00490066,torsion,mech_sub,2.642670352697967,32902,12032,0.3656920551942131,40451
00490066,torsion_compression,grefem,2.642670352697967,35446,7656,0.21599052079219094,42292
00490066,torsion_compression,blind_sub,2.642670352697967,36247,6535,0.1802907826854636,41491
00490066,torsion_compression,mech_sub,2.642670352697967,36928,11136,0.30155979202772965,44147
00490066,bending,grefem,2.642670352697967,36594,8263,0.22580204405093732,43350
00490066,bending,blind_sub,2.642670352697967,38086,8544,0.22433440109226488,43202
00490066,bending,mech_sub,2.642670352697967,40711,10137,0.24899904202795314,47737
00510024,compression,grefem,10.505350163790734,236100,44364,0.18790343074968233,238666
00510024,compression,blind_sub,10.505350163790734,249830,44724,0.1790177320577993,251980
00510024,compression,mech_sub,10.505350163790734,226840,74926,0.33030329747839887,232033
00520006,compression,grefem,3.4868671952757344,60462,25525,0.42216598855479476,66295
00520006,compression,blind_sub,3.4868671952757344,59114,16944,0.2866326081808032,64049
00520006,compression,mech_sub,3.4868671952757344,63017,21305,0.3380833743275624,68390
00510024,bending,grefem,10.505350163790734,236100,42189,0.1786912325285896,238666
00510024,bending,blind_sub,10.505350163790734,248682,42372,0.17038627644944146,250826
00510024,bending,mech_sub,10.505350163790734,208681,93461,0.4478654022167806,215116
00490066,bending_compression,grefem,2.642670352697967,36594,18349,0.5014209979778106,43350
00490066,bending_compression,blind_sub,2.642670352697967,37906,14162,0.3736083997256371,43088
00490066,bending_compression,mech_sub,2.642670352697967,37916,15986,0.4216162042409537,44815
00510024,torsion_compression,grefem,10.505350163790734,236100,37210,0.1576027107157984,238666
00510024,torsion_compression,blind_sub,10.505350163790734,248815,37896,0.15230593010871532,250988
00510024,torsion_compression,mech_sub,10.505350163790734,212308,27773,0.13081466548599205,217439
00520006,bending,grefem,3.4868671952757344,49692,19640,0.3952346454157611,55901
00520006,bending,blind_sub,3.4868671952757344,49127,12544,0.25533820506035376,54366
00520006,bending,mech_sub,3.4868671952757344,51881,16333,0.31481659952583796,58092
00490052,compression,grefem,1.8971462712930376,4546,2137,0.4700835899692037,8736
00490052,compression,blind_sub,1.8971462712930376,826,202,0.24455205811138014,9314
00490052,compression,mech_sub,1.8971462712930376,3876,373,0.09623323013415892,9331
00490052,bending_compression,grefem,1.8971462712930376,6275,4752,0.7572908366533865,10711
00490052,bending_compression,blind_sub,1.8971462712930376,1377,279,0.20261437908496732,10740
00490052,bending_compression,mech_sub,1.8971462712930376,6229,193,0.03098410659816985,11027
00520006,torsion,grefem,3.4868671952757344,70757,23583,0.3332956456605,76169
00520006,torsion,blind_sub,3.4868671952757344,71257,18749,0.2631180094587198,75910
00520006,torsion,mech_sub,3.4868671952757344,66554,13429,0.2017760014424377,74195
00510024,torsion,grefem,10.505350163790734,236100,68920,0.2919102075391783,238666
00510024,torsion,blind_sub,10.505350163790734,250468,70757,0.2824991615695418,252596
00510024,torsion,mech_sub,10.505350163790734,220766,108094,0.4896315555837403,226726
00490052,bending,grefem,1.8971462712930376,1134,952,0.8395061728395061,5360
00490052,bending,blind_sub,1.8971462712930376,1092,108,0.0989010989010989,5842
00490052,bending,mech_sub,1.8971462712930376,862,57,0.06612529002320186,6081
00490052,torsion,grefem,1.8971462712930376,6275,3897,0.6210358565737052,10711
00490052,torsion,blind_sub,1.8971462712930376,1377,369,0.2679738562091503,10740
00490052,torsion,mech_sub,1.8971462712930376,5790,1058,0.18272884283246976,11626
00490052,torsion_compression,grefem,1.8971462712930376,16292,8912,0.5470169408298552,21757
00490052,torsion_compression,blind_sub,1.8971462712930376,15109,3967,0.262558739823946,21757
00490052,torsion_compression,mech_sub,1.8971462712930376,17712,698,0.03940831074977416,22538
00510024,bending_compression,grefem,10.505350163790734,236100,46459,0.19677678949597627,238666
00510024,bending_compression,blind_sub,10.505350163790734,249323,52136,0.2091102706128195,251487
00510024,bending_compression,mech_sub,10.505350163790734,223533,28419,0.127135590718149,228876
00520006,bending_compression,grefem,3.4868671952757344,61736,32521,0.526775301282882,67556
00520006,bending_compression,blind_sub,3.4868671952757344,61348,30225,0.49268109799830473,66218
00520006,bending_compression,mech_sub,3.4868671952757344,68251,35064,0.5137507142752488,73916
00520006,torsion_compression,grefem,3.4868671952757344,86666,39922,0.46064200493849955,91305
00520006,torsion_compression,blind_sub,3.4868671952757344,87508,36642,0.41872743063491336,91737
00520006,torsion_compression,mech_sub,3.4868671952757344,81719,31871,0.3900072198631897,87990
00520020,compression,grefem,2.596683188316929,14326,5376,0.3752617618316348,23738
00520020,compression,blind_sub,2.596683188316929,14020,4645,0.3313124108416548,24895
00520020,compression,mech_sub,2.596683188316929,14232,4776,0.33558178752107926,25068
00520020,bending,grefem,2.596683188316929,162696,15114,0.09289718247529134,163752
00520020,bending,blind_sub,2.596683188316929,163749,11813,0.07214089857037295,164658
00520020,bending,mech_sub,2.596683188316929,145357,24557,0.1689426721795304,150766
00520020,torsion,grefem,2.596683188316929,84436,30025,0.35559477000331613,89196
00520020,torsion,blind_sub,2.596683188316929,90662,25426,0.28044825836623943,92380
00520020,torsion,mech_sub,2.596683188316929,80885,16176,0.1999876367682512,87515
00520092,torsion,grefem,6.492836220532536,125747,80890,0.643275783915322,130712
00520092,torsion,blind_sub,6.492836220532536,115717,78394,0.6774631212354278,120771
00520092,torsion,mech_sub,6.492836220532536,118691,84678,0.7134323579715396,124020
00520092,bending,grefem,6.492836220532536,126545,50566,0.3995890789837607,131486
00520092,bending,blind_sub,6.492836220532536,114232,48443,0.4240755655157924,119337
00520092,bending,mech_sub,6.492836220532536,118636,62909,0.5302690582959642,123918
00520020,bending_compression,grefem,2.596683188316929,33689,12329,0.3659651518299742,41893
00520020,bending_compression,blind_sub,2.596683188316929,37139,12549,0.3378927811734295,43285
00520020,bending_compression,mech_sub,2.596683188316929,35598,16206,0.45525029496039104,43605
00520092,bending_compression,grefem,6.492836220532536,125439,70623,0.5630067203979624,130388
00520092,bending_compression,blind_sub,6.492836220532536,114973,66459,0.5780400615796752,119981
00520092,bending_compression,mech_sub,6.492836220532536,116866,75897,0.6494361063097907,122114
00520092,compression,grefem,6.492836220532536,103208,70080,0.6790171304550034,108416
00520092,compression,blind_sub,6.492836220532536,104690,67600,0.645715923201834,109735
00520092,compression,mech_sub,6.492836220532536,98749,68184,0.690477878256995,104030
00520092,torsion_compression,grefem,6.492836220532536,114248,50849,0.44507562495623554,119309
00520092,torsion_compression,blind_sub,6.492836220532536,114769,49388,0.43032526204811405,119790
00520092,torsion_compression,mech_sub,6.492836220532536,103245,49418,0.4786478764104799,108520
00540016,bending,grefem,3.788804258835573,138924,47870,0.3445768909619648,141811
00540016,bending,blind_sub,3.788804258835573,126825,38459,0.30324462842499506,127975
00540016,bending,mech_sub,3.788804258835573,131600,56186,0.4269452887537994,136964
00520020,torsion_compression,grefem,2.596683188316929,178553,46074,0.2580410298342789,179156
00520020,torsion_compression,blind_sub,2.596683188316929,163749,40991,0.2503282462793666,164658
00520020,torsion_compression,mech_sub,2.596683188316929,172174,41196,0.2392695761264767,174808
00540016,compression,grefem,3.788804258835573,151878,38903,0.25614638064762507,153934
00540016,compression,blind_sub,3.788804258835573,141133,34722,0.24602325466049754,142216
00540016,compression,mech_sub,3.788804258835573,141397,52532,0.3715213194056451,147512
00540016,torsion,grefem,3.788804258835573,143324,41430,0.2890653344868968,145631
00540016,torsion,blind_sub,3.788804258835573,133880,42213,0.3153047505228563,135025
00540016,torsion,mech_sub,3.788804258835573,132176,60031,0.45417473671468345,136619
00540016,torsion_compression,grefem,3.788804258835573,158813,35006,0.22042276136084576,160891
00540016,torsion_compression,blind_sub,3.788804258835573,148504,28513,0.19200156224748155,149522
00540016,torsion_compression,mech_sub,3.788804258835573,150270,27124,0.18050176349238037,156546
00560053,bending,grefem,3.275201738199625,8151,404,0.049564470617102195,15813
00560053,bending,blind_sub,3.275201738199625,3136,35,0.011160714285714286,15978
00560053,bending,mech_sub,3.275201738199625,6318,6,0.000949667616334283,16492
00550079,compression,grefem,8.418738659965504,291844,134182,0.45977302942668,293274
00550079,compression,blind_sub,8.418738659965504,294862,134123,0.4548670225393574,296263
00550079,compression,mech_sub,8.418738659965504,301871,140920,0.4668219206217225,304264
00540016,bending_compression,grefem,3.788804258835573,147732,23763,0.1608520835025587,149913
00540016,bending_compression,blind_sub,3.788804258835573,146092,21486,0.14707170823864416,147389
00540016,bending_compression,mech_sub,3.788804258835573,130682,17977,0.13756293904286743,136311
00560053,torsion_compression,grefem,3.275201738199625,14311,1797,0.1255677450911886,22205
00560053,torsion_compression,blind_sub,3.275201738199625,9867,1041,0.10550319245971419,21648
00560053,torsion_compression,mech_sub,3.275201738199625,12841,1228,0.09563118137216728,23122
00570051,compression,grefem,1.0121456718648854,6285,3378,0.5374701670644392,11784
00570051,compression,blind_sub,1.0121456718648854,3485,466,0.13371592539454807,8710
00570051,compression,mech_sub,1.0121456718648854,5055,1597,0.3159248269040554,10507
00550079,bending,grefem,8.418738659965504,263524,126076,0.47842321761964757,265965
00550079,bending,blind_sub,8.418738659965504,255311,121428,0.4756081798277395,256726
00550079,bending,mech_sub,8.418738659965504,275715,131790,0.4779935803275121,279039
00560053,bending_compression,grefem,3.275201738199625,30113,2762,0.09172118354199182,37731
00560053,bending_compression,blind_sub,3.275201738199625,29841,2744,0.09195402298850575,35950
00560053,bending_compression,mech_sub,3.275201738199625,23934,1418,0.05924626054984541,34067
00550079,bending_compression,grefem,8.418738659965504,302228,122853,0.40649112590494596,303430
00550079,bending_compression,blind_sub,8.418738659965504,297976,117808,0.39536070019061936,299332
00550079,bending_compression,mech_sub,8.418738659965504,313209,117808,0.37613223119386735,316217
00550079,torsion,grefem,8.418738659965504,303538,138811,0.45731012262056153,304694
00550079,torsion,blind_sub,8.418738659965504,297968,142332,0.477675455082425,299287
00550079,torsion,mech_sub,8.418738659965504,312154,156480,0.5012910294277825,315428
00610020,compression,grefem,0.5170264603223771,27245,5288,0.19409065883648377,30841
00610020,compression,blind_sub,0.5170264603223771,30334,5849,0.19281993802334016,33306
00610020,compression,mech_sub,0.5170264603223771,28933,4486,0.15504786921508312,32632
00610020,torsion,grefem,0.5170264603223771,38493,12542,0.325825474761645,41513
00610020,torsion,blind_sub,0.5170264603223771,42708,12671,0.29668914489088694,44410
00610020,torsion,mech_sub,0.5170264603223771,35798,13985,0.39066428292083355,39317
00610020,torsion_compression,grefem,0.5170264603223771,38625,12802,0.33144336569579286,41442
00610020,torsion_compression,blind_sub,0.5170264603223771,42089,9482,0.22528451614436076,43873
00610020,torsion_compression,mech_sub,0.5170264603223771,34521,5262,0.15242895628747719,38313
00560053,compression,grefem,3.275201738199625,12309,376,0.03054675440734422,20256
00560053,compression,blind_sub,3.275201738199625,6695,105,0.01568334578043316,19252
00560053,compression,mech_sub,3.275201738199625,12052,447,0.03708927978758712,21780
00570051,torsion_compression,grefem,1.0121456718648854,6285,3238,0.515194908512331,11784
00570051,torsion_compression,blind_sub,1.0121456718648854,3485,1402,0.40229555236728837,8710
00570051,torsion_compression,mech_sub,1.0121456718648854,7389,2407,0.32575449993233185,12614
00610020,bending,grefem,0.5170264603223771,50876,11935,0.23458998348926802,53408
00610020,bending,blind_sub,0.5170264603223771,45415,7444,0.16391060222393483,48254
00610020,bending,mech_sub,0.5170264603223771,41434,5989,0.1445431288313945,45049
00610020,bending_compression,grefem,0.5170264603223771,94584,14999,0.15857861794806732,95667
00610020,bending_compression,blind_sub,0.5170264603223771,92341,20516,0.2221764979803121,92703
00610020,bending_compression,mech_sub,0.5170264603223771,92009,11930,0.12966122879283548,95545
00560053,torsion,grefem,3.275201738199625,43675,3,6.868918145392101e-05,50275
00560053,torsion,blind_sub,3.275201738199625,48852,1019,0.02085892082207484,52286
00560053,torsion,mech_sub,3.275201738199625,43115,785,0.018207120491708223,50050
00570051,torsion,grefem,1.0121456718648854,5850,3126,0.5343589743589744,11301
00570051,torsion,blind_sub,1.0121456718648854,3485,520,0.1492109038737446,8710
00570051,torsion,mech_sub,1.0121456718648854,7055,306,0.043373493975903614,12313
00550079,torsion_compression,grefem,8.418738659965504,302078,102162,0.3381974192096081,303265
00550079,torsion_compression,blind_sub,8.418738659965504,297844,101326,0.34019822457393806,299201
00550079,torsion_compression,mech_sub,8.418738659965504,313174,96180,0.3071136173500993,316279
00570051,bending,grefem,1.0121456718648854,6832,3416,0.5,12416
00570051,bending,blind_sub,1.0121456718648854,3485,375,0.10760401721664276,8710
00570051,bending,mech_sub,1.0121456718648854,6502,536,0.08243617348508152,11631
00570051,bending_compression,grefem,1.0121456718648854,5823,3331,0.5720419027992444,11369
00570051,bending_compression,blind_sub,1.0121456718648854,3485,1884,0.5406025824964132,8710
00570051,bending_compression,mech_sub,1.0121456718648854,5254,2508,0.47735059002664637,10473
00620020,torsion,grefem,4.213913429883131,75533,17588,0.23285186607178318,80794
00620020,torsion,blind_sub,4.213913429883131,74723,23548,0.3151372402071651,80283
00620020,torsion,mech_sub,4.213913429883131,54808,7005,0.12780980878703838,62756
00620020,torsion_compression,grefem,4.213913429883131,75533,37165,0.4920365932771107,80794
00620020,torsion_compression,blind_sub,4.213913429883131,74723,38508,0.5153433347162185,80283
00620020,torsion_compression,mech_sub,4.213913429883131,57481,40735,0.7086689514796194,65804
00620020,bending,grefem,4.213913429883131,44032,9191,0.2087345566860465,50100
00620020,bending,blind_sub,4.213913429883131,42697,12912,0.3024100053867953,48614
00620020,bending,mech_sub,4.213913429883131,39645,16246,0.40978685836801615,46838
00620020,bending_compression,grefem,4.213913429883131,62026,34467,0.5556863250894786,68184
00620020,bending_compression,blind_sub,4.213913429883131,61043,33255,0.5447799092443032,66795
00620020,bending_compression,mech_sub,4.213913429883131,54893,40411,0.7361776547100723,62030
00610091,bending_compression,grefem,1.185409308430168,42003,13587,0.3234768945075352,46291
00610091,bending_compression,blind_sub,1.185409308430168,37937,15765,0.41555737143158394,42691
00610091,bending_compression,mech_sub,1.185409308430168,38136,12280,0.32200545416404447,42769
00610091,bending,grefem,1.185409308430168,47900,9127,0.19054279749478079,52216
00610091,bending,blind_sub,1.185409308430168,44326,12033,0.27146595677480484,49181
00610091,bending,mech_sub,1.185409308430168,39228,17949,0.45755582747017437,43821
00620020,compression,grefem,4.213913429883131,47346,7667,0.16193553837705402,53545
00620020,compression,blind_sub,4.213913429883131,46461,17752,0.38208389832332496,52225
00620020,compression,mech_sub,4.213913429883131,44023,14587,0.3313495218408559,51228
00610091,torsion_compression,grefem,1.185409308430168,42067,12188,0.2897282905840683,46353
00610091,torsion_compression,blind_sub,1.185409308430168,38028,13885,0.365125696854949,42773
00610091,torsion_compression,mech_sub,1.185409308430168,40388,10468,0.25918589680103,44920
00610091,torsion,grefem,1.185409308430168,34940,8135,0.23282770463651975,39261
00610091,torsion,blind_sub,1.185409308430168,31852,9620,0.30202185106115786,36661
00610091,torsion,mech_sub,1.185409308430168,31382,17650,0.5624243196736983,35969
00610091,compression,grefem,1.185409308430168,50321,15502,0.3080622404165259,54091
00610091,compression,blind_sub,1.185409308430168,45850,23210,0.506215921483097,50683
00610091,compression,mech_sub,1.185409308430168,46323,28490,0.6150292511279494,50848
00620093,compression,grefem,2.122033841268209,4436,156,0.0351668169522092,9487
00620093,compression,blind_sub,2.122033841268209,4430,30,0.006772009029345372,9319
00620093,compression,mech_sub,2.122033841268209,4359,33,0.007570543702684102,9325
00640029,compression,grefem,7.288128685645178,98030,26854,0.27393655003570333,104618
00640029,compression,blind_sub,7.288128685645178,95477,31101,0.32574337274945797,101714
00640029,compression,mech_sub,7.288128685645178,89161,28122,0.3154069604423459,95797
00640029,bending,grefem,7.288128685645178,39247,16902,0.43065712028944886,48048
00640029,bending,blind_sub,7.288128685645178,41556,11672,0.28087400134757917,48705
00640029,bending,mech_sub,7.288128685645178,34491,26614,0.7716215824417965,43697
00640029,torsion,grefem,7.288128685645178,107468,31739,0.29533442513120184,112501
00640029,torsion,blind_sub,7.288128685645178,104589,39741,0.37997303731749993,110664
00640029,torsion,mech_sub,7.288128685645178,82368,73665,0.894340034965035,90982
00640029,torsion_compression,grefem,7.288128685645178,37676,8440,0.22401528824716,46280
00640029,torsion_compression,blind_sub,7.288128685645178,33823,6021,0.1780149602341602,41797
00640029,torsion_compression,mech_sub,7.288128685645178,32827,10417,0.3173302464434764,41794
00620093,bending,grefem,2.122033841268209,7139,277,0.03880095251435775,12588
00620093,bending,blind_sub,2.122033841268209,7030,67,0.00953058321479374,11998
00620093,bending,mech_sub,2.122033841268209,6729,27,0.004012483281319661,11608
00640029,bending_compression,grefem,7.288128685645178,97407,16037,0.16463909164639093,103986
00640029,bending_compression,blind_sub,7.288128685645178,93728,20229,0.2158266473199044,99854
00640029,bending_compression,mech_sub,7.288128685645178,81241,34923,0.4298691547371401,89848
00640033,compression,grefem,7.288128685645178,17887,14479,0.8094705652149606,27513
00640033,compression,blind_sub,7.288128685645178,15767,6117,0.3879621995306653,27767
00640033,compression,mech_sub,7.288128685645178,16048,6958,0.4335742771684945,26609
00640033,torsion,grefem,7.288128685645178,37676,21752,0.5773436670559507,46280
00640033,torsion,blind_sub,7.288128685645178,39316,15608,0.3969885034082816,46754
00640033,torsion,mech_sub,7.288128685645178,32894,28647,0.8708883078980969,41865
00640033,bending,grefem,7.288128685645178,37676,16393,0.4351045758573097,46280
00640033,bending,blind_sub,7.288128685645178,39316,10965,0.27889408892054124,46754
00640033,bending,mech_sub,7.288128685645178,33099,25134,0.7593582887700535,42301
00640066,bending,grefem,2.82506280706541,37294,16212,0.4347079959242774,43736
00640066,bending,blind_sub,2.82506280706541,38490,17207,0.4470511821252273,44242
00640066,bending,mech_sub,2.82506280706541,36658,20235,0.5519941076981832,43003
00620093,torsion_compression,grefem,2.122033841268209,8981,1849,0.20587907805366887,14422
00620093,torsion_compression,blind_sub,2.122033841268209,7479,219,0.029281989570798236,12449
00620093,torsion_compression,mech_sub,2.122033841268209,8955,245,0.027359017308766054,13783
00640066,compression,grefem,2.82506280706541,37199,15302,0.41135514395548267,43640
00640066,compression,blind_sub,2.82506280706541,37471,14085,0.3758906887993382,43335
00640066,compression,mech_sub,2.82506280706541,35997,16928,0.47026141067311167,41908
00640033,torsion_compression,grefem,7.288128685645178,86908,10815,0.12444193860173977,93825
00640033,torsion_compression,blind_sub,7.288128685645178,82779,14595,0.1763128329648824,89152
00640033,torsion_compression,mech_sub,7.288128685645178,79991,26150,0.3269117775749772,88558
00640066,torsion,grefem,2.82506280706541,37199,13132,0.35302024247963654,43640
00640066,torsion,blind_sub,2.82506280706541,37394,13797,0.36896293523025087,43196
00640066,torsion,mech_sub,2.82506280706541,35774,19430,0.5431318834908033,42038
00620093,bending_compression,grefem,2.122033841268209,11074,4545,0.4104208054903377,16280
00620093,bending_compression,blind_sub,2.122033841268209,8319,4378,0.526265176102897,13175
00620093,bending_compression,mech_sub,2.122033841268209,10004,5178,0.5175929628148741,14849
00640066,bending_compression,grefem,2.82506280706541,27324,16038,0.5869565217391305,33952
00640066,bending_compression,blind_sub,2.82506280706541,27115,14677,0.5412871104554674,33284
00640066,bending_compression,mech_sub,2.82506280706541,27924,14909,0.5339134794442058,34102
00650065,bending,grefem,0.9343582102179756,2818,373,0.13236337828246983,5685
00650065,bending,blind_sub,0.9343582102179756,1915,1040,0.5430809399477807,6225
00650065,bending,mech_sub,0.9343582102179756,2895,148,0.051122625215889464,5791
00650065,compression,grefem,0.9343582102179756,2818,2677,0.9499645138396026,5685
00650065,compression,blind_sub,0.9343582102179756,2127,1338,0.6290550070521862,6415
00650065,compression,mech_sub,0.9343582102179756,3159,2776,0.8787591009813231,6112
00640066,torsion_compression,grefem,2.82506280706541,37231,19984,0.536757003572292,43666
00640066,torsion_compression,blind_sub,2.82506280706541,37155,17360,0.467231866505181,43035
00640066,torsion_compression,mech_sub,2.82506280706541,35823,16058,0.4482594980878207,42118
00650065,torsion,grefem,0.9343582102179756,8931,1480,0.16571492554025305,13861
00650065,torsion,blind_sub,0.9343582102179756,9999,4137,0.41374137413741374,13734
00650065,torsion,mech_sub,0.9343582102179756,10182,975,0.09575721862109605,13160
00650065,bending_compression,grefem,0.9343582102179756,28066,8410,0.2996508230599302,31678
00650065,bending_compression,blind_sub,0.9343582102179756,28644,16018,0.5592096075967044,32238
00650065,bending_compression,mech_sub,0.9343582102179756,14095,14043,0.9963107484923732,17057
00640033,bending_compression,grefem,7.288128685645178,37676,10090,0.2678097462575645,46280
00640033,bending_compression,blind_sub,7.288128685645178,39316,8628,0.21945264014650523,46754
00640033,bending_compression,mech_sub,7.288128685645178,36209,12238,0.3379822696014803,45188
00620093,torsion,grefem,2.122033841268209,9730,1341,0.13782117163412128,15054
00620093,torsion,blind_sub,2.122033841268209,7294,44,0.006032355360570332,12262
00620093,torsion,mech_sub,2.122033841268209,9671,24,0.0024816461586185503,14461
00660049,torsion,grefem,0.6960899615251989,18906,15107,0.7990584999471068,22807
00660049,torsion,blind_sub,0.6960899615251989,18844,15053,0.7988219061770325,22610
00660049,torsion,mech_sub,0.6960899615251989,16998,14761,0.8683962819155194,20941
00660027,torsion,grefem,3.949233692342849,64664,16279,0.2517474947420512,70975
00660027,torsion,blind_sub,3.949233692342849,70766,19214,0.27151456914337396,72557
00660027,torsion,mech_sub,3.949233692342849,65550,13816,0.21077040427154844,72455
00660049,bending_compression,grefem,0.6960899615251989,22636,8876,0.3921187488955646,26306
00660049,bending_compression,blind_sub,0.6960899615251989,22024,9286,0.42163094805666546,25755
00660049,bending_compression,mech_sub,0.6960899615251989,19660,12033,0.6120549338758902,23706
00660027,bending,grefem,3.949233692342849,64664,5947,0.09196771000866015,70975
00660027,bending,blind_sub,3.949233692342849,70766,3884,0.05488511432043637,72557
00660027,bending,mech_sub,3.949233692342849,70083,8997,0.12837635375197978,75868
00650065,torsion_compression,grefem,0.9343582102179756,28066,8655,0.30838024656167606,31678
00650065,torsion_compression,blind_sub,0.9343582102179756,28644,16316,0.5696131825164084,32238
00650065,torsion_compression,mech_sub,0.9343582102179756,17119,17024,0.9944506104328524,20045
00650030,torsion_compression,grefem,1.6327489940892983,131896,18396,0.13947352459513557,133050
00650030,torsion_compression,blind_sub,1.6327489940892983,128748,14238,0.11058812564078666,129953
00650030,torsion_compression,mech_sub,1.6327489940892983,124458,17220,0.13835992865062913,129876
00660049,bending,grefem,0.6960899615251989,4376,2870,0.6558500914076782,8453
00660049,bending,blind_sub,0.6960899615251989,2990,1440,0.4816053511705686,7602
00660049,bending,mech_sub,0.6960899615251989,4941,2983,0.6037239425217568,9147
00650030,bending,grefem,1.6327489940892983,63551,27485,0.43248729366965116,68708
00650030,bending,blind_sub,1.6327489940892983,63379,13409,0.21156850060745672,64625
00650030,bending,mech_sub,1.6327489940892983,57287,17792,0.31057657060065985,62414
00660027,compression,grefem,3.949233692342849,65729,8308,0.12639778484382844,72054
00660027,compression,blind_sub,3.949233692342849,72403,5500,0.0759637031614712,74214
00660027,compression,mech_sub,3.949233692342849,68700,13802,0.20090247452692866,75035
00660049,compression,grefem,0.6960899615251989,18213,7693,0.4223906001207928,22039
00660049,compression,blind_sub,0.6960899615251989,18340,10016,0.5461286804798255,22112
00660049,compression,mech_sub,0.6960899615251989,17547,9229,0.5259588533652476,21302
00660049,torsion_compression,grefem,0.6960899615251989,22303,6680,0.29951127650988657,26119
00660049,torsion_compression,blind_sub,0.6960899615251989,22024,6304,0.286233200145296,25755
00660049,torsion_compression,mech_sub,0.6960899615251989,19824,10031,0.506002824858757,23845
00650030,compression,grefem,1.6327489940892983,145404,41232,0.2835685400676735,146201
00650030,compression,blind_sub,1.6327489940892983,149622,34832,0.23279998930638543,150856
00650030,compression,mech_sub,1.6327489940892983,135770,44447,0.32736981660160563,141356
00650089,compression,grefem,2.0930043966827223,38972,15915,0.40837011187519245,43551
00650089,compression,blind_sub,2.0930043966827223,37954,16317,0.4299151604573958,42639
00650089,compression,mech_sub,2.0930043966827223,37989,16272,0.4283345178867567,42611
00660027,torsion_compression,grefem,3.949233692342849,64664,5700,0.0881479648645305,70975
00660027,torsion_compression,blind_sub,3.949233692342849,70766,7890,0.11149422038832207,72557
00660027,torsion_compression,mech_sub,3.949233692342849,64623,9765,0.15110719093821084,71677
00660027,bending_compression,grefem,3.949233692342849,66783,7116,0.10655406315978617,73010
00660027,bending_compression,blind_sub,3.949233692342849,71494,8284,0.11586986320530394,73122
00660027,bending_compression,mech_sub,3.949233692342849,69731,12944,0.18562762616339934,75628
00650089,bending_compression,grefem,2.0930043966827223,38972,14012,0.3595401826952684,43551
00650089,bending_compression,blind_sub,2.0930043966827223,37954,14428,0.3801443853085314,42639
00650089,bending_compression,mech_sub,2.0930043966827223,38139,19822,0.5197304596344948,42895
00650089,bending,grefem,2.0930043966827223,36324,12561,0.3458044268252395,40935
00650089,bending,blind_sub,2.0930043966827223,37954,15313,0.4034620856826685,42639
00650089,bending,mech_sub,2.0930043966827223,32585,18408,0.5649225103575265,37381
00650089,torsion,grefem,2.0930043966827223,36324,13527,0.372398414271556,40935
00650089,torsion,blind_sub,2.0930043966827223,37954,16480,0.4342098329556832,42639
00650089,torsion,mech_sub,2.0930043966827223,33673,19423,0.576812282837882,38182
00650089,torsion_compression,grefem,2.0930043966827223,38972,8975,0.23029354408293135,43551
00650089,torsion_compression,blind_sub,2.0930043966827223,37954,9309,0.24527059071507615,42639
00650089,torsion_compression,mech_sub,2.0930043966827223,37517,16320,0.4350027987312418,42034
00650030,torsion,grefem,1.6327489940892983,78578,17245,0.21946346305581715,82895
00650030,torsion,blind_sub,1.6327489940892983,74283,9785,0.13172596691032942,75585
00650030,torsion,mech_sub,1.6327489940892983,75648,12381,0.16366592639593908,80390
00650030,bending_compression,grefem,1.6327489940892983,118267,37631,0.3181868145805677,120204
00650030,bending_compression,blind_sub,1.6327489940892983,114213,27572,0.24140859621934455,115417
00650030,bending_compression,mech_sub,1.6327489940892983,110760,31780,0.286926688335139,116137
00670070,compression,grefem,1.0197117212825146,58746,9685,0.16486228849623805,61997
00670070,compression,blind_sub,1.0197117212825146,64368,16381,0.2544898086005469,66219
00670070,compression,mech_sub,1.0197117212825146,61079,20296,0.33229096743561615,64732
00660050,compression,grefem,1.718260445249221,111724,38483,0.34444703018151873,113272
00660050,compression,blind_sub,1.718260445249221,113755,42518,0.3737681860138016,116271
00660050,compression,mech_sub,1.718260445249221,112551,49679,0.4413910138514984,115934
00670070,bending,grefem,1.0197117212825146,69499,4507,0.06484985395473317,72246
00670070,bending,blind_sub,1.0197117212825146,68346,3347,0.04897141017762561,70006
00670070,bending,mech_sub,1.0197117212825146,69595,5488,0.07885623967239026,71880
00670070,torsion,grefem,1.0197117212825146,123930,15971,0.1288711369321391,124952
00670070,torsion,blind_sub,1.0197117212825146,122686,10639,0.08671731085861467,124212
00670070,torsion,mech_sub,1.0197117212825146,117212,18408,0.15704876633791762,119711
00670070,bending_compression,grefem,1.0197117212825146,86041,17596,0.20450715356632304,88233
00670070,bending_compression,blind_sub,1.0197117212825146,80151,24593,0.3068333520480094,81798
00670070,bending_compression,mech_sub,1.0197117212825146,81411,28470,0.3497070420459152,84305
00660050,bending,grefem,1.718260445249221,131051,25921,0.19779322553814926,132402
00660050,bending,blind_sub,1.718260445249221,116700,27109,0.23229648671808054,119194
00660050,bending,mech_sub,1.718260445249221,119048,50258,0.422165849069283,123585
00680060,compression,grefem,15.866566566102131,34272,1948,0.05683940242763772,48996
00680060,compression,blind_sub,15.866566566102131,37949,2916,0.07683996943265962,53135
00680060,compression,mech_sub,15.866566566102131,38275,2849,0.07443500979751796,52758
00670073,bending,grefem,2.252739518398781,159520,53197,0.33348169508525577,162447
00670073,bending,blind_sub,2.252739518398781,160123,54553,0.34069434122518316,163026
00670073,bending,mech_sub,2.252739518398781,150658,55248,0.3667113595029803,153545
00670073,bending_compression,grefem,2.252739518398781,159520,36190,0.22686810431293883,162447
00670073,bending_compression,blind_sub,2.252739518398781,160123,36184,0.2259762807341856,163026
00670073,bending_compression,mech_sub,2.252739518398781,149937,35865,0.23920046419496188,152860
00680060,bending_compression,grefem,15.866566566102131,27444,2643,0.09630520332313074,42115
00680060,bending_compression,blind_sub,15.866566566102131,29580,3994,0.1350236646382691,45584
00680060,bending_compression,mech_sub,15.866566566102131,30225,3863,0.127808105872622,45863
00670073,compression,grefem,2.252739518398781,159520,104909,0.6576542126379138,162447
00670073,compression,blind_sub,2.252739518398781,160123,105484,0.6587685716605359,163026
00670073,compression,mech_sub,2.252739518398781,161110,106235,0.6593942027186395,163989
00670073,torsion,grefem,2.252739518398781,158081,41626,0.26332070267774116,161011
00670073,torsion,blind_sub,2.252739518398781,159807,42549,0.2662524169779797,162698
00670073,torsion,mech_sub,2.252739518398781,158227,43516,0.27502259412110447,161147
00670070,torsion_compression,grefem,1.0197117212825146,111487,35965,0.3225936656291765,112891
00670070,torsion_compression,blind_sub,1.0197117212825146,102309,30315,0.2963082426765974,103735
00670070,torsion_compression,mech_sub,1.0197117212825146,112652,42048,0.37325569008983417,115450
00660050,torsion,grefem,1.718260445249221,122119,23298,0.19078112333052186,123564
00660050,torsion,blind_sub,1.718260445249221,114702,24005,0.20928144234625376,117179
00660050,torsion,mech_sub,1.718260445249221,111809,36406,0.3256088508080745,116178
00680060,bending,grefem,15.866566566102131,71895,16946,0.23570484734682523,86060
00680060,bending,blind_sub,15.866566566102131,64106,10757,0.16780020590896327,77757
00680060,bending,mech_sub,15.866566566102131,63649,6168,0.09690647142924476,77997
00660050,bending_compression,grefem,1.718260445249221,115510,42326,0.3664271491645745,117180
00660050,bending_compression,blind_sub,1.718260445249221,115158,49114,0.42649229753903334,117608
00660050,bending_compression,mech_sub,1.718260445249221,107746,51793,0.4806953390381081,112415
00660050,torsion_compression,grefem,1.718260445249221,129581,47874,0.3694523116814965,130935
00660050,torsion_compression,blind_sub,1.718260445249221,116784,50784,0.4348540896013153,119238
00660050,torsion_compression,mech_sub,1.718260445249221,117955,59086,0.5009198423127463,122091
00680060,torsion,grefem,15.866566566102131,3077,396,0.1286967825804355,13348
00680060,torsion,blind_sub,15.866566566102131,486,22,0.04526748971193416,14157
00680060,torsion,mech_sub,15.866566566102131,489,26,0.053169734151329244,14159
00670073,torsion_compression,grefem,2.252739518398781,158081,42720,0.27024120545796143,161011
00670073,torsion_compression,blind_sub,2.252739518398781,159565,43679,0.2737379751198571,162458
00670073,torsion_compression,mech_sub,2.252739518398781,158487,43599,0.27509511821158833,161405
00680060,torsion_compression,grefem,15.866566566102131,14061,3362,0.23910105966858688,27141
00680060,torsion_compression,blind_sub,15.866566566102131,5094,1022,0.2006281900274833,25804
00680060,torsion_compression,mech_sub,15.866566566102131,6578,1865,0.28352082699908787,26840
00710000,bending,grefem,4.345820151468958,191121,103824,0.5432370069223162,192545
00710000,bending,blind_sub,4.345820151468958,184058,99464,0.5403948755283661,184874
00710000,bending,mech_sub,4.345820151468958,194611,158947,0.8167421163243599,199641
00710000,compression,grefem,4.345820151468958,166504,123484,0.7416278287608706,168883
00710000,compression,blind_sub,4.345820151468958,157440,117901,0.7488630589430895,158344
00710000,compression,mech_sub,4.345820151468958,157557,119015,0.7553774189658345,158644
00700046,bending,grefem,1.7214259882965135,6265,4605,0.7350359138068635,10195
00700046,bending,blind_sub,1.7214259882965135,1624,251,0.1545566502463054,10397
00700046,bending,mech_sub,1.7214259882965135,3719,1352,0.3635385856413014,10610
00700046,compression,grefem,1.7214259882965135,6265,2584,0.4124501197126895,10195
00700046,compression,blind_sub,1.7214259882965135,2922,232,0.07939767282683094,10937
00700046,compression,mech_sub,1.7214259882965135,1992,183,0.09186746987951808,10392
00700046,torsion,grefem,1.7214259882965135,10015,7586,0.7574638042935596,15212
00700046,torsion,blind_sub,1.7214259882965135,8443,2608,0.3088949425559635,15671
00700046,torsion,mech_sub,1.7214259882965135,9872,4815,0.4877431118314425,15869
00710000,torsion,grefem,4.345820151468958,187104,137130,0.7329079014879425,188714
00710000,torsion,blind_sub,4.345820151468958,180335,131462,0.7289877173039067,181184
00710000,torsion,mech_sub,4.345820151468958,185218,161438,0.8716107505749981,189635
00710000,bending_compression,grefem,4.345820151468958,183531,66856,0.36427633478812843,185242
00710000,bending_compression,blind_sub,4.345820151468958,176706,62041,0.35109730286464524,177559
00710000,bending_compression,mech_sub,4.345820151468958,188471,65734,0.3487751431254676,191110
00700046,bending_compression,grefem,1.7214259882965135,22560,14225,0.630540780141844,27689
00700046,bending_compression,blind_sub,1.7214259882965135,24826,11217,0.45182469991138324,29848
00700046,bending_compression,mech_sub,1.7214259882965135,24248,11397,0.4700181458264599,29303
00700046,torsion_compression,grefem,1.7214259882965135,23216,16803,0.7237680909717437,28326
00700046,torsion_compression,blind_sub,1.7214259882965135,25562,10603,0.41479539942101556,30606
00700046,torsion_compression,mech_sub,1.7214259882965135,20374,7791,0.3823991361539217,26310
00710000,torsion_compression,grefem,4.345820151468958,195140,33487,0.1716050015373578,196441
00710000,torsion_compression,blind_sub,4.345820151468958,187756,32074,0.1708280960395407,188554
00710000,torsion_compression,mech_sub,4.345820151468958,188766,38572,0.20433764555057585,192800
00710003,compression,grefem,1.2898716302977535,93673,53389,0.5699507862457699,95958
00710003,compression,blind_sub,1.2898716302977535,87850,38275,0.435685828116107,89534
00710003,compression,mech_sub,1.2898716302977535,90279,46794,0.5183265211178679,94042
00710003,torsion_compression,grefem,1.2898716302977535,107099,17491,0.16331618409135473,108755
00710003,torsion_compression,blind_sub,1.2898716302977535,102572,22188,0.2163163436415396,104182
00710003,torsion_compression,mech_sub,1.2898716302977535,100897,29658,0.2939433283447476,104406
00720096,compression,grefem,2.4191716378616337,59841,20008,0.3343527013251784,64857
00720096,compression,blind_sub,2.4191716378616337,60006,24537,0.4089091090890911,64669
00720096,compression,mech_sub,2.4191716378616337,57900,21917,0.3785319516407599,63871
00720020,torsion,grefem,8.589090512945495,172949,34162,0.19752643842982615,176703
00720020,torsion,blind_sub,8.589090512945495,162307,42000,0.258768876265349,165030
00720020,torsion,mech_sub,8.589090512945495,176918,63821,0.36073774290914434,183298
00710003,torsion,grefem,1.2898716302977535,91579,48115,0.5253933762107034,93912
00710003,torsion,blind_sub,1.2898716302977535,85730,45845,0.5347602939461099,87437
00710003,torsion,mech_sub,1.2898716302977535,89334,30100,0.3369377840463877,92995
00710003,bending_compression,grefem,1.2898716302977535,100404,24067,0.23970160551372455,102361
00710003,bending_compression,blind_sub,1.2898716302977535,94954,23725,0.24985782589464373,96607
00710003,bending_compression,mech_sub,1.2898716302977535,95013,25371,0.26702661741024913,98479
00720020,bending,grefem,8.589090512945495,167023,26848,0.1607443286253989,170961
00720020,bending,blind_sub,8.589090512945495,156499,39792,0.2542636055182461,159332
00720020,bending,mech_sub,8.589090512945495,165493,61709,0.3728798196902588,172426
00720020,bending_compression,grefem,8.589090512945495,228091,51383,0.2252741230473802,230343
00720020,bending_compression,blind_sub,8.589090512945495,231701,56795,0.2451219459562108,234166
00720020,bending_compression,mech_sub,8.589090512945495,236898,69334,0.2926744843772425,243580
00720020,torsion_compression,grefem,8.589090512945495,193663,31242,0.1613214708023732,197150
00720020,torsion_compression,blind_sub,8.589090512945495,186067,44420,0.23873120972552897,188721
00720020,torsion_compression,mech_sub,8.589090512945495,205068,63422,0.30927302163184894,212076
00720020,compression,grefem,8.589090512945495,128406,21292,0.16581779667616778,134007
00720020,compression,blind_sub,8.589090512945495,135802,30256,0.22279495147346873,138758
00720020,compression,mech_sub,8.589090512945495,129450,56141,0.4336886828891464,137027
00710003,bending,grefem,1.2898716302977535,103020,50874,0.4938264414676762,104990
00710003,bending,blind_sub,1.2898716302977535,98174,44412,0.4523804673335099,99751
00710003,bending,mech_sub,1.2898716302977535,98510,45561,0.46250126890671,102123
00720006,bending_compression,grefem,1.7423271032291985,98406,23106,0.2348027559295165,100454
00720006,bending_compression,blind_sub,1.7423271032291985,108297,24208,0.22353343121231428,110295
00720006,bending_compression,mech_sub,1.7423271032291985,93008,31097,0.3343475830036126,97462
00720006,compression,grefem,1.7423271032291985,97768,30140,0.30828082808280827,99687
00720006,compression,blind_sub,1.7423271032291985,95427,24272,0.2543514938120239,97524
00720006,compression,mech_sub,1.7423271032291985,94395,34241,0.3627416706393347,98827
00720006,torsion_compression,grefem,1.7423271032291985,98674,22167,0.22464884366702476,100695
00720006,torsion_compression,blind_sub,1.7423271032291985,108297,23515,0.21713436198601993,110295
00720006,torsion_compression,mech_sub,1.7423271032291985,94401,30783,0.3260876473766168,98586
00720096,bending,grefem,2.4191716378616337,73152,16306,0.2229057305336833,77607
00720096,bending,blind_sub,2.4191716378616337,67486,17132,0.25386005986426813,72098
00720096,bending,mech_sub,2.4191716378616337,69596,11658,0.1675096269900569,75501
00720006,bending,grefem,1.7423271032291985,93971,9043,0.09623181619861447,96230
00720006,bending,blind_sub,1.7423271032291985,91932,8992,0.09781142583648784,94039
00720006,bending,mech_sub,1.7423271032291985,89383,3525,0.039437029412751866,93781
00720096,torsion,grefem,2.4191716378616337,64974,17471,0.2688921722535168,69813
00720096,torsion,blind_sub,2.4191716378616337,67486,23953,0.35493287496665976,72098
00720096,torsion,mech_sub,2.4191716378616337,60378,20219,0.3348736294676869,66393
00720096,torsion_compression,grefem,2.4191716378616337,65271,12084,0.1851358183573103,70136
00720096,torsion_compression,blind_sub,2.4191716378616337,67486,18465,0.2736123047743236,72098
00720096,torsion_compression,mech_sub,2.4191716378616337,61734,4974,0.08057148410924288,67789
00720096,bending_compression,grefem,2.4191716378616337,30988,6331,0.20430489221634182,37122
00720096,bending_compression,blind_sub,2.4191716378616337,31428,7719,0.2456090110729286,36340
00720096,bending_compression,mech_sub,2.4191716378616337,30407,944,0.031045482948005392,36449
00730017,compression,grefem,2.0601177023855,108182,61539,0.5688469431143813,111695
00730017,compression,blind_sub,2.0601177023855,109290,62480,0.5716899990850032,112791
00730017,compression,mech_sub,2.0601177023855,103159,64473,0.6249866710611774,107223
00720006,torsion,grefem,1.7423271032291985,97665,38356,0.3927302513694773,99571
00720006,torsion,blind_sub,1.7423271032291985,95630,33674,0.35212799330753947,97758
00720006,torsion,mech_sub,1.7423271032291985,92723,42555,0.4589476181745629,96884
00730017,bending_compression,grefem,2.0601177023855,110831,49335,0.4451371908581534,114174
00730017,bending_compression,blind_sub,2.0601177023855,109290,48955,0.4479366822216122,112791
00730017,bending_compression,mech_sub,2.0601177023855,101722,48621,0.47797919820687756,106698
00730017,bending,grefem,2.0601177023855,97257,58818,0.6047688084148185,101220
00730017,bending,blind_sub,2.0601177023855,98438,56968,0.5787196001544119,101850
00730017,bending,mech_sub,2.0601177023855,94659,71038,0.750462185317825,99561
00730017,torsion,grefem,2.0601177023855,112222,71256,0.6349557127835896,115666
00730017,torsion,blind_sub,2.0601177023855,109290,70068,0.6411199560801537,112791
00730017,torsion,mech_sub,2.0601177023855,105661,75871,0.7180605900000946,110595
00750065,compression,grefem,0.9810666270349738,7414,4220,0.5691934178581063,11571
00750065,compression,blind_sub,0.9810666270349738,5859,4158,0.7096774193548387,11606
00750065,compression,mech_sub,0.9810666270349738,7274,5092,0.7000274951883421,12618
00730017,torsion_compression,grefem,2.0601177023855,111168,26966,0.24256980426021876,114611
00730017,torsion_compression,blind_sub,2.0601177023855,109290,26788,0.2451093421173026,112791
00730017,torsion_compression,mech_sub,2.0601177023855,101617,29565,0.2909454126770127,106486
00750065,torsion,grefem,0.9810666270349738,69617,28593,0.41071864630765476,72180
00750065,torsion,blind_sub,0.9810666270349738,71694,44739,0.6240271152397691,75580
00750065,torsion,mech_sub,0.9810666270349738,67168,59285,0.8826375655073845,70729
00750000,torsion,grefem,1.4243677248798188,7623,6861,0.9000393545848091,12023
00750000,torsion,blind_sub,1.4243677248798188,1144,802,0.701048951048951,11087
00750000,torsion,mech_sub,1.4243677248798188,4610,3525,0.764642082429501,12320
00750065,bending,grefem,0.9810666270349738,62897,20233,0.32168465904574145,65912
00750065,bending,blind_sub,0.9810666270349738,64786,27406,0.4230234927299108,68762
00750065,bending,mech_sub,0.9810666270349738,57406,28213,0.49146430686687803,61648
00750000,compression,grefem,1.4243677248798188,7246,3172,0.4377587634556997,11620
00750000,compression,blind_sub,1.4243677248798188,1060,210,0.19811320754716982,10824
00750000,compression,mech_sub,1.4243677248798188,3413,48,0.014063873425139173,12018
00750000,bending,grefem,1.4243677248798188,22895,18629,0.8136711072286525,26731
00750000,bending,blind_sub,1.4243677248798188,19889,12488,0.6278847604203328,25961
00750000,bending,mech_sub,1.4243677248798188,24716,20807,0.8418433403463343,28170
00740043,compression,grefem,9.008470018897407,415212,96533,0.23249087213279,415212
00740043,compression,blind_sub,9.008470018897407,415212,96533,0.23249087213279,415212
00740043,compression,mech_sub,9.008470018897407,415212,96533,0.23249087213279,415212
00750065,bending_compression,grefem,0.9810666270349738,874,658,0.7528604118993135,4377
00750065,bending_compression,blind_sub,0.9810666270349738,874,658,0.7528604118993135,4377
00750065,bending_compression,mech_sub,0.9810666270349738,877,661,0.7537058152793614,4376
00740043,torsion_compression,grefem,9.008470018897407,415212,169552,0.40835043303180063,415212
00740043,torsion_compression,blind_sub,9.008470018897407,415212,169552,0.40835043303180063,415212
00740043,torsion_compression,mech_sub,9.008470018897407,415212,169552,0.40835043303180063,415212
00740043,bending_compression,grefem,9.008470018897407,415212,124166,0.29904241688583183,415212
00740043,bending_compression,blind_sub,9.008470018897407,415212,124166,0.29904241688583183,415212
00740043,bending_compression,mech_sub,9.008470018897407,415212,124166,0.29904241688583183,415212
00750065,torsion_compression,grefem,0.9810666270349738,15012,12671,0.8440580868638422,19607
00750065,torsion_compression,blind_sub,0.9810666270349738,15869,12589,0.793307706849833,20537
00750065,torsion_compression,mech_sub,0.9810666270349738,16525,12836,0.7767624810892587,21292
00750093,bending,grefem,5.547662179132208,11340,7320,0.6455026455026455,17129
00750093,bending,blind_sub,5.547662179132208,8317,2643,0.31778285439461346,17931
00750093,bending,mech_sub,5.547662179132208,11092,8704,0.7847097006851785,17779
00750000,torsion_compression,grefem,1.4243677248798188,19948,3534,0.177160617605775,23613
00750000,torsion_compression,blind_sub,1.4243677248798188,14384,4247,0.2952586206896552,22421
00750000,torsion_compression,mech_sub,1.4243677248798188,19394,275,0.014179643188615036,23423
00750093,compression,grefem,5.547662179132208,41565,15903,0.3826055575604475,48038
00750093,compression,blind_sub,5.547662179132208,42323,12957,0.306145594593956,49286
00750093,compression,mech_sub,5.547662179132208,42446,13256,0.31230269047731235,49774
00750000,bending_compression,grefem,1.4243677248798188,84219,10714,0.12721594889514243,86458
00750000,bending_compression,blind_sub,1.4243677248798188,83392,26100,0.31297966231772834,83647
00750000,bending_compression,mech_sub,1.4243677248798188,81633,10,0.00012249947937721266,84400
00740043,bending,grefem,9.008470018897407,415212,89826,0.21633767810178897,415212
00740043,bending,blind_sub,9.008470018897407,415212,89826,0.21633767810178897,415212
00740043,bending,mech_sub,9.008470018897407,415212,89826,0.21633767810178897,415212
00750093,torsion,grefem,5.547662179132208,41301,24914,0.60322994600615,47842
00750093,torsion,blind_sub,5.547662179132208,42526,17041,0.4007195597987114,49552
00750093,torsion,mech_sub,5.547662179132208,36861,31727,0.8607200021703155,43387
00750093,bending_compression,grefem,5.547662179132208,41340,10162,0.24581519109820996,47868
00750093,bending_compression,blind_sub,5.547662179132208,41494,3798,0.09153130573094906,48754
00750093,bending_compression,mech_sub,5.547662179132208,37032,4647,0.12548606610499027,44810
00750093,torsion_compression,grefem,5.547662179132208,42190,10605,0.25136288219957337,48677
00750093,torsion_compression,blind_sub,5.547662179132208,42710,3806,0.08911261999531725,49914
00750093,torsion_compression,mech_sub,5.547662179132208,39822,1524,0.03827030284767214,47260
00760033,compression,grefem,0.8154388466391431,81162,8423,0.10378009413272221,82587
00760033,compression,blind_sub,0.8154388466391431,73332,8098,0.11042928053237332,75258
00760033,compression,mech_sub,0.8154388466391431,74258,8023,0.10804223114007919,76213
00760033,bending,grefem,0.8154388466391431,79121,7300,0.09226374793038511,80472
00760033,bending,blind_sub,0.8154388466391431,74906,7786,0.10394360932368568,77012
00760033,bending,mech_sub,0.8154388466391431,72466,7534,0.1039659978472663,74291
00760033,bending_compression,grefem,0.8154388466391431,82852,9793,0.11819871578235891,84174
00760033,bending_compression,blind_sub,0.8154388466391431,77817,9634,0.12380328205919015,79526
00760033,bending_compression,mech_sub,0.8154388466391431,81269,8592,0.10572296939792541,82749
00760033,torsion,grefem,0.8154388466391431,82847,11802,0.1424553695366157,84153
00760033,torsion,blind_sub,0.8154388466391431,73979,10625,0.14362183862988145,75910
00760033,torsion,mech_sub,0.8154388466391431,78211,11452,0.14642441600286404,79845
00760084,torsion,grefem,2.7048470766416277,84268,32761,0.38877153842502493,88027
00760084,torsion,blind_sub,2.7048470766416277,86403,33386,0.3863986204182725,90311
00760084,torsion,mech_sub,2.7048470766416277,73402,47353,0.6451186616168497,79545
00760084,bending,grefem,2.7048470766416277,79266,24420,0.3080766028309742,83199
00760084,bending,blind_sub,2.7048470766416277,86465,25410,0.29387613485225234,90402
00760084,bending,mech_sub,2.7048470766416277,74942,52483,0.7003149101972191,81083
00740043,torsion,grefem,9.008470018897407,415212,189833,0.4571953604423764,415212
00740043,torsion,blind_sub,9.008470018897407,411499,188311,0.45762201123210505,411499
00740043,torsion,mech_sub,9.008470018897407,415212,189833,0.4571953604423764,415212
00760084,bending_compression,grefem,2.7048470766416277,85159,18133,0.212931105344121,88899
00760084,bending_compression,blind_sub,2.7048470766416277,86506,19890,0.22992624789031973,90458
00760084,bending_compression,mech_sub,2.7048470766416277,78127,10891,0.13940123132847798,83499
00760084,compression,grefem,2.7048470766416277,83021,25133,0.3027306344177979,86765
00760084,compression,blind_sub,2.7048470766416277,86630,23772,0.27440840355535034,90573
00760084,compression,mech_sub,2.7048470766416277,73976,20215,0.27326430193576295,79176
00760084,torsion_compression,grefem,2.7048470766416277,81395,12314,0.15128693408686036,85260
00760084,torsion_compression,blind_sub,2.7048470766416277,86710,14578,0.16812363049244608,90648
00760084,torsion_compression,mech_sub,2.7048470766416277,75633,9337,0.12345140348789549,81009
00760033,torsion_compression,grefem,0.8154388466391431,78236,5897,0.07537450789917685,79713
00760033,torsion_compression,blind_sub,0.8154388466391431,71807,5771,0.08036820922751264,73818
00760033,torsion_compression,mech_sub,0.8154388466391431,72932,5551,0.07611199473482148,74920
00770042,compression,grefem,0.7164002201155595,130038,56399,0.43371168427690365,130038
00770042,compression,blind_sub,0.7164002201155595,142388,61921,0.4348751299266792,142388
00770042,compression,mech_sub,0.7164002201155595,133742,58882,0.4402655859789744,133742
00770042,bending,grefem,0.7164002201155595,124649,24145,0.19370392060907027,124649
00770042,bending,blind_sub,0.7164002201155595,135626,26418,0.19478566056655802,135626
00770042,bending,mech_sub,0.7164002201155595,134785,25454,0.1888489075193827,134785
00770042,torsion,grefem,0.7164002201155595,132843,39793,0.29954909178503947,132843
00770042,torsion,blind_sub,0.7164002201155595,145659,41671,0.2860859953727542,145659
00770042,torsion,mech_sub,0.7164002201155595,132798,37389,0.2815479148782361,132798
00770042,bending_compression,grefem,0.7164002201155595,130038,30750,0.2364693397314631,130038
00770042,bending_compression,blind_sub,0.7164002201155595,142388,33176,0.23299716268224852,142388
00770042,bending_compression,mech_sub,0.7164002201155595,134208,31133,0.23197573915116834,134208
00770042,torsion_compression,grefem,0.7164002201155595,130038,16232,0.12482505113889786,130038
00770042,torsion_compression,blind_sub,0.7164002201155595,142388,17634,0.12384470601455179,142388
00770042,torsion_compression,mech_sub,0.7164002201155595,134981,17748,0.13148517198716855,134981
00770000,torsion,grefem,2.009563212041162,73994,20218,0.27323837067870366,77607
00770000,torsion,blind_sub,2.009563212041162,72647,20411,0.2809613611023167,75737
00770000,torsion,mech_sub,2.009563212041162,37658,24329,0.6460513038398216,42818
00770000,bending_compression,grefem,2.009563212041162,73994,20360,0.2751574451982593,77607
00770000,bending_compression,blind_sub,2.009563212041162,72647,20173,0.2776852450892673,75737
00770000,bending_compression,mech_sub,2.009563212041162,51873,26282,0.5066604977541302,56787
00770059,bending,grefem,4.486114541689503,206860,92622,0.4477521028715073,207921
00770059,bending,blind_sub,4.486114541689503,203846,93188,0.4571490242634145,204995
00770059,bending,mech_sub,4.486114541689503,198180,98742,0.49824402058734485,202913
00770000,bending,grefem,2.009563212041162,95033,24752,0.260456893921059,97855
00770000,bending,blind_sub,2.009563212041162,86273,22897,0.26540168998412017,89332
00770000,bending,mech_sub,2.009563212041162,85854,28226,0.3287674424022177,90303
00770059,compression,grefem,4.486114541689503,200379,88807,0.4431951451998463,201146
00770059,compression,blind_sub,4.486114541689503,202148,86502,0.42791420147614617,203347
00770059,compression,mech_sub,4.486114541689503,200492,85306,0.4254833110548052,203885
00770000,compression,grefem,2.009563212041162,87919,15858,0.18037056836406237,91141
00770000,compression,blind_sub,2.009563212041162,86273,16892,0.19579706281223558,89332
00770000,compression,mech_sub,2.009563212041162,35084,9532,0.27169079922471784,40143
00770059,torsion,grefem,4.486114541689503,198326,84844,0.4278006917902847,199297
00770059,torsion,blind_sub,4.486114541689503,201709,87786,0.4352111209713002,202891
00770059,torsion,mech_sub,4.486114541689503,201527,107605,0.5339483046936638,205997
00770000,torsion_compression,grefem,2.009563212041162,73588,6452,0.08767733869652661,77165
00770000,torsion_compression,blind_sub,2.009563212041162,72148,7045,0.09764650440760658,75211
00770000,torsion_compression,mech_sub,2.009563212041162,36574,5301,0.14493902772461312,42413
00770059,bending_compression,grefem,4.486114541689503,178020,74536,0.4186945287046399,179526
00770059,bending_compression,blind_sub,4.486114541689503,172821,69282,0.40088878087732394,174135
00770059,bending_compression,mech_sub,4.486114541689503,171082,60699,0.35479477677371085,176247
00770080,bending,grefem,14.853233939926389,79630,12588,0.1580811252040688,87472
00770080,bending,blind_sub,14.853233939926389,75681,9932,0.13123505239095679,84108
00770080,bending,mech_sub,14.853233939926389,71638,3210,0.04480862112286775,80499
00770059,torsion_compression,grefem,4.486114541689503,192482,66928,0.347710435261479,193458
00770059,torsion_compression,blind_sub,4.486114541689503,202205,69268,0.3425632402759576,203400
00770059,torsion_compression,mech_sub,4.486114541689503,189145,62669,0.33132781728303684,193633
00770080,torsion,grefem,14.853233939926389,91110,13560,0.14883108330589398,98361
00770080,torsion,blind_sub,14.853233939926389,84041,9824,0.1168953249009412,92255
00770080,torsion,mech_sub,14.853233939926389,66069,2955,0.044725968305862056,75230
00770080,compression,grefem,14.853233939926389,129395,22558,0.17433440241122145,136366
00770080,compression,blind_sub,14.853233939926389,125237,21251,0.16968627482293572,132769
00770080,compression,mech_sub,14.853233939926389,96293,23983,0.24906275637896835,103002
00770080,bending_compression,grefem,14.853233939926389,85167,6755,0.07931475806356922,92360
00770080,bending_compression,blind_sub,14.853233939926389,79249,7419,0.09361632323436257,87273
00770080,bending_compression,mech_sub,14.853233939926389,71874,430,0.0059826919331051566,80037
00780019,compression,grefem,3.3127556200624904,107031,33781,0.3156188394016687,108884
00780019,compression,blind_sub,3.3127556200624904,104503,30718,0.29394371453451096,104611
00780019,compression,mech_sub,3.3127556200624904,107240,25061,0.23369078701976875,109137
00770080,torsion_compression,grefem,14.853233939926389,81689,8051,0.0985567212231757,89225
00770080,torsion_compression,blind_sub,14.853233939926389,75596,8178,0.10818032700142864,83914
00770080,torsion_compression,mech_sub,14.853233939926389,74652,1803,0.024152065584311204,82438
00780019,torsion,grefem,3.3127556200624904,53321,18230,0.3418915624238105,58525
00780019,torsion,blind_sub,3.3127556200624904,59398,18381,0.30945486380012793,61264
00780019,torsion,mech_sub,3.3127556200624904,60497,22236,0.3675554159710399,62490
00780019,bending,grefem,3.3127556200624904,159779,27135,0.1698283253744234,160311
00780019,bending,blind_sub,3.3127556200624904,153603,20044,0.13049224299004578,153611
00780019,bending,mech_sub,3.3127556200624904,155161,28547,0.18398308853384548,155716
00780019,bending_compression,grefem,3.3127556200624904,164056,34653,0.21122665431316137,164562
00780019,bending_compression,blind_sub,3.3127556200624904,157864,28446,0.18019307758577002,157872
00780019,bending_compression,mech_sub,3.3127556200624904,160736,31200,0.1941071073063906,161122
00780019,torsion_compression,grefem,3.3127556200624904,159779,22960,0.14369848353037634,160311
00780019,torsion_compression,blind_sub,3.3127556200624904,153603,18218,0.1186044543400845,153611
00780019,torsion_compression,mech_sub,3.3127556200624904,153567,19668,0.12807439098243764,155454
00790071,bending,grefem,2.8127217817573835,84259,14733,0.1748537248246478,88047
00790071,bending,blind_sub,2.8127217817573835,65556,12842,0.19589358716212094,68295
00790071,bending,mech_sub,2.8127217817573835,75079,24939,0.33217011414643244,80119
00790046,compression,grefem,19.821231555371867,240207,28037,0.11672016219344149,244452
00790046,compression,blind_sub,19.821231555371867,262370,25289,0.096386782025384,265875
00790046,compression,mech_sub,19.821231555371867,209963,27665,0.13176131032610508,220157
00790071,torsion,grefem,2.8127217817573835,72000,32817,0.45579166666666665,77226
00790071,torsion,blind_sub,2.8127217817573835,75640,27853,0.36823109465891063,78278
00790071,torsion,mech_sub,2.8127217817573835,73452,35145,0.4784757392582911,78604
00790071,compression,grefem,2.8127217817573835,102202,20876,0.20426214751179037,104835
00790071,compression,blind_sub,2.8127217817573835,76484,18304,0.2393180272998274,79083
00790071,compression,mech_sub,2.8127217817573835,100273,32558,0.3246935865088309,104649
00790071,torsion_compression,grefem,2.8127217817573835,71901,8353,0.11617362762687584,77171
00790071,torsion_compression,blind_sub,2.8127217817573835,75390,6552,0.08690807799442897,78052
00790071,torsion_compression,mech_sub,2.8127217817573835,79815,8247,0.10332644239804548,84593
00790071,bending_compression,grefem,2.8127217817573835,108721,17545,0.16137636703120833,110982
00790071,bending_compression,blind_sub,2.8127217817573835,100266,12747,0.12713182933397163,101372
00790071,bending_compression,mech_sub,2.8127217817573835,105669,14952,0.14149845271555517,110031
00790046,torsion_compression,grefem,19.821231555371867,290140,24031,0.08282553250155097,292542
00790046,torsion_compression,blind_sub,19.821231555371867,298229,27433,0.09198635947543667,301597
00790046,torsion_compression,mech_sub,19.821231555371867,255736,5759,0.022519316795445304,265897
00790046,bending,grefem,19.821231555371867,210903,10399,0.049307027401222364,216225
00790046,bending,blind_sub,19.821231555371867,218184,11364,0.052084479155208446,222795
00790046,bending,mech_sub,19.821231555371867,178270,3693,0.020715768216749874,188924
00810061,bending,grefem,3.154668996431272,76378,32654,0.4275314881248527,81459
00810061,bending,blind_sub,3.154668996431272,74125,31517,0.42518718381112985,79367
00810061,bending,mech_sub,3.154668996431272,68650,49955,0.7276766205389658,76892
00810061,bending_compression,grefem,3.154668996431272,77440,27520,0.35537190082644626,82442
00810061,bending_compression,blind_sub,3.154668996431272,74125,24461,0.32999662731871837,79367
00810061,bending_compression,mech_sub,3.154668996431272,69098,20857,0.30184665258039306,77445
00810061,compression,grefem,3.154668996431272,75570,25396,0.33605928278417363,80699
00810061,compression,blind_sub,3.154668996431272,74125,24625,0.33220910623946037,79367
00810061,compression,mech_sub,3.154668996431272,69181,52074,0.75272112285165,77360
00790046,bending_compression,grefem,19.821231555371867,238983,22334,0.09345434612503818,243281
00790046,bending_compression,blind_sub,19.821231555371867,240704,21741,0.09032255384206328,244622
00790046,bending_compression,mech_sub,19.821231555371867,210431,5806,0.027590991821547204,220803
00810061,torsion,grefem,3.154668996431272,82128,44645,0.5436026690044808,87061
00810061,torsion,blind_sub,3.154668996431272,74125,37608,0.5073591905564924,79367
00810061,torsion,mech_sub,3.154668996431272,76479,64665,0.8455262228847135,84833
00790046,torsion,grefem,19.821231555371867,280339,20527,0.07322206328766244,282941
00790046,torsion,blind_sub,19.821231555371867,294031,22840,0.0776788841992851,297429
00790046,torsion,mech_sub,19.821231555371867,246709,17490,0.0708932385928361,256719
00810064,compression,grefem,0.98616952744521,18752,1612,0.0859641638225256,23152
00810064,compression,blind_sub,0.98616952744521,18532,1547,0.08347722857759551,22864
00810064,compression,mech_sub,0.98616952744521,10794,1457,0.13498239762831202,15210
00810057,compression,grefem,1.621301120886942,71602,44005,0.6145778050892433,75498
00810057,compression,blind_sub,1.621301120886942,74269,45684,0.6151153240248287,77948
00810057,compression,mech_sub,1.621301120886942,66235,40571,0.6125311391258398,70109
00810064,bending,grefem,0.98616952744521,11509,5159,0.4482578851333739,15825
00810064,bending,blind_sub,0.98616952744521,11888,1184,0.09959623149394348,16661
00810064,bending,mech_sub,0.98616952744521,10092,1177,0.11662703131193024,14480
00810057,bending,grefem,1.621301120886942,71602,24222,0.33828664003798775,75498
00810057,bending,blind_sub,1.621301120886942,74269,26649,0.35881727234781674,77948
00810057,bending,mech_sub,1.621301120886942,65088,31972,0.4912118977384464,69769
00810061,torsion_compression,grefem,3.154668996431272,72877,8535,0.11711513920715727,78122
00810061,torsion_compression,blind_sub,3.154668996431272,74125,8492,0.11456323777403035,79367
00810061,torsion_compression,mech_sub,3.154668996431272,65356,5847,0.08946385947732419,73750
00810057,torsion,grefem,1.621301120886942,88958,49279,0.5539580476179771,92069
00810057,torsion,blind_sub,1.621301120886942,89146,54282,0.6089112242837592,92803
00810057,torsion,mech_sub,1.621301120886942,81608,62657,0.767780119596118,85788
00810057,bending_compression,grefem,1.621301120886942,71602,40537,0.5661434038155359,75498
00810057,bending_compression,blind_sub,1.621301120886942,74269,42770,0.5758795729039033,77948
00810057,bending_compression,mech_sub,1.621301120886942,67249,41299,0.6141206560692353,71238
00810064,bending_compression,grefem,0.98616952744521,8522,1336,0.15677071110068058,12410
00810064,bending_compression,blind_sub,0.98616952744521,8227,1726,0.20979700984563024,13095
00810064,bending_compression,mech_sub,0.98616952744521,8812,1551,0.17600998638220608,13063
00810057,torsion_compression,grefem,1.621301120886942,88958,45826,0.5151419771127947,92069
00810057,torsion_compression,blind_sub,1.621301120886942,89146,48544,0.5445449038655689,92803
00810057,torsion_compression,mech_sub,1.621301120886942,84412,49644,0.5881154338245747,88385
00810064,torsion,grefem,0.98616952744521,19157,1360,0.0709923265647022,23519
00810064,torsion,blind_sub,0.98616952744521,18923,1240,0.06552872166147017,23232
00810064,torsion,mech_sub,0.98616952744521,18381,1292,0.07028997334203797,23009
00810064,torsion_compression,grefem,0.98616952744521,19157,1408,0.07349793809051522,23519
00810064,torsion_compression,blind_sub,0.98616952744521,18436,1336,0.07246691256237796,22771
00810064,torsion_compression,mech_sub,0.98616952744521,19526,1360,0.06965072211410427,24200
00830004,compression,grefem,4.211777733088426,82578,15080,0.18261522439390637,86941
00830004,compression,blind_sub,4.211777733088426,79585,13119,0.16484262109694037,83988
00830004,compression,mech_sub,4.211777733088426,80181,13196,0.1645776430825258,84533
00830004,bending,grefem,4.211777733088426,84711,17981,0.2122628702293681,89051
00830004,bending,blind_sub,4.211777733088426,81675,13697,0.16770125497398225,86004
00830004,bending,mech_sub,4.211777733088426,79158,17967,0.22697642689304934,85379
00830028,torsion,grefem,3.12769332108237,39952,8194,0.20509611533840608,46370
00830028,torsion,blind_sub,3.12769332108237,44145,5831,0.13208743912107826,48672
00830028,torsion,mech_sub,3.12769332108237,31755,3283,0.10338529365454259,40553
00830028,bending,grefem,3.12769332108237,39952,7178,0.17966559871846216,46370
00830028,bending,blind_sub,3.12769332108237,44145,5208,0.1179748555895345,48672
00830028,bending,mech_sub,3.12769332108237,32743,2348,0.07170998381333414,41540
00830004,bending_compression,grefem,4.211777733088426,82578,28196,0.3414468744701979,86941
00830004,bending_compression,blind_sub,4.211777733088426,79813,33628,0.42133487025923094,84169
00830004,bending_compression,mech_sub,4.211777733088426,77105,53876,0.6987354905648142,83213
00830004,torsion,grefem,4.211777733088426,86105,44954,0.5220835027001917,90307
00830004,torsion,blind_sub,4.211777733088426,84073,50728,0.6033803956085783,88349
00830004,torsion,mech_sub,4.211777733088426,79485,55002,0.6919796187959992,85799
00830028,compression,grefem,3.12769332108237,22907,3952,0.17252368271707338,32446
00830028,compression,blind_sub,3.12769332108237,28499,2672,0.09375767570791958,35251
00830028,compression,mech_sub,3.12769332108237,26057,1390,0.0533445907049929,34970
00830028,bending_compression,grefem,3.12769332108237,22907,10051,0.43877417383332606,32446
00830028,bending_compression,blind_sub,3.12769332108237,27240,9907,0.36369309838472835,34467
00830028,bending_compression,mech_sub,3.12769332108237,26503,12000,0.452778930687092,35556
00830028,torsion_compression,grefem,3.12769332108237,37218,15202,0.4084582728787146,44248
00830028,torsion_compression,blind_sub,3.12769332108237,43439,17435,0.40136743479361864,47623
00830028,torsion_compression,mech_sub,3.12769332108237,26489,16837,0.6356223337989354,36572
00830032,compression,grefem,8.183111032894159,29888,13889,0.46470155246252676,39101
00830032,compression,blind_sub,8.183111032894159,31042,9827,0.31657109722311705,39813
00830032,compression,mech_sub,8.183111032894159,32450,10697,0.3296456086286595,41368
00830004,torsion_compression,grefem,4.211777733088426,84862,5542,0.06530602625438948,89120
00830004,torsion_compression,blind_sub,4.211777733088426,82229,7061,0.08586994855829452,86504
00830004,torsion_compression,mech_sub,4.211777733088426,77457,19209,0.24799566210929935,83873
00830032,bending,grefem,8.183111032894159,29888,14841,0.49655380085653106,39101
00830032,bending,blind_sub,8.183111032894159,33424,10621,0.3177656773575874,41787
00830032,bending,mech_sub,8.183111032894159,33847,11415,0.3372529323130558,42251
00830032,torsion,grefem,8.183111032894159,33175,17928,0.5404069329314243,42210
00830032,torsion,blind_sub,8.183111032894159,36708,15607,0.4251661763103411,45257
00830032,torsion,mech_sub,8.183111032894159,31490,13715,0.4355350905049222,39653
00830032,bending_compression,grefem,8.183111032894159,33175,14942,0.45039939713639787,42210
00830032,bending_compression,blind_sub,8.183111032894159,36404,10560,0.2900780134051203,44926
00830032,bending_compression,mech_sub,8.183111032894159,34718,12084,0.3480615242813526,43498
00830032,torsion_compression,grefem,8.183111032894159,29888,8948,0.2993843683083512,39101
00830032,torsion_compression,blind_sub,8.183111032894159,34050,5555,0.1631424375917768,42321
00830032,torsion_compression,mech_sub,8.183111032894159,31761,7360,0.23173073895658197,40720
00830083,torsion,grefem,2.7054653521561947,46488,6947,0.14943641369815866,52514
00830083,torsion,blind_sub,2.7054653521561947,48551,12805,0.26374328026199256,53448
00830083,torsion,mech_sub,2.7054653521561947,37530,4996,0.13312017053024247,43033
00830083,bending_compression,grefem,2.7054653521561947,68236,9997,0.1465062430388651,73214
00830083,bending_compression,blind_sub,2.7054653521561947,65351,18625,0.28499946443053664,69986
00830083,bending_compression,mech_sub,2.7054653521561947,38443,3281,0.08534713732018834,43870
00830083,bending,grefem,2.7054653521561947,49509,5312,0.10729362338160739,55420
00830083,bending,blind_sub,2.7054653521561947,51891,13872,0.26732959472740936,56629
00830083,bending,mech_sub,2.7054653521561947,37414,4800,0.1282942214144438,42918
00830083,compression,grefem,2.7054653521561947,68298,14675,0.21486719962517203,73091
00830083,compression,blind_sub,2.7054653521561947,65351,15180,0.23228412725130448,69986
00830083,compression,mech_sub,2.7054653521561947,54376,15864,0.2917463586876563,59977
00830083,torsion_compression,grefem,2.7054653521561947,86290,20613,0.23888051917951095,90149
00830083,torsion_compression,blind_sub,2.7054653521561947,87006,23205,0.26670574443141853,91345
00830083,torsion_compression,mech_sub,2.7054653521561947,37628,3184,0.08461783778037632,43165
00840052,bending_compression,grefem,3.5530967966834157,4680,992,0.21196581196581196,14859
00840052,bending_compression,blind_sub,3.5530967966834157,4535,938,0.20683572216097024,14695
00840052,bending_compression,mech_sub,3.5530967966834157,4534,945,0.20842523158359064,14694
00840052,bending,grefem,3.5530967966834157,4680,572,0.12222222222222222,14859
00840052,bending,blind_sub,3.5530967966834157,4546,572,0.12582490101187857,14704
00840052,bending,mech_sub,3.5530967966834157,4535,572,0.1261300992282249,14695
00840014,torsion,grefem,7.781088037023939,292217,106818,0.3655434146541782,293477
00840014,torsion,blind_sub,7.781088037023939,313801,119947,0.38223906233568405,314123
00840014,torsion,mech_sub,7.781088037023939,268175,109176,0.4071072993381188,268854
00840052,torsion_compression,grefem,3.5530967966834157,4680,457,0.09764957264957265,14859
00840052,torsion_compression,blind_sub,3.5530967966834157,4545,458,0.10077007700770077,14703
00840052,torsion_compression,mech_sub,3.5530967966834157,4531,458,0.1010814389759435,14691
00840014,bending_compression,grefem,7.781088037023939,292217,60764,0.20794135864785415,293477
00840014,bending_compression,blind_sub,7.781088037023939,313801,73107,0.2329724889340697,314123
00840014,bending_compression,mech_sub,7.781088037023939,313845,76305,0.24312957032930269,316579
00840052,compression,grefem,3.5530967966834157,4680,506,0.10811965811965812,14859
00840052,compression,blind_sub,3.5530967966834157,4542,506,0.11140466754733598,14700
00840052,compression,mech_sub,3.5530967966834157,4439,508,0.11444018923180897,14619
00840014,torsion_compression,grefem,7.781088037023939,292724,60472,0.2065836760907886,293918
00840014,torsion_compression,blind_sub,7.781088037023939,312841,72251,0.23095118606576504,313164
00840014,torsion_compression,mech_sub,7.781088037023939,306533,67251,0.2193923655854345,309764
00840053,compression,grefem,7.189142789354302,136120,23345,0.17150308551278284,142788
00840053,compression,blind_sub,7.189142789354302,137347,22950,0.16709502209731555,143842
00840053,compression,mech_sub,7.189142789354302,137514,23144,0.16830286370842243,144069
00840052,torsion,grefem,3.5530967966834157,4680,507,0.10833333333333334,14859
00840052,torsion,blind_sub,3.5530967966834157,4542,507,0.11162483487450463,14700
00840052,torsion,mech_sub,3.5530967966834157,4534,507,0.11182179091310102,14694
00830036,bending_compression,grefem,1.9311647803324132,133067,24556,0.18453861588523074,135010
00830036,bending_compression,blind_sub,1.9311647803324132,125137,17573,0.14043008862286935,126072
00830036,bending_compression,mech_sub,1.9311647803324132,119922,12014,0.1001817848268041,125568
00840053,bending_compression,grefem,7.189142789354302,147576,51632,0.3498671870764894,153605
00840053,bending_compression,blind_sub,7.189142789354302,137347,48096,0.35017874434825663,143842
00840053,bending_compression,mech_sub,7.189142789354302,138798,41831,0.30138042334903964,148169
00830036,bending,grefem,1.9311647803324132,185084,22342,0.12071275745067105,185476
00830036,bending,blind_sub,1.9311647803324132,174187,21327,0.12243738051634163,174523
00830036,bending,mech_sub,1.9311647803324132,179585,507,0.0028231756549823204,185594
00840053,torsion_compression,grefem,7.189142789354302,147576,48545,0.32894915162357025,153605
00840053,torsion_compression,blind_sub,7.189142789354302,137347,45240,0.329384697153924,143842
00840053,torsion_compression,mech_sub,7.189142789354302,135064,60306,0.4464994373037967,144665
00830036,torsion,grefem,1.9311647803324132,108834,40993,0.3766561919988239,111938
00830036,torsion,blind_sub,1.9311647803324132,115247,34351,0.29806415785226514,116275
00830036,torsion,mech_sub,1.9311647803324132,102917,21423,0.20815803025739188,108388
00840014,bending,grefem,7.781088037023939,292724,65676,0.22436151460078435,293918
00840014,bending,blind_sub,7.781088037023939,312841,69766,0.22300785382990082,313164
00840014,bending,mech_sub,7.781088037023939,296447,60983,0.20571299422831063,298763
00840053,torsion,grefem,7.189142789354302,135818,69538,0.5119939919598286,142538
00840053,torsion,blind_sub,7.189142789354302,135945,65140,0.4791643679429181,142641
00840053,torsion,mech_sub,7.189142789354302,120129,77662,0.6464883583481091,129028
00840075,bending,grefem,3.4809115250221176,78466,18196,0.2318966176433105,84100
00840075,bending,blind_sub,3.4809115250221176,80137,22593,0.28192969539663326,84971
00840075,bending,mech_sub,3.4809115250221176,70364,13305,0.1890881700869763,76546
00840075,compression,grefem,3.4809115250221176,71435,20493,0.28687618114369706,77378
00840075,compression,blind_sub,3.4809115250221176,73756,22725,0.3081105266012257,78552
00840075,compression,mech_sub,3.4809115250221176,65017,11058,0.17007859482904472,71543
00840075,torsion_compression,grefem,3.4809115250221176,100807,27756,0.27533802216115943,105131
00840075,torsion_compression,blind_sub,3.4809115250221176,103383,30244,0.29254326146465087,108097
00840075,torsion_compression,mech_sub,3.4809115250221176,97222,16001,0.16458209047334965,103390
00830036,compression,grefem,1.9311647803324132,162337,24954,0.15371726716645004,162842
00830036,compression,blind_sub,1.9311647803324132,174466,25607,0.1467735833916064,174783
00830036,compression,mech_sub,1.9311647803324132,152089,14080,0.09257737245954671,158059
00840053,bending,grefem,7.189142789354302,136120,118761,0.872472818101675,142788
00840053,bending,blind_sub,7.189142789354302,135949,117456,0.8639710479665168,142624
00840053,bending,mech_sub,7.189142789354302,128691,106653,0.8287525934214514,138179
00840075,torsion,grefem,3.4809115250221176,100415,33786,0.33646367574565555,104806
00840075,torsion,blind_sub,3.4809115250221176,103115,36265,0.35169470979004025,107830
00840075,torsion,mech_sub,3.4809115250221176,94046,22576,0.240052740148438,100162
00840075,bending_compression,grefem,3.4809115250221176,105268,24126,0.22918645742295854,109291
00840075,bending_compression,blind_sub,3.4809115250221176,103041,26308,0.25531584514901834,107700
00840075,bending_compression,mech_sub,3.4809115250221176,98872,14404,0.14568330771097984,104997
00830036,torsion_compression,grefem,1.9311647803324132,181342,25920,0.14293434504968514,181671
00830036,torsion_compression,blind_sub,1.9311647803324132,174187,24675,0.14165810307313403,174523
00830036,torsion_compression,mech_sub,1.9311647803324132,161099,18892,0.11726950508693412,166679
00840014,compression,grefem,7.781088037023939,292724,53557,0.1829607411759883,293918
00840014,compression,blind_sub,7.781088037023939,312841,57448,0.18363321943095695,313164
00840014,compression,mech_sub,7.781088037023939,316908,51954,0.16394032337460715,320256
00850096,compression,grefem,2.985657676584581,4801,747,0.1555925848781504,14712
00850096,compression,blind_sub,2.985657676584581,1580,83,0.052531645569620256,15410
00850096,compression,mech_sub,2.985657676584581,839,63,0.07508939213349225,14780
00850096,bending_compression,grefem,2.985657676584581,75750,22451,0.2963828382838284,82536
00850096,bending_compression,blind_sub,2.985657676584581,85987,19772,0.22994173537860374,87164
00850096,bending_compression,mech_sub,2.985657676584581,83045,20054,0.24148353302426395,85363
00850096,bending,grefem,2.985657676584581,75510,13238,0.17531452787710236,82286
00850096,bending,blind_sub,2.985657676584581,88994,16127,0.18121446389644247,89940
00850096,bending,mech_sub,2.985657676584581,85639,14284,0.16679316666472052,87005
00850096,torsion_compression,grefem,2.985657676584581,4801,2097,0.43678400333263906,14712
00850096,torsion_compression,blind_sub,2.985657676584581,1580,352,0.22278481012658227,15410
00850096,torsion_compression,mech_sub,2.985657676584581,680,231,0.3397058823529412,14786
00850096,torsion,grefem,2.985657676584581,4801,3503,0.7296396584044991,14712
00850096,torsion,blind_sub,2.985657676584581,1580,524,0.33164556962025316,15410
00850096,torsion,mech_sub,2.985657676584581,1117,669,0.5989256938227395,14740
00840090,compression,grefem,2.010985843451487,61162,27125,0.4434943265426245,65050
00840090,compression,blind_sub,2.010985843451487,60189,22957,0.3814152087590756,64272
00840090,compression,mech_sub,2.010985843451487,57493,26543,0.46167359504635347,62562
00840090,torsion,grefem,2.010985843451487,50317,23159,0.4602619393048075,54760
00840090,torsion,blind_sub,2.010985843451487,49159,17107,0.3479932464045241,53230
00840090,torsion,mech_sub,2.010985843451487,45295,22785,0.503035655149575,51085
00840090,torsion_compression,grefem,2.010985843451487,51332,5509,0.10732096937582794,55612
00840090,torsion_compression,blind_sub,2.010985843451487,49811,7370,0.14795928610146353,53956
00840090,torsion_compression,mech_sub,2.010985843451487,46715,12192,0.26098683506368403,52563
00840090,bending,grefem,2.010985843451487,40327,20298,0.5033352344583034,44965
00840090,bending,blind_sub,2.010985843451487,38422,10421,0.2712248191140492,42740
00840090,bending,mech_sub,2.010985843451487,36740,16335,0.44461077844311375,42414
00840090,bending_compression,grefem,2.010985843451487,41761,8706,0.20847201934819568,46614
00840090,bending_compression,blind_sub,2.010985843451487,40314,11510,0.28550875626333283,44656
00840090,bending_compression,mech_sub,2.010985843451487,35941,13745,0.3824323196349573,42040
00860049,bending,grefem,2.136959242959916,19043,5,0.0002625636716903849,22669
00860049,bending,blind_sub,2.136959242959916,8113,4,0.0004930358683594232,11810
00860049,bending,mech_sub,2.136959242959916,17489,0,0.0,20379
00860049,compression,grefem,2.136959242959916,20298,513,0.025273425953295892,24112
00860049,compression,blind_sub,2.136959242959916,8644,1,0.00011568718186024989,12312
00860049,compression,mech_sub,2.136959242959916,19705,0,0.0,23332
00860049,torsion,grefem,2.136959242959916,39467,13358,0.33845997922314847,43876
00860049,torsion,blind_sub,2.136959242959916,39161,13464,0.34381144506013633,43527
00860049,torsion,mech_sub,2.136959242959916,28892,1,3.461165720614703e-05,31910
00860073,compression,grefem,1.425109315216884,80752,24446,0.3027293441648504,83732
00860073,compression,blind_sub,1.425109315216884,75587,27709,0.3665842009869422,77809
00860073,compression,mech_sub,1.425109315216884,83805,25296,0.30184356541972435,86117
00860073,bending,grefem,1.425109315216884,80752,21508,0.26634634436298793,83732
00860073,bending,blind_sub,1.425109315216884,75587,23943,0.3167608186592933,77809
00860073,bending,mech_sub,1.425109315216884,80102,33292,0.41562008439239967,82878
00860049,torsion_compression,grefem,2.136959242959916,20298,537,0.02645580845403488,24112
00860049,torsion_compression,blind_sub,2.136959242959916,8644,9,0.0010411846367422489,12312
00860049,torsion_compression,mech_sub,2.136959242959916,18702,1,5.347021708908138e-05,21733
00860049,bending_compression,grefem,2.136959242959916,20298,558,0.027490393142181494,24112
00860049,bending_compression,blind_sub,2.136959242959916,8644,6,0.0006941230911614993,12312
00860049,bending_compression,mech_sub,2.136959242959916,18525,0,0.0,21387
00860073,torsion,grefem,1.425109315216884,97267,38543,0.3962597797814264,99832
00860073,torsion,blind_sub,1.425109315216884,103640,45274,0.4368390582786569,105777
00860073,torsion,mech_sub,1.425109315216884,94769,54696,0.577150756048919,98308
00870089,compression,grefem,3.1654057753740816,31287,7341,0.2346341931153514,38503
00870089,compression,blind_sub,3.1654057753740816,31367,15734,0.5016099722638442,37815
00870089,compression,mech_sub,3.1654057753740816,12671,7000,0.5524425854312999,18863
00860073,torsion_compression,grefem,1.425109315216884,81787,18761,0.229388533630039,84586
00860073,torsion_compression,blind_sub,1.425109315216884,77356,25262,0.3265680748746057,79510
00860073,torsion_compression,mech_sub,1.425109315216884,79118,33363,0.4216865947066407,82166
00860073,bending_compression,grefem,1.425109315216884,84200,24166,0.28700712589073635,86978
00860073,bending_compression,blind_sub,1.425109315216884,79899,28968,0.36255772913303047,82140
00860073,bending_compression,mech_sub,1.425109315216884,83121,33540,0.40350813873750313,85502
00870089,bending_compression,grefem,3.1654057753740816,11323,4795,0.4234743442550561,17712
00870089,bending_compression,blind_sub,3.1654057753740816,11062,6086,0.5501717591755559,18008
00870089,bending_compression,mech_sub,3.1654057753740816,8955,7131,0.7963149078726968,15095
00870089,torsion,grefem,3.1654057753740816,26932,3910,0.14518045447794445,33445
00870089,torsion,blind_sub,3.1654057753740816,27178,11213,0.412576348517183,33604
00870089,torsion,mech_sub,3.1654057753740816,5228,5,0.0009563886763580719,10686
00870089,torsion_compression,grefem,3.1654057753740816,13094,4319,0.32984573086910035,19877
00870089,torsion_compression,blind_sub,3.1654057753740816,14132,5670,0.40121709595244837,20846
00870089,torsion_compression,mech_sub,3.1654057753740816,8545,5029,0.5885313048566413,14673
00880045,bending,grefem,3.87178162840175,94594,31683,0.33493667674482525,99648
00880045,bending,blind_sub,3.87178162840175,93785,20721,0.22094151516767074,98822
00880045,bending,mech_sub,3.87178162840175,87112,3644,0.04183120580402241,95662
00880096,torsion,grefem,3.877990064816718,54310,24688,0.4545755846068864,60360
00880096,torsion,blind_sub,3.877990064816718,49229,24756,0.5028743220459485,56041
00880096,torsion,mech_sub,3.877990064816718,41540,20933,0.5039239287433799,48906
00880045,torsion,grefem,3.87178162840175,119708,47671,0.3982273532261837,123742
00880045,torsion,blind_sub,3.87178162840175,120775,50997,0.42224798178430967,125677
00880045,torsion,mech_sub,3.87178162840175,117538,92826,0.7897531011247426,124530
00870089,bending,grefem,3.1654057753740816,19133,1610,0.08414780745309151,27070
00870089,bending,blind_sub,3.1654057753740816,19726,6996,0.354658825915036,26290
00870089,bending,mech_sub,3.1654057753740816,5969,7,0.0011727257497068187,11499
00860084,compression,grefem,1.3387010251782734,45520,28339,0.6225615114235501,50077
00860084,compression,blind_sub,1.3387010251782734,46109,26860,0.5825326942679303,48687
00860084,compression,mech_sub,1.3387010251782734,43183,27805,0.6438876409698261,48101
00860084,torsion,grefem,1.3387010251782734,82658,44952,0.5438312081105278,85063
00860084,torsion,blind_sub,1.3387010251782734,89466,56470,0.6311895021572441,91874
00860084,torsion,mech_sub,1.3387010251782734,76697,31312,0.40825586398424973,82008
00880045,compression,grefem,3.87178162840175,118928,48947,0.4115683438719225,123112
00880045,compression,blind_sub,3.87178162840175,120281,50518,0.41999983372269933,125160
00880045,compression,mech_sub,3.87178162840175,108640,47756,0.439580265095729,115341
00860084,bending_compression,grefem,1.3387010251782734,68630,45321,0.6603671863616494,71692
00860084,bending_compression,blind_sub,1.3387010251782734,64951,40104,0.61745007775092,67356
00860084,bending_compression,mech_sub,1.3387010251782734,65088,40020,0.6148598820058997,70233
00880096,bending_compression,grefem,3.877990064816718,44392,15249,0.34350783925031536,51178
00880096,bending_compression,blind_sub,3.877990064816718,41067,13979,0.3403949643265883,48199
00880096,bending_compression,mech_sub,3.877990064816718,38845,6723,0.17307246749903463,46108
00880045,torsion_compression,grefem,3.87178162840175,60642,23826,0.39289601266449,66746
00880045,torsion_compression,blind_sub,3.87178162840175,57644,20502,0.3556658108389425,63098
00880045,torsion_compression,mech_sub,3.87178162840175,56331,24474,0.4344676998455557,63716
00860084,torsion_compression,grefem,1.3387010251782734,83159,50563,0.6080279945646292,85468
00860084,torsion_compression,blind_sub,1.3387010251782734,89336,58261,0.6521559057938568,91758
00860084,torsion_compression,mech_sub,1.3387010251782734,79676,48234,0.6053767759425674,84750
00860084,bending,grefem,1.3387010251782734,53609,25391,0.4736331586114272,57749
00860084,bending,blind_sub,1.3387010251782734,53117,25775,0.4852495434606623,55698
00860084,bending,mech_sub,1.3387010251782734,48708,24959,0.5124209575429087,53102
00890060,compression,grefem,1.046334614186202,9557,2689,0.2813644449094904,13842
00890060,compression,blind_sub,1.046334614186202,9715,2682,0.27606793618116315,15044
00890060,compression,mech_sub,1.046334614186202,3379,2643,0.7821840781296241,7274
00880045,bending_compression,grefem,3.87178162840175,96699,43328,0.44807081769201335,101707
00880045,bending_compression,blind_sub,3.87178162840175,93785,42515,0.4533240923388602,98822
00880045,bending_compression,mech_sub,3.87178162840175,88086,41862,0.4752401062597916,96265
00880096,torsion_compression,grefem,3.877990064816718,54061,10734,0.19855348587706478,60176
00880096,torsion_compression,blind_sub,3.877990064816718,51052,11768,0.23051006816579175,58031
00880096,torsion_compression,mech_sub,3.877990064816718,46954,5118,0.10900029816416067,54180
00880096,bending,grefem,3.877990064816718,47505,19675,0.4141669297968635,53965
00880096,bending,blind_sub,3.877990064816718,43086,18976,0.44042148261616304,50120
00880096,bending,mech_sub,3.877990064816718,42343,15814,0.3734737737052169,49466
00890060,bending,grefem,1.046334614186202,9557,2097,0.21942032018415822,13842
00890060,bending,blind_sub,1.046334614186202,9715,2116,0.21780751415337107,15044
00890060,bending,mech_sub,1.046334614186202,9114,2105,0.23096335308316876,13777
00880096,compression,grefem,3.877990064816718,51148,22985,0.44938218503167277,57526
00880096,compression,blind_sub,3.877990064816718,47886,22368,0.4671093847888736,54741
00880096,compression,mech_sub,3.877990064816718,45969,17601,0.38288846831560397,53091
00890060,torsion,grefem,1.046334614186202,11934,2213,0.18543656778950895,16497
00890060,torsion,blind_sub,1.046334614186202,12004,2178,0.1814395201599467,17271
00890060,torsion,mech_sub,1.046334614186202,3692,2079,0.5631094257854822,7623
00890060,bending_compression,grefem,1.046334614186202,9778,1924,0.19676825526692576,14014
00890060,bending_compression,blind_sub,1.046334614186202,9839,1904,0.19351560117898162,15278
00890060,bending_compression,mech_sub,1.046334614186202,9490,1936,0.20400421496311907,13936
00890079,compression,grefem,2.530995419752418,16946,5385,0.317774105983713,27046
00890079,compression,blind_sub,2.530995419752418,13261,5055,0.3811929718724078,23342
00890079,compression,mech_sub,2.530995419752418,19124,5123,0.2678832880150596,28441
00890079,bending,grefem,2.530995419752418,19411,9208,0.47437020246252126,29058
00890079,bending,blind_sub,2.530995419752418,21728,2605,0.11989138438880707,29668
00890079,bending,mech_sub,2.530995419752418,21877,3035,0.13873017324130366,30700
00890079,torsion,grefem,2.530995419752418,34926,7385,0.2114470594972227,43680
00890079,torsion,blind_sub,2.530995419752418,36079,4862,0.13475983258959506,43937
00890079,torsion,mech_sub,2.530995419752418,37373,7432,0.198860139673026,45661
00880032,bending_compression,grefem,4.174610308044728,453471,18350,0.0404656527098756,453781
00880032,bending_compression,blind_sub,4.174610308044728,445912,18340,0.0411291914099643,446533
00880032,bending_compression,mech_sub,4.174610308044728,453800,18356,0.04044953724107536,454348
00890079,bending_compression,grefem,2.530995419752418,34926,3391,0.09709099238389739,43680
00890079,bending_compression,blind_sub,2.530995419752418,32639,2009,0.06155213088636294,40782
00890079,bending_compression,mech_sub,2.530995419752418,34610,2820,0.08147934123085813,42973
00880032,torsion,grefem,4.174610308044728,498390,7084,0.014213768334035594,498404
00880032,torsion,blind_sub,4.174610308044728,449294,6100,0.013576856134290688,449887
00880032,torsion,mech_sub,4.174610308044728,460136,6324,0.013743762713632491,460620
00890079,torsion_compression,grefem,2.530995419752418,34926,3037,0.0869552768710989,43680
00890079,torsion_compression,blind_sub,2.530995419752418,32639,2193,0.06718955850363062,40782
00890079,torsion_compression,mech_sub,2.530995419752418,36860,2813,0.07631578947368421,45057
00880032,bending,grefem,4.174610308044728,445341,12050,0.027057917416092387,445941
00880032,bending,blind_sub,4.174610308044728,445341,12050,0.027057917416092387,445941
00880032,bending,mech_sub,4.174610308044728,445341,12050,0.027057917416092387,445941
00880032,compression,grefem,4.174610308044728,453928,11887,0.026186972383285455,454238
00880032,compression,blind_sub,4.174610308044728,445488,12113,0.027190406924541177,446130
00880032,compression,mech_sub,4.174610308044728,449529,12115,0.026950430339310702,450116
00890060,torsion_compression,grefem,1.046334614186202,12002,2814,0.2344609231794701,17112
00890060,torsion_compression,blind_sub,1.046334614186202,12846,1971,0.15343297524521252,18060
00890060,torsion_compression,mech_sub,1.046334614186202,4393,2002,0.45572501707261553,8320
00880032,torsion_compression,grefem,4.174610308044728,453734,19472,0.04291501187920676,454044
00880032,torsion_compression,blind_sub,4.174610308044728,445701,19463,0.04366828883040424,446351
00880032,torsion_compression,mech_sub,4.174610308044728,449778,19561,0.04349034412532405,450384
00890084,compression,grefem,2.899409992009247,197836,45487,0.22992276430983238,198571
00890084,compression,blind_sub,2.899409992009247,192700,45081,0.23394395433316034,193822
00890084,compression,mech_sub,2.899409992009247,184963,69459,0.37552915988603125,192249
00890084,torsion,grefem,2.899409992009247,193739,55276,0.2853116822116352,194547
00890084,torsion,blind_sub,2.899409992009247,193636,55274,0.28545311822181824,194602
00890084,torsion,mech_sub,2.899409992009247,182280,83387,0.4574665350010972,188585
00890084,torsion_compression,grefem,2.899409992009247,191261,18209,0.09520498167425664,192424
00890084,torsion_compression,blind_sub,2.899409992009247,193313,17935,0.09277699896023547,194370
00890084,torsion_compression,mech_sub,2.899409992009247,177007,26869,0.15179625664521743,183907
00890084,bending_compression,grefem,2.899409992009247,181202,27189,0.15004801271509144,182809
00890084,bending_compression,blind_sub,2.899409992009247,192160,26203,0.13636032472939216,193358
00890084,bending_compression,mech_sub,2.899409992009247,168840,12631,0.0748104714522625,176172
00910017,compression,grefem,1.3166959521564428,33751,5339,0.15818790554353945,38744
00910017,compression,blind_sub,1.3166959521564428,36911,4886,0.1323724634932676,39683
00910017,compression,mech_sub,1.3166959521564428,37644,5144,0.13664860269896928,40291
00910017,bending,grefem,1.3166959521564428,79078,9755,0.12335921495232555,81185
00910017,bending,blind_sub,1.3166959521564428,78531,8937,0.11380219276464071,79859
00910017,bending,mech_sub,1.3166959521564428,67435,13343,0.19786461036553718,71982
00910047,compression,grefem,1.611265122346434,58053,24147,0.4159474962534236,62283
00910047,compression,blind_sub,1.611265122346434,57535,27711,0.48163726427392023,62307
00910047,compression,mech_sub,1.611265122346434,58349,52355,0.8972733037412809,63454
00910017,torsion_compression,grefem,1.3166959521564428,106411,19138,0.1798498275554219,107676
00910017,torsion_compression,blind_sub,1.3166959521564428,98846,17734,0.17941039596948788,100049
00910017,torsion_compression,mech_sub,1.3166959521564428,97595,19595,0.20077872841846406,102274
00910017,bending_compression,grefem,1.3166959521564428,103940,22352,0.215047142582259,105223
00910017,bending_compression,blind_sub,1.3166959521564428,98846,20526,0.20765635432895616,100049
00910017,bending_compression,mech_sub,1.3166959521564428,61111,26966,0.44126262047749176,67310
00910017,torsion,grefem,1.3166959521564428,105404,64045,0.607614511783234,106679
00910017,torsion,blind_sub,1.3166959521564428,98846,59647,0.6034336240212047,100049
00910017,torsion,mech_sub,1.3166959521564428,94239,89731,0.9521641783125883,98361
00910054,torsion,grefem,18.44698067811421,0,0,,12875
00910054,torsion,blind_sub,18.44698067811421,1,1,1.0,13696
00910054,torsion,mech_sub,18.44698067811421,5,5,1.0,13705
00910048,bending,grefem,2.9726423367038857,98208,28993,0.295220348647768,102294
00910048,bending,blind_sub,2.9726423367038857,106623,35517,0.3331082411862356,110409
00910048,bending,mech_sub,2.9726423367038857,71741,48149,0.6711503882020045,78276
00890084,bending,grefem,2.899409992009247,189614,13598,0.07171411393673463,191069
00890084,bending,blind_sub,2.899409992009247,193109,13343,0.06909569207028154,194278
00890084,bending,mech_sub,2.899409992009247,175623,13227,0.07531473668027536,182319
00910048,compression,grefem,2.9726423367038857,65514,9467,0.14450346490826388,70699
00910048,compression,blind_sub,2.9726423367038857,59873,20994,0.3506421926410903,63943
00910048,compression,mech_sub,2.9726423367038857,60353,21516,0.35650257650821005,66989
00910048,bending_compression,grefem,2.9726423367038857,138826,26081,0.18786826675118493,141790
00910048,bending_compression,blind_sub,2.9726423367038857,146073,34310,0.23488255872063968,149763
00910048,bending_compression,mech_sub,2.9726423367038857,68900,14890,0.21611030478955007,75777
00910048,torsion,grefem,2.9726423367038857,120438,45115,0.37459107590627544,123523
00910048,torsion,blind_sub,2.9726423367038857,124297,48042,0.3865097307256008,128003
00910048,torsion,mech_sub,2.9726423367038857,70760,41695,0.5892453363482193,78236
00910048,torsion_compression,grefem,2.9726423367038857,138466,26417,0.19078329698265278,141446
00910048,torsion_compression,blind_sub,2.9726423367038857,144705,34517,0.23853356829411562,148417
00910048,torsion_compression,mech_sub,2.9726423367038857,74967,21105,0.28152387050302136,82579
00910047,torsion_compression,grefem,1.611265122346434,57253,11669,0.2038146472673921,61484
00910047,torsion_compression,blind_sub,1.611265122346434,56701,13509,0.23824976631805436,61384
00910047,torsion_compression,mech_sub,1.611265122346434,58172,7317,0.12578216324004676,63162
00910047,bending_compression,grefem,1.611265122346434,54292,24890,0.4584469166728063,58632
00910047,bending_compression,blind_sub,1.611265122346434,53904,29263,0.5428725140991392,58539
00910047,bending_compression,mech_sub,1.611265122346434,51797,29844,0.5761723651948955,56753
00910047,torsion,grefem,1.611265122346434,51708,34030,0.6581186663572368,56249
00910047,torsion,blind_sub,1.611265122346434,51435,37584,0.7307086614173228,56062
00910047,torsion,mech_sub,1.611265122346434,33550,33349,0.9940089418777943,38002
00920017,bending,grefem,3.896110172717654,187762,65632,0.34954889700791425,189099
00920017,bending,blind_sub,3.896110172717654,200247,98608,0.49243184666936335,203697
00920017,bending,mech_sub,3.896110172717654,142450,70752,0.4966795366795367,148352
00910054,compression,grefem,18.44698067811421,396609,48425,0.1220975822535545,397846
00910054,compression,blind_sub,18.44698067811421,288067,38567,0.13388204827349193,295967
00910054,compression,mech_sub,18.44698067811421,193177,11481,0.059432541141026106,197243
00910047,bending,grefem,1.611265122346434,40103,16120,0.40196494027878216,44676
00910047,bending,blind_sub,1.611265122346434,43990,20719,0.4709934075926347,48846
00910047,bending,mech_sub,1.611265122346434,32402,8649,0.26692796740941915,36515
00920017,torsion_compression,grefem,3.896110172717654,178199,51904,0.2912698724459733,179615
00920017,torsion_compression,blind_sub,3.896110172717654,185330,71000,0.3831004154750985,188822
00920017,torsion_compression,mech_sub,3.896110172717654,191670,77825,0.4060364167579694,197224
00910054,bending,grefem,18.44698067811421,396609,61702,0.15557387754690388,397846
00910054,bending,blind_sub,18.44698067811421,288067,47954,0.16646821746329846,295967
00910054,bending,mech_sub,18.44698067811421,80611,13833,0.17160189056084157,92950
00920017,bending_compression,grefem,3.896110172717654,187956,72357,0.3849677584115431,189323
00920017,bending_compression,blind_sub,3.896110172717654,200962,101100,0.5030801843134522,204303
00920017,bending_compression,mech_sub,3.896110172717654,164919,99446,0.6029990480175116,170576
00930059,bending,grefem,3.106498667610812,18538,168,0.009062466285467688,29387
00930059,bending,blind_sub,3.106498667610812,24990,459,0.018367346938775512,32044
00930059,bending,mech_sub,3.106498667610812,26024,682,0.026206578542883493,31705
00930059,compression,grefem,3.106498667610812,18538,1910,0.10303161074549574,29387
00930059,compression,blind_sub,3.106498667610812,24990,1895,0.07583033213285315,32044
00930059,compression,mech_sub,3.106498667610812,26020,2211,0.08497309761721752,32203
00910054,torsion_compression,grefem,18.44698067811421,396609,37045,0.09340433525209968,397846
00910054,torsion_compression,blind_sub,18.44698067811421,288067,22858,0.07934959575376561,295967
00910054,torsion_compression,mech_sub,18.44698067811421,96687,7094,0.07337077373380083,107846
00920017,compression,grefem,3.896110172717654,186933,63122,0.33767178614797816,188340
00920017,compression,blind_sub,3.896110172717654,199683,96981,0.48567479454936074,203108
00920017,compression,mech_sub,3.896110172717654,174726,75730,0.43342147133225734,180349
00920017,torsion,grefem,3.896110172717654,186802,63636,0.3406601642380703,188150
00920017,torsion,blind_sub,3.896110172717654,196290,90374,0.46041061694431706,199785
00920017,torsion,mech_sub,3.896110172717654,167022,72752,0.43558333632695095,172812
00930059,bending_compression,grefem,3.106498667610812,18538,52,0.002805049088359046,29387
00930059,bending_compression,blind_sub,3.106498667610812,24990,82,0.003281312525010004,32044
00930059,bending_compression,mech_sub,3.106498667610812,25060,140,0.00558659217877095,32173
00930059,torsion_compression,grefem,3.106498667610812,18538,45,0.002427446326464559,29387
00930059,torsion_compression,blind_sub,3.106498667610812,24990,127,0.0050820328131252505,32044
00930059,torsion_compression,mech_sub,3.106498667610812,25965,100,0.0038513383400731755,31935
00930001,compression,grefem,3.447765247728064,262126,101035,0.38544440459931484,262305
00930001,compression,blind_sub,3.447765247728064,272569,102711,0.37682568450557474,272579
00930001,compression,mech_sub,3.447765247728064,267071,103273,0.38668743517641374,269432
00930001,bending,grefem,3.447765247728064,261835,61818,0.2360952508259018,262002
00930001,bending,blind_sub,3.447765247728064,266157,60568,0.22756493347911194,266188
00930001,bending,mech_sub,3.447765247728064,274539,62692,0.22835371295152965,274545
00930010,compression,grefem,2.894304271148857,224757,97253,0.4327028746601886,225206
00930010,compression,blind_sub,2.894304271148857,242162,106803,0.4410394694460733,242167
00930010,compression,mech_sub,2.894304271148857,215257,102979,0.4784002378552149,217566
00930001,torsion,grefem,3.447765247728064,271118,116567,0.42994932095987726,271133
00930001,torsion,blind_sub,3.447765247728064,266157,114612,0.43061801868821786,266188
00930001,torsion,mech_sub,3.447765247728064,272066,116093,0.4267089603258033,272093
00930059,torsion,grefem,3.106498667610812,18538,81,0.004369403387636207,29387
00930059,torsion,blind_sub,3.106498667610812,24990,286,0.011444577831132454,32044
00930059,torsion,mech_sub,3.106498667610812,27579,422,0.015301497516226115,32321
00930010,bending,grefem,2.894304271148857,239093,52448,0.2193623401772532,239267
00930010,bending,blind_sub,2.894304271148857,242511,57797,0.23832733360548594,242521
00930010,bending,mech_sub,2.894304271148857,235157,63123,0.2684291771029568,237522
00930001,bending_compression,grefem,3.447765247728064,266294,114877,0.43139161978865465,266355
00930001,bending_compression,blind_sub,3.447765247728064,272569,118064,0.43315270628721536,272579
00930001,bending_compression,mech_sub,3.447765247728064,271442,115891,0.4269457195275602,273543
00910054,bending_compression,grefem,18.44698067811421,396609,57933,0.14607081533701957,397846
00910054,bending_compression,blind_sub,18.44698067811421,288067,41688,0.14471633335300468,295967
00910054,bending_compression,mech_sub,18.44698067811421,91195,13150,0.1441965020012062,102565
00930010,bending_compression,grefem,2.894304271148857,214809,101395,0.47202398409750057,215326
00930010,bending_compression,blind_sub,2.894304271148857,212206,103414,0.4873283507535131,212219
00930010,bending_compression,mech_sub,2.894304271148857,206976,85766,0.41437654607297464,209558
00930010,torsion,grefem,2.894304271148857,221878,83309,0.3754721062926473,222391
00930010,torsion,blind_sub,2.894304271148857,242436,96930,0.3998168588823442,242442
00930010,torsion,mech_sub,2.894304271148857,216355,90076,0.41633426544336855,218678
00930001,torsion_compression,grefem,3.447765247728064,265920,124067,0.46655761131167267,266009
00930001,torsion_compression,blind_sub,3.447765247728064,262785,122238,0.4651635367315486,262816
00930001,torsion_compression,mech_sub,3.447765247728064,269524,120209,0.44600480847716717,271655
00930010,torsion_compression,grefem,2.894304271148857,216755,95391,0.4400867338700376,217477
00930010,torsion_compression,blind_sub,2.894304271148857,214009,95302,0.4453177202827918,214018
00930010,torsion_compression,mech_sub,2.894304271148857,211211,75399,0.3569842479795086,213747
00940015,bending,grefem,2.57350182858504,124680,24855,0.19935033686236767,127089
00940015,bending,blind_sub,2.57350182858504,136897,29481,0.21535168776525418,139283
00940015,bending,mech_sub,2.57350182858504,119362,34688,0.29061175248404014,124410
00940015,compression,grefem,2.57350182858504,123612,33178,0.2684043620360483,125895
00940015,compression,blind_sub,2.57350182858504,129173,37242,0.28831102474975423,131621
00940015,compression,mech_sub,2.57350182858504,112302,28767,0.256157503873484,116648
00940015,torsion,grefem,2.57350182858504,123952,28368,0.22886278559442363,126284
00940015,torsion,blind_sub,2.57350182858504,121084,28615,0.2363235439859932,123486
00940015,torsion,mech_sub,2.57350182858504,116481,26595,0.22832049862209286,121358
00940015,torsion_compression,grefem,2.57350182858504,127718,16278,0.12745266916174697,129923
00940015,torsion_compression,blind_sub,2.57350182858504,137459,16518,0.12016674062811457,139822
00940015,torsion_compression,mech_sub,2.57350182858504,112624,7308,0.0648884784770564,117274
00940015,bending_compression,grefem,2.57350182858504,119142,21329,0.17902167161874066,121816
00940015,bending_compression,blind_sub,2.57350182858504,116243,19372,0.1666508951076624,118722
00940015,bending_compression,mech_sub,2.57350182858504,112424,11104,0.0987689461324984,117254
00960099,bending,grefem,2.331937613505935,142543,37450,0.262727738296514,143474
00960099,bending,blind_sub,2.331937613505935,145611,39634,0.2721909745829642,147028
00960099,bending,mech_sub,2.331937613505935,124638,37348,0.29965179158844013,131087
00960099,torsion,grefem,2.331937613505935,141655,58751,0.4147470968197381,142591
00960099,torsion,blind_sub,2.331937613505935,144781,65656,0.45348491860119766,146225
00960099,torsion,mech_sub,2.331937613505935,122518,47173,0.38502913857555626,128738
00960099,compression,grefem,2.331937613505935,142543,40468,0.2839002967525589,143474
00960099,compression,blind_sub,2.331937613505935,145611,45209,0.31047791719032214,147028
00960099,compression,mech_sub,2.331937613505935,127776,52951,0.4144048960681192,132652
00960099,bending_compression,grefem,2.331937613505935,141749,45654,0.32207634621761,142676
00960099,bending_compression,blind_sub,2.331937613505935,144760,48981,0.33836004421110805,146180
00960099,bending_compression,mech_sub,2.331937613505935,132200,51734,0.39133131618759454,138169
00940077,compression,grefem,1.674784508052646,95023,43498,0.45776285741346834,98328
00940077,compression,blind_sub,1.674784508052646,103450,41740,0.40347994200096665,104445
00940077,compression,mech_sub,1.674784508052646,92830,48657,0.5241516751050307,97831
00940077,bending,grefem,1.674784508052646,146992,87976,0.5985087623816262,148013
00940077,bending,blind_sub,1.674784508052646,153603,93502,0.6087250900047525,154359
00940077,bending,mech_sub,1.674784508052646,145475,89972,0.6184705275820588,150070
00960099,torsion_compression,grefem,2.331937613505935,142371,40557,0.28486840718966644,143312
00960099,torsion_compression,blind_sub,2.331937613505935,145601,43679,0.2999910714898936,147035
00960099,torsion_compression,mech_sub,2.331937613505935,124418,40484,0.3253870018807568,129356
00990098,torsion,grefem,3.9003896617622096,65891,14037,0.21303364647675707,71480
00990098,torsion,blind_sub,3.9003896617622096,65106,12978,0.19933646668509813,70573
00990098,torsion,mech_sub,3.9003896617622096,68955,32049,0.464781379160322,74774
00990059,torsion,grefem,1.5070229182477235,30926,7607,0.24597426113949428,36446
00990059,torsion,blind_sub,1.5070229182477235,33603,9621,0.2863137219891081,38461
00990059,torsion,mech_sub,1.5070229182477235,28189,4622,0.16396466706871474,34163
00990059,compression,grefem,1.5070229182477235,38530,9009,0.23381780430833118,43670
00990059,compression,blind_sub,1.5070229182477235,41494,12983,0.31288861040150384,46137
00990059,compression,mech_sub,1.5070229182477235,33438,7671,0.2294096536874215,40364
00940077,torsion,grefem,1.674784508052646,156881,124923,0.7962914565817403,157416
00940077,torsion,blind_sub,1.674784508052646,153603,122262,0.7959610163863987,154359
00940077,torsion,mech_sub,1.674784508052646,143304,109682,0.7653798916987663,147531
00990098,bending,grefem,3.9003896617622096,46104,4241,0.09198768002776332,52206
00990098,bending,blind_sub,3.9003896617622096,47916,4334,0.09044995408631772,53911
00990098,bending,mech_sub,3.9003896617622096,50476,5954,0.11795704889452413,56810
00940077,bending_compression,grefem,1.674784508052646,156881,110267,0.7028703284655248,157416
00940077,bending_compression,blind_sub,1.674784508052646,153603,103807,0.675813623431834,154359
00940077,bending_compression,mech_sub,1.674784508052646,150032,87102,0.5805561480217554,154645
00990098,torsion_compression,grefem,3.9003896617622096,56311,12085,0.21461170996785708,62179
00990098,torsion_compression,blind_sub,3.9003896617622096,56543,8051,0.14238720973418462,62197
00990098,torsion_compression,mech_sub,3.9003896617622096,52247,12128,0.23212816046854365,58457
00990098,compression,grefem,3.9003896617622096,44495,7646,0.17183953253174514,50630
00990098,compression,blind_sub,3.9003896617622096,45621,5653,0.1239122334012845,51812
00990098,compression,mech_sub,3.9003896617622096,45561,5541,0.1216171725818134,51663
00990098,bending_compression,grefem,3.9003896617622096,66974,13269,0.19812165915131244,72653
00990098,bending_compression,blind_sub,3.9003896617622096,65364,10854,0.16605470901413621,70776
00990098,bending_compression,mech_sub,3.9003896617622096,64316,16812,0.26139685303812427,70362
00990059,bending_compression,grefem,1.5070229182477235,18416,14067,0.7638466550825369,24447
00990059,bending_compression,blind_sub,1.5070229182477235,2016,903,0.4479166666666667,8573
00990059,bending_compression,mech_sub,1.5070229182477235,15987,6930,0.43347720022518293,22296
00990059,bending,grefem,1.5070229182477235,30926,8839,0.28581129146996054,36446
00990059,bending,blind_sub,1.5070229182477235,33590,10591,0.3153021732658529,38437
00990059,bending,mech_sub,1.5070229182477235,26835,4014,0.1495807713806596,32811
00940077,torsion_compression,grefem,1.674784508052646,162856,110265,0.6770705408459007,163577
00940077,torsion_compression,blind_sub,1.674784508052646,153603,102277,0.6658528804775948,154359
00940077,torsion_compression,mech_sub,1.674784508052646,144278,87958,0.6096424957373958,148420
00990059,torsion_compression,grefem,1.5070229182477235,24338,16210,0.6660366505053825,30018
00990059,torsion_compression,blind_sub,1.5070229182477235,27576,15854,0.5749202204815782,32615
00990059,torsion_compression,mech_sub,1.5070229182477235,22120,7373,0.33331826401446657,28186
Mechanical_Parts_Mountings_SK08_SK08-SK08,compression,grefem,2.255915879577157,43223,24147,0.5586608981329385,49202
Mechanical_Parts_Mountings_SK08_SK08-SK08,compression,blind_sub,2.255915879577157,42937,28233,0.6575447749027645,49371
Mechanical_Parts_Mountings_SK08_SK08-SK08,compression,mech_sub,2.255915879577157,40545,38575,0.9514120113454186,45620
Mechanical_Parts_Mountings_SK08_SK08-SK08,torsion,grefem,2.255915879577157,41919,23445,0.5592929220639805,48152
Mechanical_Parts_Mountings_SK08_SK08-SK08,torsion,blind_sub,2.255915879577157,42073,26796,0.6368930192760203,48451
Mechanical_Parts_Mountings_SK08_SK08-SK08,torsion,mech_sub,2.255915879577157,40829,36923,0.9043327046951921,46105
Mechanical_Parts_Mountings_SK08_SK08-SK08,bending_compression,grefem,2.255915879577157,41919,10329,0.24640377871609534,48152
Mechanical_Parts_Mountings_SK08_SK08-SK08,bending_compression,blind_sub,2.255915879577157,42589,10677,0.25069853718096224,48905
Mechanical_Parts_Mountings_SK08_SK08-SK08,bending_compression,mech_sub,2.255915879577157,38206,133,0.0034811286185415903,43505
Mechanical_Parts_Mountings_SK08_SK08-SK08,torsion_compression,grefem,2.255915879577157,41997,10452,0.24887491963711694,48303
Mechanical_Parts_Mountings_SK08_SK08-SK08,torsion_compression,blind_sub,2.255915879577157,42299,10801,0.25534882621338567,48734
Mechanical_Parts_Mountings_SK08_SK08-SK08,torsion_compression,mech_sub,2.255915879577157,39124,129,0.003297208874348226,44372
Mechanical_Parts_Mountings_SK08_SK08-SK08,bending,grefem,2.255915879577157,35943,12549,0.34913613220933143,42774
Mechanical_Parts_Mountings_SK08_SK08-SK08,bending,blind_sub,2.255915879577157,36698,12169,0.33159845223172923,43267
Mechanical_Parts_Mountings_SK08_SK08-SK08,bending,mech_sub,2.255915879577157,33842,26015,0.768719342828438,38778
Mechanical_Parts_Mountings_SHF08_SHF08,bending_compression,grefem,2.0134393163047686,16359,1636,0.10000611284308332,22308
Mechanical_Parts_Mountings_SHF08_SHF08,bending_compression,blind_sub,2.0134393163047686,15228,4239,0.2783687943262411,22240
Mechanical_Parts_Mountings_SHF08_SHF08,bending_compression,mech_sub,2.0134393163047686,16105,125,0.00776156473144986,21739
Electrical_Parts_Servos_SG-90_Servo-sg90,bending,grefem,2.111508874378154,28090,6351,0.2260946956212175,33220
Electrical_Parts_Servos_SG-90_Servo-sg90,bending,blind_sub,2.111508874378154,30983,9600,0.3098473356356712,36435
Electrical_Parts_Servos_SG-90_Servo-sg90,bending,mech_sub,2.111508874378154,29289,10206,0.3484584656355628,34775
Electrical_Parts_Servos_SG-90_Servo-sg90,compression,grefem,2.111508874378154,49983,10052,0.20110837684812835,55357
Electrical_Parts_Servos_SG-90_Servo-sg90,compression,blind_sub,2.111508874378154,50993,14422,0.2828231325868256,56421
Electrical_Parts_Servos_SG-90_Servo-sg90,compression,mech_sub,2.111508874378154,45391,24912,0.5488312661100219,51027
Electrical_Parts_Servos_SG-90_Servo-sg90,bending_compression,grefem,2.111508874378154,55420,20952,0.3780584626488632,60412
Electrical_Parts_Servos_SG-90_Servo-sg90,bending_compression,blind_sub,2.111508874378154,56947,34633,0.6081619751698948,62482
Electrical_Parts_Servos_SG-90_Servo-sg90,bending_compression,mech_sub,2.111508874378154,51776,31629,0.6108814894932015,57007
Electrical_Parts_Servos_SG-90_Servo-sg90,torsion_compression,grefem,2.111508874378154,55274,21822,0.3947968303361436,60279
Electrical_Parts_Servos_SG-90_Servo-sg90,torsion_compression,blind_sub,2.111508874378154,56440,35232,0.6242381289865344,61890
Electrical_Parts_Servos_SG-90_Servo-sg90,torsion_compression,mech_sub,2.111508874378154,35331,24673,0.6983385695281764,39358
Mechanical_Parts_Mountings_SHF08_SHF08,torsion_compression,grefem,2.0134393163047686,28591,5359,0.1874366059249414,34086
Mechanical_Parts_Mountings_SHF08_SHF08,torsion_compression,blind_sub,2.0134393163047686,26514,3739,0.1410198385758467,30997
Mechanical_Parts_Mountings_SHF08_SHF08,torsion_compression,mech_sub,2.0134393163047686,26600,1105,0.04154135338345865,32400
Mechanical_Parts_Mountings_SHF08_SHF08,torsion,grefem,2.0134393163047686,82287,14224,0.17285841019845177,85818
Mechanical_Parts_Mountings_SHF08_SHF08,torsion,blind_sub,2.0134393163047686,84661,13542,0.1599555875786962,88188
Mechanical_Parts_Mountings_SHF08_SHF08,torsion,mech_sub,2.0134393163047686,62341,42068,0.6748047031648514,68175
Electrical_Parts_Servos_SG-90_Servo-sg90,torsion,grefem,2.111508874378154,61125,7481,0.12238854805725971,66341
Electrical_Parts_Servos_SG-90_Servo-sg90,torsion,blind_sub,2.111508874378154,64225,15318,0.23850525496302064,69336
Electrical_Parts_Servos_SG-90_Servo-sg90,torsion,mech_sub,2.111508874378154,28787,2760,0.09587661097022962,32683
Mechanical_Parts_Mountings_SHF08_SHF08,compression,grefem,2.0134393163047686,70157,28741,0.409666889975341,74006
Mechanical_Parts_Mountings_SHF08_SHF08,compression,blind_sub,2.0134393163047686,69058,22586,0.327058414665933,72679
Mechanical_Parts_Mountings_SHF08_SHF08,compression,mech_sub,2.0134393163047686,64000,22605,0.353203125,68562
Mechanical_Parts_Mountings_SHF08_SHF08,bending,grefem,2.0134393163047686,89653,15279,0.1704237448830491,92880
Mechanical_Parts_Mountings_SHF08_SHF08,bending,blind_sub,2.0134393163047686,84215,13692,0.16258386273229233,87725
Mechanical_Parts_Mountings_SHF08_SHF08,bending,mech_sub,2.0134393163047686,62711,35693,0.5691664939165377,68475
