object,load_case,method,r,n_anchors,matched_anchors,n_gt,matched_gt
00020006,torsion,grefem_eq,2.7141858501126963,3516,911,3516,2805
00020006,torsion,heuristic_eq,2.7141858501126963,3516,795,3516,3031
00020006,torsion,mech,2.7141858501126963,2309,732,3516,2923
00020006,bending_compression,grefem_eq,2.7141858501126963,4289,564,4289,3313
00020006,bending_compression,heuristic_eq,2.7141858501126963,4289,342,4289,3337
00020006,bending_compression,mech,2.7141858501126963,2226,343,4289,3180
00020006,compression,grefem_eq,2.7141858501126963,2819,582,2819,2431
00020006,compression,heuristic_eq,2.7141858501126963,2819,232,2819,2300
00020006,compression,mech,2.7141858501126963,2354,267,2819,2317
00020006,bending,grefem_eq,2.7141858501126963,1098,565,1098,844
00020006,bending,heuristic_eq,2.7141858501126963,1098,87,1098,694
00020006,bending,mech,2.7141858501126963,2260,519,1098,767
00200022,torsion_compression,grefem_eq,2.837425862656248,3923,206,3923,28
00200022,torsion_compression,heuristic_eq,2.837425862656248,3923,164,3923,28
00200022,torsion_compression,mech,2.837425862656248,1141,0,3923,0
00200030,compression,grefem_eq,7.972502839812068,1352,199,1352,1162
00200030,compression,heuristic_eq,7.972502839812068,1352,356,1352,1317
00200030,compression,mech,7.972502839812068,390,206,1352,517
00200030,bending,grefem_eq,7.972502839812068,1352,195,1352,425
00200030,bending,heuristic_eq,7.972502839812068,1352,384,1352,1297
00200030,bending,mech,7.972502839812068,391,240,1352,743
00200030,torsion,grefem_eq,7.972502839812068,1352,231,1352,1314
00200030,torsion,heuristic_eq,7.972502839812068,1352,365,1352,1343
00200030,torsion,mech,7.972502839812068,414,226,1352,133
00040089,compression,grefem_eq,3.1638531121206728,3073,716,3073,2854
00040089,compression,heuristic_eq,3.1638531121206728,3073,767,3073,3073
00040089,compression,mech,3.1638531121206728,1353,263,3073,2748
00040089,bending,grefem_eq,3.1638531121206728,3073,395,3073,2921
00040089,bending,heuristic_eq,3.1638531121206728,3073,429,3073,3069
00040089,bending,mech,3.1638531121206728,904,237,3073,3008
00200002,compression,grefem_eq,3.0881906599723283,267,81,267,267
00200002,compression,heuristic_eq,3.0881906599723283,267,178,267,267
00200002,compression,mech,3.0881906599723283,89,89,267,186
00200002,bending,grefem_eq,3.0881906599723283,267,23,267,174
00200002,bending,heuristic_eq,3.0881906599723283,267,126,267,267
00200002,bending,mech,3.0881906599723283,50,50,267,156
00170059,bending,grefem_eq,2.5917533708774494,1626,25,1626,231
00170059,bending,heuristic_eq,2.5917533708774494,1626,154,1626,1583
00170059,bending,mech,2.5917533708774494,1236,282,1626,1610
00170059,torsion,grefem_eq,2.5917533708774494,2063,486,2063,869
00170059,torsion,heuristic_eq,2.5917533708774494,2063,644,2063,2063
00170059,torsion,mech,2.5917533708774494,1268,339,2063,1608
00200008,bending,grefem_eq,2.516885539776645,1499,171,1499,1499
00200008,bending,heuristic_eq,2.516885539776645,1499,221,1499,1499
00200008,bending,mech,2.516885539776645,439,73,1499,515
00200008,torsion,grefem_eq,2.516885539776645,1499,181,1499,1383
00200008,torsion,heuristic_eq,2.516885539776645,1499,283,1499,1433
00200008,torsion,mech,2.516885539776645,431,87,1499,1165
00200002,torsion,grefem_eq,3.0881906599723283,267,93,267,267
00200002,torsion,heuristic_eq,3.0881906599723283,267,131,267,267
00200002,torsion,mech,3.0881906599723283,50,0,267,0
00200002,bending_compression,grefem_eq,3.0881906599723283,267,36,267,267
00200002,bending_compression,heuristic_eq,3.0881906599723283,267,0,267,0
00200002,bending_compression,mech,3.0881906599723283,50,0,267,0
00100056,torsion,grefem_eq,2.367723196993701,2298,728,2298,2292
00100056,torsion,heuristic_eq,2.367723196993701,2298,203,2298,2292
00100056,torsion,mech,2.367723196993701,2047,253,2298,1137
00100056,bending_compression,grefem_eq,2.367723196993701,2381,465,2381,1849
00100056,bending_compression,heuristic_eq,2.367723196993701,2381,347,2381,2183
00100056,bending_compression,mech,2.367723196993701,1991,0,2381,0
00060057,bending_compression,grefem_eq,1.7583462039625934,6536,1501,6536,6536
00060057,bending_compression,heuristic_eq,1.7583462039625934,6536,1642,6536,6536
00060057,bending_compression,mech,1.7583462039625934,2148,932,6536,4531
00060057,torsion_compression,grefem_eq,1.7583462039625934,6536,1003,6536,6536
00060057,torsion_compression,heuristic_eq,1.7583462039625934,6536,1204,6536,6536
00060057,torsion_compression,mech,1.7583462039625934,2151,542,6536,3180
00060017,compression,grefem_eq,4.862058446842274,5467,911,5467,5467
00060017,compression,heuristic_eq,4.862058446842274,5467,875,5467,5467
00060017,compression,mech,4.862058446842274,5314,870,5467,5467
00060017,bending,grefem_eq,4.862058446842274,5467,2389,5467,5357
00060017,bending,heuristic_eq,4.862058446842274,5467,2347,5467,5367
00060017,bending,mech,4.862058446842274,1686,272,5467,38
00160092,compression,grefem_eq,3.108459431104584,400,10,400,259
00160092,compression,heuristic_eq,3.108459431104584,400,44,400,137
00160092,compression,mech,3.108459431104584,1946,611,400,141
00160092,bending,grefem_eq,3.108459431104584,400,8,400,87
00160092,bending,heuristic_eq,3.108459431104584,400,32,400,303
00160092,bending,mech,3.108459431104584,1873,456,400,313
00160091,bending_compression,grefem_eq,3.923714378885471,3249,55,3249,174
00160091,bending_compression,heuristic_eq,3.923714378885471,3249,100,3249,2812
00160091,bending_compression,mech,3.923714378885471,1571,5,3249,70
00160091,torsion_compression,grefem_eq,3.923714378885471,725,10,725,9
00160091,torsion_compression,heuristic_eq,3.923714378885471,725,33,725,446
00160091,torsion_compression,mech,3.923714378885471,1529,0,725,0
00160092,torsion,grefem_eq,3.108459431104584,796,28,796,153
00160092,torsion,heuristic_eq,3.108459431104584,796,142,796,652
00160092,torsion,mech,3.108459431104584,1829,711,796,652
00160092,bending_compression,grefem_eq,3.108459431104584,472,25,472,182
00160092,bending_compression,heuristic_eq,3.108459431104584,472,3,472,186
00160092,bending_compression,mech,3.108459431104584,1844,0,472,0
00160047,torsion_compression,grefem_eq,3.448303522157884,2089,921,2089,1893
00160047,torsion_compression,heuristic_eq,3.448303522157884,2089,730,2089,2071
00160047,torsion_compression,mech,3.448303522157884,896,324,2089,955
00160091,compression,grefem_eq,3.923714378885471,1084,263,1084,1020
00160091,compression,heuristic_eq,3.923714378885471,1084,195,1084,1081
00160091,compression,mech,3.923714378885471,1541,530,1084,118
00050000,bending,grefem_eq,3.0708307403151744,848,53,848,138
00050000,bending,heuristic_eq,3.0708307403151744,848,85,848,848
00050000,bending,mech,3.0708307403151744,561,0,848,0
00050000,torsion,grefem_eq,3.0708307403151744,1559,193,1559,994
00050000,torsion,heuristic_eq,3.0708307403151744,1559,449,1559,1342
00050000,torsion,mech,3.0708307403151744,600,45,1559,126
00100056,compression,grefem_eq,2.367723196993701,2251,495,2251,2250
00100056,compression,heuristic_eq,2.367723196993701,2251,346,2251,2251
00100056,compression,mech,2.367723196993701,4040,458,2251,954
00100056,bending,grefem_eq,2.367723196993701,658,188,658,658
00100056,bending,heuristic_eq,2.367723196993701,658,44,658,543
00100056,bending,mech,2.367723196993701,2009,87,658,579
00060017,torsion_compression,grefem_eq,4.862058446842274,5467,738,5467,3663
00060017,torsion_compression,heuristic_eq,4.862058446842274,5467,1266,5467,3678
00060017,torsion_compression,mech,4.862058446842274,1865,416,5467,2973
00060057,compression,grefem_eq,1.7583462039625934,6536,722,6536,6536
00060057,compression,heuristic_eq,1.7583462039625934,6536,836,6536,6536
00060057,compression,mech,1.7583462039625934,3923,78,6536,35
00060017,torsion,grefem_eq,4.862058446842274,5467,1131,5467,5374
00060017,torsion,heuristic_eq,4.862058446842274,5467,1155,5467,5384
00060017,torsion,mech,4.862058446842274,1870,796,5467,5379
00060017,bending_compression,grefem_eq,4.862058446842274,5467,889,5467,2710
00060017,bending_compression,heuristic_eq,4.862058446842274,5467,1827,5467,4922
00060017,bending_compression,mech,4.862058446842274,1706,194,5467,575
00060057,bending,grefem_eq,1.7583462039625934,6536,951,6536,6536
00060057,bending,heuristic_eq,1.7583462039625934,6536,1120,6536,6536
00060057,bending,mech,1.7583462039625934,2216,172,6536,6449
00060057,torsion,grefem_eq,1.7583462039625934,6536,1318,6536,6536
00060057,torsion,heuristic_eq,1.7583462039625934,6536,1514,6536,6536
00060057,torsion,mech,1.7583462039625934,2094,392,6536,2706
00110070,bending,grefem_eq,2.9661151798784133,713,29,713,513
00110070,bending,heuristic_eq,2.9661151798784133,713,50,713,607
00110070,bending,mech,2.9661151798784133,2345,0,713,0
00110070,torsion,grefem_eq,2.9661151798784133,809,38,809,787
00110070,torsion,heuristic_eq,2.9661151798784133,809,25,809,800
00110070,torsion,mech,2.9661151798784133,2368,109,809,794
00200002,torsion_compression,grefem_eq,3.0881906599723283,267,0,267,0
00200002,torsion_compression,heuristic_eq,3.0881906599723283,267,0,267,0
00200002,torsion_compression,mech,3.0881906599723283,50,0,267,0
00200008,compression,grefem_eq,2.516885539776645,1499,270,1499,1499
00200008,compression,heuristic_eq,2.516885539776645,1499,278,1499,1499
00200008,compression,mech,2.516885539776645,514,113,1499,690
00130015,torsion_compression,grefem_eq,1.547273225588062,6192,139,6192,742
00130015,torsion_compression,heuristic_eq,1.547273225588062,6192,201,6192,484
00130015,torsion_compression,mech,1.547273225588062,1893,197,6192,462
00130059,compression,grefem_eq,1.547273225588062,6192,350,6192,1965
00130059,compression,heuristic_eq,1.547273225588062,6192,525,6192,2348
00130059,compression,mech,1.547273225588062,2603,479,6192,2259
00050000,bending_compression,grefem_eq,3.0708307403151744,1390,45,1390,393
00050000,bending_compression,heuristic_eq,3.0708307403151744,1390,163,1390,420
00050000,bending_compression,mech,3.0708307403151744,611,118,1390,419
00050000,torsion_compression,grefem_eq,3.0708307403151744,1467,54,1467,142
00050000,torsion_compression,heuristic_eq,3.0708307403151744,1467,128,1467,361
00050000,torsion_compression,mech,3.0708307403151744,610,89,1467,329
00030040,bending_compression,grefem_eq,2.894300499375506,8231,3535,8231,8125
00030040,bending_compression,heuristic_eq,2.894300499375506,8231,4369,8231,8122
00030040,bending_compression,mech,2.894300499375506,2945,1398,8231,6910
00030040,torsion_compression,grefem_eq,2.894300499375506,8601,2027,8601,8593
00030040,torsion_compression,heuristic_eq,2.894300499375506,8601,1894,8601,8589
00030040,torsion_compression,mech,2.894300499375506,3069,1009,8601,5692
00200008,bending_compression,grefem_eq,2.516885539776645,1499,437,1499,1439
00200008,bending_compression,heuristic_eq,2.516885539776645,1499,611,1499,1499
00200008,bending_compression,mech,2.516885539776645,416,158,1499,647
00200008,torsion_compression,grefem_eq,2.516885539776645,1499,299,1499,1473
00200008,torsion_compression,heuristic_eq,2.516885539776645,1499,456,1499,1499
00200008,torsion_compression,mech,2.516885539776645,426,116,1499,1131
00160015,bending,grefem_eq,2.683520603474303,206,22,206,64
00160015,bending,heuristic_eq,2.683520603474303,206,4,206,21
00160015,bending,mech,2.683520603474303,1992,11,206,54
00160015,torsion,grefem_eq,2.683520603474303,3815,170,3815,1436
00160015,torsion,heuristic_eq,2.683520603474303,3815,910,3815,3488
00160015,torsion,mech,2.683520603474303,2028,276,3815,2120
00170038,torsion_compression,grefem_eq,1.3684133560964935,3129,445,3129,2730
00170038,torsion_compression,heuristic_eq,1.3684133560964935,3129,322,3129,2870
00170038,torsion_compression,mech,1.3684133560964935,2458,476,3129,2869
00170059,compression,grefem_eq,2.5917533708774494,1889,324,1889,647
00170059,compression,heuristic_eq,2.5917533708774494,1889,462,1889,1889
00170059,compression,mech,2.5917533708774494,1336,271,1889,1631
00150013,bending_compression,grefem_eq,1.506754551293853,5397,401,5397,778
00150013,bending_compression,heuristic_eq,1.506754551293853,5397,1082,5397,5397
00150013,bending_compression,mech,1.506754551293853,2686,260,5397,770
00150013,torsion_compression,grefem_eq,1.506754551293853,4876,140,4876,3965
00150013,torsion_compression,heuristic_eq,1.506754551293853,4876,786,4876,4876
00150013,torsion_compression,mech,1.506754551293853,2684,19,4876,29
00150032,torsion_compression,grefem_eq,1.4277971172403086,10700,818,10700,5741
00150032,torsion_compression,heuristic_eq,1.4277971172403086,10700,1058,10700,8114
00150032,torsion_compression,mech,1.4277971172403086,3269,758,10700,7958
00160015,compression,grefem_eq,2.683520603474303,7035,1340,7035,6819
00160015,compression,heuristic_eq,2.683520603474303,7035,1688,7035,6300
00160015,compression,mech,2.683520603474303,2007,284,7035,109
00110070,bending_compression,grefem_eq,2.9661151798784133,1255,51,1255,806
00110070,bending_compression,heuristic_eq,2.9661151798784133,1255,48,1255,1249
00110070,bending_compression,mech,2.9661151798784133,2374,161,1255,1255
00110070,torsion_compression,grefem_eq,2.9661151798784133,1539,58,1539,1234
00110070,torsion_compression,heuristic_eq,2.9661151798784133,1539,42,1539,1367
00110070,torsion_compression,mech,2.9661151798784133,2376,136,1539,1426
00060059,torsion,grefem_eq,2.081958849774459,8271,1867,8271,1842
00060059,torsion,heuristic_eq,2.081958849774459,8271,1833,8271,1855
00060059,torsion,mech,2.081958849774459,2452,665,8271,349
00060059,bending_compression,grefem_eq,2.081958849774459,6382,689,6382,505
00060059,bending_compression,heuristic_eq,2.081958849774459,6382,1302,6382,4687
00060059,bending_compression,mech,2.081958849774459,2479,739,6382,4108
00040089,torsion,grefem_eq,3.1638531121206728,3073,1036,3073,2702
00040089,torsion,heuristic_eq,3.1638531121206728,3073,1473,3073,2997
00040089,torsion,mech,3.1638531121206728,906,822,3073,2375
00040089,bending_compression,grefem_eq,3.1638531121206728,3073,328,3073,700
00040089,bending_compression,heuristic_eq,3.1638531121206728,3073,334,3073,194
00040089,bending_compression,mech,3.1638531121206728,1098,0,3073,0
00040089,torsion_compression,grefem_eq,3.1638531121206728,3073,91,3073,749
00040089,torsion_compression,heuristic_eq,3.1638531121206728,3073,49,3073,43
00040089,torsion_compression,mech,3.1638531121206728,903,0,3073,0
00050000,compression,grefem_eq,3.0708307403151744,367,2,367,1
00050000,compression,heuristic_eq,3.0708307403151744,367,14,367,357
00050000,compression,mech,3.0708307403151744,805,36,367,362
00200022,torsion,grefem_eq,2.837425862656248,3923,2020,3923,3013
00200022,torsion,heuristic_eq,2.837425862656248,3923,1876,3923,2998
00200022,torsion,mech,2.837425862656248,1114,895,3923,1853
00200022,bending_compression,grefem_eq,2.837425862656248,3923,1576,3923,405
00200022,bending_compression,heuristic_eq,2.837425862656248,3923,1310,3923,405
00200022,bending_compression,mech,2.837425862656248,1130,0,3923,0
00030040,bending,grefem_eq,2.894300499375506,7862,1791,7862,7859
00030040,bending,heuristic_eq,2.894300499375506,7862,1923,7862,7862
00030040,bending,mech,2.894300499375506,3053,1509,7862,7831
00030040,torsion,grefem_eq,2.894300499375506,10186,1336,10186,10186
00030040,torsion,heuristic_eq,2.894300499375506,10186,1308,10186,10186
00030040,torsion,mech,2.894300499375506,3070,1167,10186,10186
00100056,torsion_compression,grefem_eq,2.367723196993701,2436,555,2436,2125
00100056,torsion_compression,heuristic_eq,2.367723196993701,2436,362,2436,2224
00100056,torsion_compression,mech,2.367723196993701,2034,137,2436,262
00110070,compression,grefem_eq,2.9661151798784133,644,28,644,297
00110070,compression,heuristic_eq,2.9661151798784133,644,20,644,613
00110070,compression,mech,2.9661151798784133,2394,133,644,576
00170059,bending_compression,grefem_eq,2.5917533708774494,2044,281,2044,441
00170059,bending_compression,heuristic_eq,2.5917533708774494,2044,446,2044,718
00170059,bending_compression,mech,2.5917533708774494,1264,78,2044,97
00170059,torsion_compression,grefem_eq,2.5917533708774494,2007,188,2007,86
00170059,torsion_compression,heuristic_eq,2.5917533708774494,2007,191,2007,186
00170059,torsion_compression,mech,2.5917533708774494,1271,18,2007,7
00150032,compression,grefem_eq,1.4277971172403086,9752,812,9752,5382
00150032,compression,heuristic_eq,1.4277971172403086,9752,972,9752,9645
00150032,compression,mech,1.4277971172403086,10372,845,9752,8602
00150032,bending,grefem_eq,1.4277971172403086,9752,1001,9752,5538
00150032,bending,heuristic_eq,1.4277971172403086,9752,1049,9752,9516
00150032,bending,mech,1.4277971172403086,3212,439,9752,8158
00200022,compression,grefem_eq,2.837425862656248,3923,1863,3923,2383
00200022,compression,heuristic_eq,2.837425862656248,3923,1685,3923,2383
00200022,compression,mech,2.837425862656248,1135,948,3923,127
00200022,bending,grefem_eq,2.837425862656248,3923,1170,3923,612
00200022,bending,heuristic_eq,2.837425862656248,3923,1042,3923,612
00200022,bending,mech,2.837425862656248,1105,930,3923,609
00160015,bending_compression,grefem_eq,2.683520603474303,7035,1343,7035,6486
00160015,bending_compression,heuristic_eq,2.683520603474303,7035,1847,7035,6968
00160015,bending_compression,mech,2.683520603474303,1998,285,7035,1749
00160015,torsion_compression,grefem_eq,2.683520603474303,7035,1489,7035,6848
00160015,torsion_compression,heuristic_eq,2.683520603474303,7035,1917,7035,6978
00160015,torsion_compression,mech,2.683520603474303,2031,542,7035,3187
00060059,compression,grefem_eq,2.081958849774459,6382,826,6382,1286
00060059,compression,heuristic_eq,2.081958849774459,6382,1169,6382,1908
00060059,compression,mech,2.081958849774459,2738,446,6382,704
00060059,bending,grefem_eq,2.081958849774459,8271,1496,8271,737
00060059,bending,heuristic_eq,2.081958849774459,8271,1273,8271,833
00060059,bending,mech,2.081958849774459,2446,386,8271,190
00170038,torsion,grefem_eq,1.3684133560964935,6488,4537,6488,6012
00170038,torsion,heuristic_eq,1.3684133560964935,6488,3491,6488,6488
00170038,torsion,mech,1.3684133560964935,2408,1852,6488,6375
00170038,bending_compression,grefem_eq,1.3684133560964935,3192,337,3192,2363
00170038,bending_compression,heuristic_eq,1.3684133560964935,3192,435,3192,2686
00170038,bending_compression,mech,1.3684133560964935,2244,666,3192,2691
00020006,torsion_compression,grefem_eq,2.7141858501126963,4279,508,4279,3441
00020006,torsion_compression,heuristic_eq,2.7141858501126963,4279,293,4279,3298
00020006,torsion_compression,mech,2.7141858501126963,2271,267,4279,3092
00030040,compression,grefem_eq,2.894300499375506,8645,2100,8645,8629
00030040,compression,heuristic_eq,2.894300499375506,8645,2455,8645,8645
00030040,compression,mech,2.894300499375506,3137,1267,8645,8385
00160092,torsion_compression,grefem_eq,3.108459431104584,994,45,994,391
00160092,torsion_compression,heuristic_eq,3.108459431104584,994,22,994,687
00160092,torsion_compression,mech,3.108459431104584,1832,0,994,0
00170011,compression,grefem_eq,1.8283793726563604,1196,140,1196,1194
00170011,compression,heuristic_eq,1.8283793726563604,1196,80,1196,1194
00170011,compression,mech,1.8283793726563604,635,17,1196,855
00160091,bending,grefem_eq,3.923714378885471,777,79,777,749
00160091,bending,heuristic_eq,3.923714378885471,777,38,777,656
00160091,bending,mech,3.923714378885471,1588,38,777,718
00160091,torsion,grefem_eq,3.923714378885471,3547,749,3547,3406
00160091,torsion,heuristic_eq,3.923714378885471,3547,755,3547,3547
00160091,torsion,mech,3.923714378885471,1566,475,3547,181
00160047,torsion,grefem_eq,3.448303522157884,2167,1089,2167,2110
00160047,torsion,heuristic_eq,3.448303522157884,2167,1020,2167,2162
00160047,torsion,mech,3.448303522157884,887,404,2167,1743
00160047,bending_compression,grefem_eq,3.448303522157884,2275,745,2275,2275
00160047,bending_compression,heuristic_eq,3.448303522157884,2275,446,2275,2274
00160047,bending_compression,mech,3.448303522157884,897,168,2275,1282
00160047,compression,grefem_eq,3.448303522157884,2131,720,2131,2114
00160047,compression,heuristic_eq,3.448303522157884,2131,614,2131,2131
00160047,compression,mech,3.448303522157884,916,405,2131,1757
00160047,bending,grefem_eq,3.448303522157884,2118,609,2118,2073
00160047,bending,heuristic_eq,3.448303522157884,2118,458,2118,2117
00160047,bending,mech,3.448303522157884,884,303,2118,1524
00130015,compression,grefem_eq,1.547273225588062,6192,350,6192,1817
00130015,compression,heuristic_eq,1.547273225588062,6192,525,6192,2348
00130015,compression,mech,1.547273225588062,2639,484,6192,2252
00130015,bending,grefem_eq,1.547273225588062,3945,5,3945,206
00130015,bending,heuristic_eq,1.547273225588062,3945,275,3945,1303
00130015,bending,mech,1.547273225588062,1931,424,3945,1256
00130015,torsion,grefem_eq,1.547273225588062,6192,325,6192,1370
00130015,torsion,heuristic_eq,1.547273225588062,6192,493,6192,1777
00130015,torsion,mech,1.547273225588062,1945,333,6192,1705
00130015,bending_compression,grefem_eq,1.547273225588062,6192,141,6192,442
00130015,bending_compression,heuristic_eq,1.547273225588062,6192,211,6192,572
00130015,bending_compression,mech,1.547273225588062,1943,207,6192,545
00170038,compression,grefem_eq,1.3684133560964935,3226,2318,3226,3226
00170038,compression,heuristic_eq,1.3684133560964935,3226,1749,3226,3226
00170038,compression,mech,1.3684133560964935,6923,3585,3226,3226
00170038,bending,grefem_eq,1.3684133560964935,2716,928,2716,2715
00170038,bending,heuristic_eq,1.3684133560964935,2716,861,2716,2716
00170038,bending,mech,1.3684133560964935,2195,1176,2716,2690
00130059,bending,grefem_eq,1.547273225588062,6192,330,6192,1719
00130059,bending,heuristic_eq,1.547273225588062,6192,498,6192,2084
00130059,bending,mech,1.547273225588062,1959,427,6192,2002
00130059,torsion,grefem_eq,1.547273225588062,6192,322,6192,2229
00130059,torsion,heuristic_eq,1.547273225588062,6192,493,6192,1777
00130059,torsion,mech,1.547273225588062,1939,323,6192,1703
00140014,compression,grefem_eq,1.6555697229749224,654,322,654,146
00140014,compression,heuristic_eq,1.6555697229749224,654,478,654,364
00140014,compression,mech,1.6555697229749224,331,328,654,188
00140014,bending,grefem_eq,1.6555697229749224,654,0,654,0
00140014,bending,heuristic_eq,1.6555697229749224,654,42,654,190
00140014,bending,mech,1.6555697229749224,312,67,654,201
00140014,torsion_compression,grefem_eq,1.6555697229749224,654,0,654,0
00140014,torsion_compression,heuristic_eq,1.6555697229749224,654,5,654,123
00140014,torsion_compression,mech,1.6555697229749224,326,11,654,136
00150013,compression,grefem_eq,1.506754551293853,2995,0,2995,0
00150013,compression,heuristic_eq,1.506754551293853,2995,1919,2995,2995
00150013,compression,mech,1.506754551293853,2721,203,2995,916
00170011,bending,grefem_eq,1.8283793726563604,1196,139,1196,1196
00170011,bending,heuristic_eq,1.8283793726563604,1196,79,1196,1196
00170011,bending,mech,1.8283793726563604,574,19,1196,836
00170011,torsion,grefem_eq,1.8283793726563604,1190,40,1190,231
00170011,torsion,heuristic_eq,1.8283793726563604,1190,72,1190,1190
00170011,torsion,mech,1.8283793726563604,536,16,1190,526
00140014,torsion,grefem_eq,1.6555697229749224,654,0,654,0
00140014,torsion,heuristic_eq,1.6555697229749224,654,72,654,199
00140014,torsion,mech,1.6555697229749224,338,130,654,205
00140014,bending_compression,grefem_eq,1.6555697229749224,654,0,654,0
00140014,bending_compression,heuristic_eq,1.6555697229749224,654,4,654,55
00140014,bending_compression,mech,1.6555697229749224,311,8,654,55
00150013,bending,grefem_eq,1.506754551293853,3666,753,3666,2743
00150013,bending,heuristic_eq,1.506754551293853,3666,1863,3666,3666
00150013,bending,mech,1.506754551293853,2848,1493,3666,3599
00150013,torsion,grefem_eq,1.506754551293853,4499,1603,4499,4119
00150013,torsion,heuristic_eq,1.506754551293853,4499,2974,4499,4499
00150013,torsion,mech,1.506754551293853,2948,1898,4499,4475
00150032,torsion,grefem_eq,1.4277971172403086,9752,9734,9752,6755
00150032,torsion,heuristic_eq,1.4277971172403086,9752,9745,9752,9514
00150032,torsion,mech,1.4277971172403086,3295,3295,9752,8018
00150032,bending_compression,grefem_eq,1.4277971172403086,10700,808,10700,4989
00150032,bending_compression,heuristic_eq,1.4277971172403086,10700,925,10700,6545
00150032,bending_compression,mech,1.4277971172403086,3262,901,10700,6454
00130059,bending_compression,grefem_eq,1.547273225588062,6192,141,6192,442
00130059,bending_compression,heuristic_eq,1.547273225588062,6192,211,6192,572
00130059,bending_compression,mech,1.547273225588062,1966,225,6192,553
00130059,torsion_compression,grefem_eq,1.547273225588062,6192,131,6192,356
00130059,torsion_compression,heuristic_eq,1.547273225588062,6192,201,6192,484
00130059,torsion_compression,mech,1.547273225588062,1916,189,6192,466
00080038,bending_compression,grefem_eq,1.7951141617369235,7101,101,7101,1921
00080038,bending_compression,heuristic_eq,1.7951141617369235,7101,62,7101,101
00080038,bending_compression,mech,1.7951141617369235,2113,38,7101,17
00080038,torsion_compression,grefem_eq,1.7951141617369235,7101,245,7101,3907
00080038,torsion_compression,heuristic_eq,1.7951141617369235,7101,305,7101,215
00080038,torsion_compression,mech,1.7951141617369235,2171,91,7101,82
00170011,bending_compression,grefem_eq,1.8283793726563604,1246,102,1246,1231
00170011,bending_compression,heuristic_eq,1.8283793726563604,1246,186,1246,1246
00170011,bending_compression,mech,1.8283793726563604,555,19,1246,760
00170011,torsion_compression,grefem_eq,1.8283793726563604,1227,123,1227,1227
00170011,torsion_compression,heuristic_eq,1.8283793726563604,1227,94,1227,1227
00170011,torsion_compression,mech,1.8283793726563604,526,20,1227,928
00060059,torsion_compression,grefem_eq,2.081958849774459,5922,719,5922,564
00060059,torsion_compression,heuristic_eq,2.081958849774459,5922,1244,5922,4965
00060059,torsion_compression,mech,2.081958849774459,2445,623,5922,4364
00080038,compression,grefem_eq,1.7951141617369235,7101,1308,7101,2018
00080038,compression,heuristic_eq,1.7951141617369235,7101,1798,7101,2631
00080038,compression,mech,1.7951141617369235,6685,1364,7101,2041
00080038,bending,grefem_eq,1.7951141617369235,7101,1117,7101,7101
00080038,bending,heuristic_eq,1.7951141617369235,7101,1339,7101,1864
00080038,bending,mech,1.7951141617369235,2090,431,7101,1090
00080038,torsion,grefem_eq,1.7951141617369235,678,342,678,433
00080038,torsion,heuristic_eq,1.7951141617369235,678,152,678,196
00080038,torsion,mech,1.7951141617369235,2183,507,678,177
00360016,bending,grefem_eq,0.3278173200782243,1142,723,1142,398
00360016,bending,heuristic_eq,0.3278173200782243,1142,607,1142,1142
00360016,bending,mech,0.3278173200782243,482,377,1142,489
00200030,bending_compression,grefem_eq,7.972502839812068,1352,19,1352,71
00200030,bending_compression,heuristic_eq,7.972502839812068,1352,3,1352,4
00200030,bending_compression,mech,7.972502839812068,409,0,1352,0
00200030,torsion_compression,grefem_eq,7.972502839812068,1352,28,1352,181
00200030,torsion_compression,heuristic_eq,7.972502839812068,1352,6,1352,5
00200030,torsion_compression,mech,7.972502839812068,410,0,1352,0
00200089,compression,grefem_eq,7.051256731771781,991,166,991,991
00200089,compression,heuristic_eq,7.051256731771781,991,220,991,991
00200089,compression,mech,7.051256731771781,257,0,991,0
00200089,bending,grefem_eq,7.051256731771781,991,124,991,991
00200089,bending,heuristic_eq,7.051256731771781,991,160,991,991
00200089,bending,mech,7.051256731771781,244,0,991,0
00210090,compression,grefem_eq,2.240738337559491,873,33,873,7
00210090,compression,heuristic_eq,2.240738337559491,873,49,873,873
00210090,compression,mech,2.240738337559491,1353,121,873,848
00210090,bending,grefem_eq,2.240738337559491,1864,519,1864,42
00210090,bending,heuristic_eq,2.240738337559491,1864,158,1864,1864
00210090,bending,mech,2.240738337559491,1300,195,1864,1826
00200089,torsion_compression,grefem_eq,7.051256731771781,991,50,991,85
00200089,torsion_compression,heuristic_eq,7.051256731771781,991,71,991,85
00200089,torsion_compression,mech,7.051256731771781,247,0,991,0
00210070,compression,grefem_eq,2.613566147447888,1933,278,1933,1334
00210070,compression,heuristic_eq,2.613566147447888,1933,301,1933,1933
00210070,compression,mech,2.613566147447888,572,99,1933,20
00210097,bending,grefem_eq,3.1435388939825426,1745,994,1745,1570
00210097,bending,heuristic_eq,3.1435388939825426,1745,333,1745,1665
00210097,bending,mech,3.1435388939825426,1342,873,1745,1662
00210097,torsion,grefem_eq,3.1435388939825426,3302,2654,3302,3172
00210097,torsion,heuristic_eq,3.1435388939825426,3302,1049,3302,3275
00210097,torsion,mech,3.1435388939825426,1262,813,3302,1661
00200089,torsion,grefem_eq,7.051256731771781,991,162,991,991
00200089,torsion,heuristic_eq,7.051256731771781,991,217,991,991
00200089,torsion,mech,7.051256731771781,250,0,991,0
00200089,bending_compression,grefem_eq,7.051256731771781,991,54,991,447
00200089,bending_compression,heuristic_eq,7.051256731771781,991,73,991,447
00200089,bending_compression,mech,7.051256731771781,241,0,991,0
00210090,torsion_compression,grefem_eq,2.240738337559491,957,139,957,536
00210090,torsion_compression,heuristic_eq,2.240738337559491,957,82,957,868
00210090,torsion_compression,mech,2.240738337559491,1327,97,957,422
00210097,compression,grefem_eq,3.1435388939825426,2021,1438,2021,1562
00210097,compression,heuristic_eq,3.1435388939825426,2021,475,2021,1982
00210097,compression,mech,3.1435388939825426,1567,713,2021,965
00210090,torsion,grefem_eq,2.240738337559491,849,234,849,135
00210090,torsion,heuristic_eq,2.240738337559491,849,83,849,816
00210090,torsion,mech,2.240738337559491,1315,173,849,672
00210090,bending_compression,grefem_eq,2.240738337559491,2854,506,2854,1637
00210090,bending_compression,heuristic_eq,2.240738337559491,2854,411,2854,2852
00210090,bending_compression,mech,2.240738337559491,1320,93,2854,803
00210070,bending_compression,grefem_eq,2.613566147447888,1933,149,1933,1771
00210070,bending_compression,heuristic_eq,2.613566147447888,1933,181,1933,1933
00210070,bending_compression,mech,2.613566147447888,555,40,1933,12
00210070,torsion_compression,grefem_eq,2.613566147447888,1933,172,1933,1321
00210070,torsion_compression,heuristic_eq,2.613566147447888,1933,188,1933,1933
00210070,torsion_compression,mech,2.613566147447888,564,32,1933,76
00210070,bending,grefem_eq,2.613566147447888,1933,79,1933,1214
00210070,bending,heuristic_eq,2.613566147447888,1933,139,1933,1933
00210070,bending,mech,2.613566147447888,547,34,1933,141
00210070,torsion,grefem_eq,2.613566147447888,1933,352,1933,1189
00210070,torsion,heuristic_eq,2.613566147447888,1933,382,1933,1931
00210070,torsion,mech,2.613566147447888,556,151,1933,546
00220004,compression,grefem_eq,3.424596004811165,90,0,90,0
00220004,compression,heuristic_eq,3.424596004811165,90,27,90,83
00220004,compression,mech,3.424596004811165,124,0,90,0
00220004,bending,grefem_eq,3.424596004811165,276,118,276,276
00220004,bending,heuristic_eq,3.424596004811165,276,53,276,276
00220004,bending,mech,3.424596004811165,124,0,276,0
00220074,bending_compression,grefem_eq,5.37042383758545,3797,1454,3797,3797
00220074,bending_compression,heuristic_eq,5.37042383758545,3797,1158,3797,3797
00220074,bending_compression,mech,5.37042383758545,481,184,3797,925
00220074,torsion_compression,grefem_eq,5.37042383758545,3984,415,3984,3984
00220074,torsion_compression,heuristic_eq,5.37042383758545,3984,517,3984,3984
00220074,torsion_compression,mech,5.37042383758545,397,115,3984,3347
00230003,torsion_compression,grefem_eq,2.5802115831655263,204,2,204,2
00230003,torsion_compression,heuristic_eq,2.5802115831655263,204,50,204,199
00230003,torsion_compression,mech,2.5802115831655263,64,3,204,2
00240056,compression,grefem_eq,4.188992358593392,444,33,444,158
00240056,compression,heuristic_eq,4.188992358593392,444,138,444,444
00240056,compression,mech,4.188992358593392,344,138,444,444
00220004,torsion_compression,grefem_eq,3.424596004811165,188,0,188,0
00220004,torsion_compression,heuristic_eq,3.424596004811165,188,15,188,109
00220004,torsion_compression,mech,3.424596004811165,124,30,188,109
00220074,compression,grefem_eq,5.37042383758545,3984,1693,3984,3984
00220074,compression,heuristic_eq,5.37042383758545,3984,1230,3984,3984
00220074,compression,mech,5.37042383758545,957,235,3984,1475
00290041,torsion,grefem_eq,4.194942436602689,3191,2350,3191,3050
00290041,torsion,heuristic_eq,4.194942436602689,3191,1933,3191,3179
00290041,torsion,mech,4.194942436602689,2067,1557,3191,1073
00290041,bending_compression,grefem_eq,4.194942436602689,3197,1542,3197,2342
00290041,bending_compression,heuristic_eq,4.194942436602689,3197,737,3197,2299
00290041,bending_compression,mech,4.194942436602689,2019,760,3197,1882
00210097,bending_compression,grefem_eq,3.1435388939825426,4281,1457,4281,3202
00210097,bending_compression,heuristic_eq,3.1435388939825426,4281,831,4281,2638
00210097,bending_compression,mech,3.1435388939825426,1213,407,4281,1900
00210097,torsion_compression,grefem_eq,3.1435388939825426,4281,1019,4281,2219
00210097,torsion_compression,heuristic_eq,3.1435388939825426,4281,758,4281,1346
00210097,torsion_compression,mech,3.1435388939825426,1245,278,4281,684
00260088,torsion_compression,grefem_eq,5.329096811982593,52,5,52,28
00260088,torsion_compression,heuristic_eq,5.329096811982593,52,8,52,29
00260088,torsion_compression,mech,5.329096811982593,29,0,52,0
00270052,compression,grefem_eq,1.4320719416437548,2869,261,2869,95
00270052,compression,heuristic_eq,1.4320719416437548,2869,914,2869,2869
00270052,compression,mech,1.4320719416437548,4172,1072,2869,2860
00230003,compression,grefem_eq,2.5802115831655263,213,45,213,211
00230003,compression,heuristic_eq,2.5802115831655263,213,48,213,213
00230003,compression,mech,2.5802115831655263,53,32,213,195
00230003,bending,grefem_eq,2.5802115831655263,213,5,213,52
00230003,bending,heuristic_eq,2.5802115831655263,213,32,213,213
00230003,bending,mech,2.5802115831655263,70,8,213,53
00220004,torsion,grefem_eq,3.424596004811165,178,154,178,145
00220004,torsion,heuristic_eq,3.424596004811165,178,152,178,170
00220004,torsion,mech,3.424596004811165,124,118,178,36
00220004,bending_compression,grefem_eq,3.424596004811165,188,39,188,109
00220004,bending_compression,heuristic_eq,3.424596004811165,188,41,188,149
00220004,bending_compression,mech,3.424596004811165,124,14,188,19
00240056,bending,grefem_eq,4.188992358593392,444,46,444,227
00240056,bending,heuristic_eq,4.188992358593392,444,81,444,444
00240056,bending,mech,4.188992358593392,228,81,444,444
00240056,torsion,grefem_eq,4.188992358593392,444,92,444,344
00240056,torsion,heuristic_eq,4.188992358593392,444,94,444,444
00240056,torsion,mech,4.188992358593392,136,72,444,444
00240090,torsion_compression,grefem_eq,6.37215347009931,45,0,45,0
00240090,torsion_compression,heuristic_eq,6.37215347009931,45,2,45,21
00240090,torsion_compression,mech,6.37215347009931,52,0,45,0
00250056,compression,grefem_eq,2.029159828708955,6110,2927,6110,5738
00250056,compression,heuristic_eq,2.029159828708955,6110,4485,6110,6110
00250056,compression,mech,2.029159828708955,1688,1082,6110,819
00310027,bending,grefem_eq,3.866941117229198,6767,874,6767,5305
00310027,bending,heuristic_eq,3.866941117229198,6767,1067,6767,3820
00310027,bending,mech,3.866941117229198,2055,635,6767,3584
00310027,torsion,grefem_eq,3.866941117229198,6767,1127,6767,4861
00310027,torsion,heuristic_eq,3.866941117229198,6767,1499,6767,4002
00310027,torsion,mech,3.866941117229198,1994,839,6767,2969
00240056,bending_compression,grefem_eq,4.188992358593392,444,112,444,380
00240056,bending_compression,heuristic_eq,4.188992358593392,444,102,444,359
00240056,bending_compression,mech,4.188992358593392,228,102,444,359
00240056,torsion_compression,grefem_eq,4.188992358593392,444,106,444,373
00240056,torsion_compression,heuristic_eq,4.188992358593392,444,98,444,393
00240056,torsion_compression,mech,4.188992358593392,132,50,444,302
00360016,torsion,grefem_eq,0.3278173200782243,1676,563,1676,1489
00360016,torsion,heuristic_eq,0.3278173200782243,1676,866,1676,1676
00360016,torsion,mech,0.3278173200782243,508,436,1676,1624
00360016,bending_compression,grefem_eq,0.3278173200782243,1588,462,1588,1096
00360016,bending_compression,heuristic_eq,0.3278173200782243,1588,612,1588,1588
00360016,bending_compression,mech,0.3278173200782243,515,260,1588,849
00220074,bending,grefem_eq,5.37042383758545,3984,1728,3984,3984
00220074,bending,heuristic_eq,5.37042383758545,3984,1230,3984,3984
00220074,bending,mech,5.37042383758545,479,102,3984,372
00220074,torsion,grefem_eq,5.37042383758545,3797,1419,3797,3797
00220074,torsion,heuristic_eq,5.37042383758545,3797,1020,3797,3776
00220074,torsion,mech,5.37042383758545,390,204,3797,3397
00390005,bending_compression,grefem_eq,9.823943921734244,6246,778,6246,2878
00390005,bending_compression,heuristic_eq,9.823943921734244,6246,1731,6246,2763
00390005,bending_compression,mech,9.823943921734244,1932,744,6246,2579
00390005,torsion_compression,grefem_eq,9.823943921734244,6246,423,6246,3487
00390005,torsion_compression,heuristic_eq,9.823943921734244,6246,969,6246,1136
00390005,torsion_compression,mech,9.823943921734244,1945,557,6246,517
00260088,compression,grefem_eq,5.329096811982593,52,10,52,37
00260088,compression,heuristic_eq,5.329096811982593,52,14,52,52
00260088,compression,mech,5.329096811982593,33,0,52,0
00260088,bending,grefem_eq,5.329096811982593,52,7,52,25
00260088,bending,heuristic_eq,5.329096811982593,52,12,52,52
00260088,bending,mech,5.329096811982593,33,4,52,19
00270052,bending,grefem_eq,1.4320719416437548,32,6,32,1
00270052,bending,heuristic_eq,1.4320719416437548,32,2,32,2
00270052,bending,mech,1.4320719416437548,1848,466,32,32
00270052,torsion,grefem_eq,1.4320719416437548,163,36,163,44
00270052,torsion,heuristic_eq,1.4320719416437548,163,48,163,124
00270052,torsion,mech,1.4320719416437548,2028,816,163,163
00230003,torsion,grefem_eq,2.5802115831655263,213,20,213,172
00230003,torsion,heuristic_eq,2.5802115831655263,213,32,213,213
00230003,torsion,mech,2.5802115831655263,64,0,213,0
00230003,bending_compression,grefem_eq,2.5802115831655263,200,94,200,109
00230003,bending_compression,heuristic_eq,2.5802115831655263,200,124,200,155
00230003,bending_compression,mech,2.5802115831655263,59,35,200,102
00300090,torsion_compression,grefem_eq,1.4675875854865197,1505,375,1505,1047
00300090,torsion_compression,heuristic_eq,1.4675875854865197,1505,403,1505,1099
00300090,torsion_compression,mech,1.4675875854865197,337,73,1505,602
00310027,compression,grefem_eq,3.866941117229198,6767,2861,6767,1193
00310027,compression,heuristic_eq,3.866941117229198,6767,2790,6767,3992
00310027,compression,mech,3.866941117229198,2031,1166,6767,3700
00250056,bending,grefem_eq,2.029159828708955,6110,3134,6110,6044
00250056,bending,heuristic_eq,2.029159828708955,6110,4387,6110,6110
00250056,bending,mech,2.029159828708955,1712,1222,6110,3639
00250056,torsion,grefem_eq,2.029159828708955,6110,3276,6110,6079
00250056,torsion,heuristic_eq,2.029159828708955,6110,4989,6110,6087
00250056,torsion,mech,2.029159828708955,1735,1395,6110,1517
00320057,torsion,grefem_eq,8.156487373352693,3404,695,3404,3403
00320057,torsion,heuristic_eq,8.156487373352693,3404,585,3404,3352
00320057,torsion,mech,8.156487373352693,2100,538,3404,3112
00320057,bending_compression,grefem_eq,8.156487373352693,1693,462,1693,1435
00320057,bending_compression,heuristic_eq,8.156487373352693,1693,567,1693,1407
00320057,bending_compression,mech,8.156487373352693,2295,604,1693,1505
00240090,torsion,grefem_eq,6.37215347009931,48,0,48,0
00240090,torsion,heuristic_eq,6.37215347009931,48,0,48,0
00240090,torsion,mech,6.37215347009931,57,0,48,0
00240090,bending_compression,grefem_eq,6.37215347009931,45,0,45,0
00240090,bending_compression,heuristic_eq,6.37215347009931,45,0,45,0
00240090,bending_compression,mech,6.37215347009931,62,1,45,2
00310027,bending_compression,grefem_eq,3.866941117229198,6767,1957,6767,2797
00310027,bending_compression,heuristic_eq,3.866941117229198,6767,1993,6767,2517
00310027,bending_compression,mech,3.866941117229198,2010,652,6767,2736
00310027,torsion_compression,grefem_eq,3.866941117229198,6767,504,6767,65
00310027,torsion_compression,heuristic_eq,3.866941117229198,6767,1381,6767,2783
00310027,torsion_compression,mech,3.866941117229198,2079,684,6767,1751
00360019,bending_compression,grefem_eq,2.357895781119256,9151,2584,9151,9151
00360019,bending_compression,heuristic_eq,2.357895781119256,9151,3373,9151,9151
00360019,bending_compression,mech,2.357895781119256,3025,1673,9151,9151
00360019,torsion_compression,grefem_eq,2.357895781119256,9151,2375,9151,9151
00360019,torsion_compression,heuristic_eq,2.357895781119256,9151,2957,9151,9151
00360019,torsion_compression,mech,2.357895781119256,2974,1513,9151,8592
00360016,torsion_compression,grefem_eq,0.3278173200782243,1835,498,1835,423
00360016,torsion_compression,heuristic_eq,0.3278173200782243,1835,608,1835,1835
00360016,torsion_compression,mech,0.3278173200782243,527,227,1835,558
00360019,compression,grefem_eq,2.357895781119256,9151,1671,9151,9151
00360019,compression,heuristic_eq,2.357895781119256,9151,2422,9151,9151
00360019,compression,mech,2.357895781119256,3930,0,9151,0
00290041,torsion_compression,grefem_eq,4.194942436602689,1444,383,1444,643
00290041,torsion_compression,heuristic_eq,4.194942436602689,1444,153,1444,668
00290041,torsion_compression,mech,4.194942436602689,2047,214,1444,821
00300071,compression,grefem_eq,2.248360960416031,9360,3651,9360,9353
00300071,compression,heuristic_eq,2.248360960416031,9360,3226,9360,9353
00300071,compression,mech,2.248360960416031,2776,953,9360,6114
00240090,compression,grefem_eq,6.37215347009931,48,0,48,0
00240090,compression,heuristic_eq,6.37215347009931,48,0,48,0
00240090,compression,mech,6.37215347009931,246,0,48,0
00240090,bending,grefem_eq,6.37215347009931,123,0,123,0
00240090,bending,heuristic_eq,6.37215347009931,123,0,123,0
00240090,bending,mech,6.37215347009931,61,0,123,0
00250056,bending_compression,grefem_eq,2.029159828708955,6110,2810,6110,4074
00250056,bending_compression,heuristic_eq,2.029159828708955,6110,4334,6110,4128
00250056,bending_compression,mech,2.029159828708955,1694,1199,6110,2076
00250056,torsion_compression,grefem_eq,2.029159828708955,6110,2085,6110,6098
00250056,torsion_compression,heuristic_eq,2.029159828708955,6110,2838,6110,1136
00250056,torsion_compression,mech,2.029159828708955,1729,752,6110,496
00300071,bending,grefem_eq,2.248360960416031,9360,2924,9360,9094
00300071,bending,heuristic_eq,2.248360960416031,9360,2690,9360,9167
00300071,bending,mech,2.248360960416031,2662,1080,9360,8615
00300071,torsion,grefem_eq,2.248360960416031,9360,3622,9360,9357
00300071,torsion,heuristic_eq,2.248360960416031,9360,3618,9360,9357
00300071,torsion,mech,2.248360960416031,2624,1375,9360,8766
00290041,compression,grefem_eq,4.194942436602689,3035,1587,3035,3021
00290041,compression,heuristic_eq,4.194942436602689,3035,718,3035,3022
00290041,compression,mech,4.194942436602689,2011,771,3035,1824
00290041,bending,grefem_eq,4.194942436602689,1279,1123,1279,1259
00290041,bending,heuristic_eq,4.194942436602689,1279,248,1279,1258
00290041,bending,mech,4.194942436602689,2038,950,1279,1212
00360019,bending,grefem_eq,2.357895781119256,9151,1821,9151,9151
00360019,bending,heuristic_eq,2.357895781119256,9151,2482,9151,9151
00360019,bending,mech,2.357895781119256,2937,967,9151,9151
00360019,torsion,grefem_eq,2.357895781119256,9151,3246,9151,9151
00360019,torsion,heuristic_eq,2.357895781119256,9151,3773,9151,9151
00360019,torsion,mech,2.357895781119256,2871,1138,9151,4123
00260088,torsion,grefem_eq,5.329096811982593,52,3,52,23
00260088,torsion,heuristic_eq,5.329096811982593,52,6,52,49
00260088,torsion,mech,5.329096811982593,27,1,52,19
00260088,bending_compression,grefem_eq,5.329096811982593,52,10,52,42
00260088,bending_compression,heuristic_eq,5.329096811982593,52,14,52,52
00260088,bending_compression,mech,5.329096811982593,34,0,52,0
00400055,compression,grefem_eq,2.3624618834634727,1632,93,1632,1404
00400055,compression,heuristic_eq,2.3624618834634727,1632,113,1632,1632
00400055,compression,mech,2.3624618834634727,2693,0,1632,0
00400055,bending,grefem_eq,2.3624618834634727,1284,127,1284,1244
00400055,bending,heuristic_eq,2.3624618834634727,1284,91,1284,1284
00400055,bending,mech,2.3624618834634727,2447,15,1284,109
00320057,compression,grefem_eq,8.156487373352693,2639,1367,2639,2631
00320057,compression,heuristic_eq,8.156487373352693,2639,1265,2639,2590
00320057,compression,mech,8.156487373352693,2247,1020,2639,2367
00320057,bending,grefem_eq,8.156487373352693,2877,1172,2877,2868
00320057,bending,heuristic_eq,8.156487373352693,2877,1097,2877,2784
00320057,bending,mech,8.156487373352693,2086,1462,2877,2765
00320057,torsion_compression,grefem_eq,8.156487373352693,803,74,803,584
00320057,torsion_compression,heuristic_eq,8.156487373352693,803,63,803,490
00320057,torsion_compression,mech,8.156487373352693,2287,227,803,783
00350001,compression,grefem_eq,2.514755223465145,165,25,165,150
00350001,compression,heuristic_eq,2.514755223465145,165,6,165,152
00350001,compression,mech,2.514755223465145,721,47,165,151
00300071,bending_compression,grefem_eq,2.248360960416031,9360,2318,9360,9212
00300071,bending_compression,heuristic_eq,2.248360960416031,9360,2177,9360,9214
00300071,bending_compression,mech,2.248360960416031,2547,698,9360,6707
00300071,torsion_compression,grefem_eq,2.248360960416031,9360,3537,9360,9096
00300071,torsion_compression,heuristic_eq,2.248360960416031,9360,3896,9360,9082
00300071,torsion_compression,mech,2.248360960416031,2590,1212,9360,5699
00350001,bending,grefem_eq,2.514755223465145,70,0,70,0
00350001,bending,heuristic_eq,2.514755223465145,70,0,70,0
00350001,bending,mech,2.514755223465145,662,15,70,70
00350001,torsion,grefem_eq,2.514755223465145,205,43,205,176
00350001,torsion,heuristic_eq,2.514755223465145,205,9,205,91
00350001,torsion,mech,2.514755223465145,645,58,205,142
00400070,bending,grefem_eq,2.9071302269604264,4704,2231,4704,3969
00400070,bending,heuristic_eq,2.9071302269604264,4704,2145,4704,4037
00400070,bending,mech,2.9071302269604264,1990,1242,4704,2647
00400070,torsion,grefem_eq,2.9071302269604264,4933,2189,4933,4136
00400070,torsion,heuristic_eq,2.9071302269604264,4933,2646,4933,4219
00400070,torsion,mech,2.9071302269604264,2012,1433,4933,1639
00350001,bending_compression,grefem_eq,2.514755223465145,127,2,127,1
00350001,bending_compression,heuristic_eq,2.514755223465145,127,15,127,91
00350001,bending_compression,mech,2.514755223465145,639,37,127,43
00350001,torsion_compression,grefem_eq,2.514755223465145,322,10,322,302
00350001,torsion_compression,heuristic_eq,2.514755223465145,322,14,322,222
00350001,torsion_compression,mech,2.514755223465145,656,15,322,245
00400055,torsion_compression,grefem_eq,2.3624618834634727,5372,87,5372,4937
00400055,torsion_compression,heuristic_eq,2.3624618834634727,5372,385,5372,5372
00400055,torsion_compression,mech,2.3624618834634727,2543,7,5372,3984
00400070,compression,grefem_eq,2.9071302269604264,4975,2064,4975,4130
00400070,compression,heuristic_eq,2.9071302269604264,4975,1773,4975,4020
00400070,compression,mech,2.9071302269604264,2036,931,4975,1115
00370070,torsion,grefem_eq,1.9084748089275263,7775,4227,7775,7770
00370070,torsion,heuristic_eq,1.9084748089275263,7775,5970,7775,7770
00370070,torsion,mech,1.9084748089275263,2415,1978,7775,4499
00370070,bending_compression,grefem_eq,1.9084748089275263,7775,3605,7775,7775
00370070,bending_compression,heuristic_eq,1.9084748089275263,7775,5631,7775,7775
00370070,bending_compression,mech,1.9084748089275263,1889,1348,7775,6912
00440061,compression,grefem_eq,2.221012513261041,6520,2620,6520,5955
00440061,compression,heuristic_eq,2.221012513261041,6520,3240,6520,6520
00440061,compression,mech,2.221012513261041,1372,553,6520,130
00370070,compression,grefem_eq,1.9084748089275263,7775,523,7775,7769
00370070,compression,heuristic_eq,1.9084748089275263,7775,678,7775,7757
00370070,compression,mech,1.9084748089275263,2140,210,7775,4973
00370070,bending,grefem_eq,1.9084748089275263,7775,3715,7775,6496
00370070,bending,heuristic_eq,1.9084748089275263,7775,5566,7775,7764
00370070,bending,mech,1.9084748089275263,2428,1751,7775,2676
00270052,bending_compression,grefem_eq,1.4320719416437548,3495,1,3495,1
00270052,bending_compression,heuristic_eq,1.4320719416437548,3495,235,3495,335
00270052,bending_compression,mech,1.4320719416437548,1940,252,3495,278
00270052,torsion_compression,grefem_eq,1.4320719416437548,545,43,545,370
00270052,torsion_compression,heuristic_eq,1.4320719416437548,545,11,545,46
00270052,torsion_compression,mech,1.4320719416437548,2024,62,545,47
00390005,bending,grefem_eq,9.823943921734244,6246,1215,6246,6245
00390005,bending,heuristic_eq,9.823943921734244,6246,2179,6246,6246
00390005,bending,mech,9.823943921734244,1954,1671,6246,5039
00390005,torsion,grefem_eq,9.823943921734244,6246,1868,6246,6238
00390005,torsion,heuristic_eq,9.823943921734244,6246,3298,6246,6235
00390005,torsion,mech,9.823943921734244,1917,1274,6246,2953
00370070,torsion_compression,grefem_eq,1.9084748089275263,5454,963,5454,5452
00370070,torsion_compression,heuristic_eq,1.9084748089275263,5454,1165,5454,5454
00370070,torsion_compression,mech,1.9084748089275263,1905,338,5454,4172
00390005,compression,grefem_eq,9.823943921734244,6246,1250,6246,6245
00390005,compression,heuristic_eq,9.823943921734244,6246,2218,6246,6246
00390005,compression,mech,9.823943921734244,2011,1178,6246,6182
00300090,torsion,grefem_eq,1.4675875854865197,1505,778,1505,1140
00300090,torsion,heuristic_eq,1.4675875854865197,1505,962,1505,1461
00300090,torsion,mech,1.4675875854865197,366,232,1505,599
00300090,bending_compression,grefem_eq,1.4675875854865197,1505,782,1505,1490
00300090,bending_compression,heuristic_eq,1.4675875854865197,1505,667,1505,1049
00300090,bending_compression,mech,1.4675875854865197,348,217,1505,543
00400055,torsion,grefem_eq,2.3624618834634727,3522,207,3522,3245
00400055,torsion,heuristic_eq,2.3624618834634727,3522,159,3522,3522
00400055,torsion,mech,2.3624618834634727,2532,5,3522,3016
00400055,bending_compression,grefem_eq,2.3624618834634727,6580,89,6580,837
00400055,bending_compression,heuristic_eq,2.3624618834634727,6580,560,6580,6580
00400055,bending_compression,mech,2.3624618834634727,2513,48,6580,1301
00410029,bending,grefem_eq,4.390169353595008,6737,329,6737,4457
00410029,bending,heuristic_eq,4.390169353595008,6737,733,6737,4783
00410029,bending,mech,4.390169353595008,2114,268,6737,4783
00410029,torsion,grefem_eq,4.390169353595008,6737,1240,6737,242
00410029,torsion,heuristic_eq,4.390169353595008,6737,1670,6737,1079
00410029,torsion,mech,4.390169353595008,2065,1148,6737,1079
00300090,compression,grefem_eq,1.4675875854865197,1505,1042,1505,1495
00300090,compression,heuristic_eq,1.4675875854865197,1505,1157,1505,1466
00300090,compression,mech,1.4675875854865197,361,211,1505,800
00300090,bending,grefem_eq,1.4675875854865197,1505,680,1505,1366
00300090,bending,heuristic_eq,1.4675875854865197,1505,727,1505,1288
00300090,bending,mech,1.4675875854865197,365,241,1505,806
00420062,bending_compression,grefem_eq,0.7356298974899841,4616,398,4616,2482
00420062,bending_compression,heuristic_eq,0.7356298974899841,4616,202,4616,2608
00420062,bending_compression,mech,0.7356298974899841,1329,0,4616,0
00420062,torsion_compression,grefem_eq,0.7356298974899841,2260,289,2260,2083
00420062,torsion_compression,heuristic_eq,0.7356298974899841,2260,59,2260,1024
00420062,torsion_compression,mech,0.7356298974899841,1326,0,2260,0
00410001,compression,grefem_eq,5.512193985131289,12446,2095,12446,4780
00410001,compression,heuristic_eq,5.512193985131289,12446,2985,12446,12395
00410001,compression,mech,5.512193985131289,3919,955,12446,7371
00410001,bending,grefem_eq,5.512193985131289,12642,3068,12642,1030
00410001,bending,heuristic_eq,5.512193985131289,12642,3488,12642,12466
00410001,bending,mech,5.512193985131289,3850,623,12642,8374
00410001,torsion,grefem_eq,5.512193985131289,12642,2051,12642,4272
00410001,torsion,heuristic_eq,5.512193985131289,12642,2528,12642,12144
00410001,torsion,mech,5.512193985131289,3826,365,12642,4566
00410001,bending_compression,grefem_eq,5.512193985131289,12446,3189,12446,5667
00410001,bending_compression,heuristic_eq,5.512193985131289,12446,3821,12446,12019
00410001,bending_compression,mech,5.512193985131289,3805,443,12446,753
00460091,bending,grefem_eq,1.0641648851269705,298,26,298,269
00460091,bending,heuristic_eq,1.0641648851269705,298,12,298,129
00460091,bending,mech,1.0641648851269705,3096,66,298,228
00410029,bending_compression,grefem_eq,4.390169353595008,6737,322,6737,957
00410029,bending_compression,heuristic_eq,4.390169353595008,6737,862,6737,3441
00410029,bending_compression,mech,4.390169353595008,2046,106,6737,67
00410029,torsion_compression,grefem_eq,4.390169353595008,6737,297,6737,1039
00410029,torsion_compression,heuristic_eq,4.390169353595008,6737,590,6737,1148
00410029,torsion_compression,mech,4.390169353595008,2072,24,6737,11
00420029,torsion_compression,grefem_eq,4.743186539659139,4679,895,4679,4627
00420029,torsion_compression,heuristic_eq,4.743186539659139,4679,680,4679,4679
00420029,torsion_compression,mech,4.743186539659139,1461,244,4679,1807
00420062,compression,grefem_eq,0.7356298974899841,4191,353,4191,4191
00420062,compression,heuristic_eq,0.7356298974899841,4191,752,4191,4191
00420062,compression,mech,0.7356298974899841,1347,61,4191,2668
00460091,torsion,grefem_eq,1.0641648851269705,8804,1826,8804,8804
00460091,torsion,heuristic_eq,1.0641648851269705,8804,1978,8804,8804
00460091,torsion,mech,1.0641648851269705,2971,859,8804,5358
00400099,bending,grefem_eq,10.62945094232574,1941,52,1941,1238
00400099,bending,heuristic_eq,10.62945094232574,1941,68,1941,1657
00400099,bending,mech,10.62945094232574,532,6,1941,916
00400099,torsion,grefem_eq,10.62945094232574,1941,23,1941,969
00400099,torsion,heuristic_eq,10.62945094232574,1941,69,1941,1692
00400099,torsion,mech,10.62945094232574,529,8,1941,1252
00410001,torsion_compression,grefem_eq,5.512193985131289,12642,788,12642,1195
00410001,torsion_compression,heuristic_eq,5.512193985131289,12642,1891,12642,12556
00410001,torsion_compression,mech,5.512193985131289,3805,216,12642,649
00410029,compression,grefem_eq,4.390169353595008,6737,231,6737,155
00410029,compression,heuristic_eq,4.390169353595008,6737,675,6737,3538
00410029,compression,mech,4.390169353595008,2318,38,6737,2
00420029,compression,grefem_eq,4.743186539659139,6112,1141,6112,4714
00420029,compression,heuristic_eq,4.743186539659139,6112,865,6112,6112
00420029,compression,mech,4.743186539659139,2076,308,6112,4751
00420029,bending,grefem_eq,4.743186539659139,5789,1109,5789,4922
00420029,bending,heuristic_eq,4.743186539659139,5789,852,5789,5789
00420029,bending,mech,4.743186539659139,1976,367,5789,3881
00400099,bending_compression,grefem_eq,10.62945094232574,1941,85,1941,904
00400099,bending_compression,heuristic_eq,10.62945094232574,1941,210,1941,1877
00400099,bending_compression,mech,10.62945094232574,538,146,1941,1692
00400099,torsion_compression,grefem_eq,10.62945094232574,1941,59,1941,1347
00400099,torsion_compression,heuristic_eq,10.62945094232574,1941,246,1941,1720
00400099,torsion_compression,mech,10.62945094232574,503,155,1941,1516
00430053,torsion,grefem_eq,2.372925415289976,62,0,62,0
00430053,torsion,heuristic_eq,2.372925415289976,62,0,62,0
00430053,torsion,mech,2.372925415289976,2001,0,62,0
00430053,bending_compression,grefem_eq,2.372925415289976,479,0,479,0
00430053,bending_compression,heuristic_eq,2.372925415289976,479,36,479,11
00430053,bending_compression,mech,2.372925415289976,2030,134,479,9
00430053,compression,grefem_eq,2.372925415289976,62,0,62,0
00430053,compression,heuristic_eq,2.372925415289976,62,0,62,0
00430053,compression,mech,2.372925415289976,2210,0,62,0
00430053,bending,grefem_eq,2.372925415289976,234,0,234,0
00430053,bending,heuristic_eq,2.372925415289976,234,0,234,0
00430053,bending,mech,2.372925415289976,1997,0,234,0
00400083,compression,grefem_eq,1.165787863472716,9926,2073,9926,8144
00400083,compression,heuristic_eq,1.165787863472716,9926,2155,9926,8102
00400083,compression,mech,1.165787863472716,7313,556,9926,2416
00400083,bending,grefem_eq,1.165787863472716,2666,0,2666,0
00400083,bending,heuristic_eq,1.165787863472716,2666,205,2666,2632
00400083,bending,mech,1.165787863472716,2974,465,2666,2590
00420062,bending,grefem_eq,0.7356298974899841,4128,262,4128,3616
00420062,bending,heuristic_eq,0.7356298974899841,4128,719,4128,4128
00420062,bending,mech,0.7356298974899841,1346,335,4128,1251
00420062,torsion,grefem_eq,0.7356298974899841,4616,879,4616,4615
00420062,torsion,heuristic_eq,0.7356298974899841,4616,816,4616,4616
00420062,torsion,mech,0.7356298974899841,1313,104,4616,884
00400083,torsion_compression,grefem_eq,1.165787863472716,9926,1520,9926,9926
00400083,torsion_compression,heuristic_eq,1.165787863472716,9926,1274,9926,9926
00400083,torsion_compression,mech,1.165787863472716,2977,822,9926,2769
00400099,compression,grefem_eq,10.62945094232574,1941,35,1941,691
00400099,compression,heuristic_eq,10.62945094232574,1941,169,1941,1676
00400099,compression,mech,10.62945094232574,847,71,1941,1011
00420029,torsion,grefem_eq,4.743186539659139,6545,1430,6545,5982
00420029,torsion,heuristic_eq,4.743186539659139,6545,1043,6545,6545
00420029,torsion,mech,4.743186539659139,1541,286,6545,4726
00420029,bending_compression,grefem_eq,4.743186539659139,5893,1222,5893,5664
00420029,bending_compression,heuristic_eq,4.743186539659139,5893,979,5893,5893
00420029,bending_compression,mech,4.743186539659139,1752,240,5893,1793
00430057,torsion,grefem_eq,3.0083354963603486,21,0,21,0
00430057,torsion,heuristic_eq,3.0083354963603486,21,0,21,0
00430057,torsion,mech,3.0083354963603486,2840,20,21,18
00430057,bending_compression,grefem_eq,3.0083354963603486,240,9,240,13
00430057,bending_compression,heuristic_eq,3.0083354963603486,240,11,240,45
00430057,bending_compression,mech,3.0083354963603486,2839,209,240,190
00430054,bending_compression,grefem_eq,1.179364653437068,253,9,253,3
00430054,bending_compression,heuristic_eq,1.179364653437068,253,8,253,65
00430054,bending_compression,mech,1.179364653437068,3034,46,253,2
00430054,torsion_compression,grefem_eq,1.179364653437068,253,0,253,0
00430054,torsion_compression,heuristic_eq,1.179364653437068,253,3,253,10
00430054,torsion_compression,mech,1.179364653437068,3026,0,253,0
00400083,torsion,grefem_eq,1.165787863472716,9926,2664,9926,9580
00400083,torsion,heuristic_eq,1.165787863472716,9926,3599,9926,9759
00400083,torsion,mech,1.165787863472716,3017,442,9926,872
00400083,bending_compression,grefem_eq,1.165787863472716,9926,2400,9926,9926
00400083,bending_compression,heuristic_eq,1.165787863472716,9926,2415,9926,9926
00400083,bending_compression,mech,1.165787863472716,3037,1260,9926,5582
00400070,bending_compression,grefem_eq,2.9071302269604264,4952,508,4952,3983
00400070,bending_compression,heuristic_eq,2.9071302269604264,4952,1591,4952,4174
00400070,bending_compression,mech,2.9071302269604264,2008,441,4952,2381
00400070,torsion_compression,grefem_eq,2.9071302269604264,4933,839,4933,3634
00400070,torsion_compression,heuristic_eq,2.9071302269604264,4933,1317,4933,3363
00400070,torsion_compression,mech,2.9071302269604264,1964,426,4933,2573
00440061,bending,grefem_eq,2.221012513261041,6520,2757,6520,6476
00440061,bending,heuristic_eq,2.221012513261041,6520,2985,6520,6520
00440061,bending,mech,2.221012513261041,1303,611,6520,181
00440061,torsion,grefem_eq,2.221012513261041,6520,4007,6520,6520
00440061,torsion,heuristic_eq,2.221012513261041,6520,4624,6520,6519
00440061,torsion,mech,2.221012513261041,1274,1150,6520,1542
00460016,torsion,grefem_eq,2.4380258002545143,874,39,874,462
00460016,torsion,heuristic_eq,2.4380258002545143,874,25,874,206
00460016,torsion,mech,2.4380258002545143,576,38,874,165
00460016,bending_compression,grefem_eq,2.4380258002545143,1170,183,1170,880
00460016,bending_compression,heuristic_eq,2.4380258002545143,1170,217,1170,1140
00460016,bending_compression,mech,2.4380258002545143,609,178,1170,659
00470031,compression,grefem_eq,1.4367155976142594,819,0,819,0
00470031,compression,heuristic_eq,1.4367155976142594,819,30,819,625
00470031,compression,mech,1.4367155976142594,3333,0,819,0
00430054,bending,grefem_eq,1.179364653437068,253,92,253,66
00430054,bending,heuristic_eq,1.179364653437068,253,97,253,234
00430054,bending,mech,1.179364653437068,3063,1861,253,196
00430054,torsion,grefem_eq,1.179364653437068,312,74,312,52
00430054,torsion,heuristic_eq,1.179364653437068,312,82,312,297
00430054,torsion,mech,1.179364653437068,3027,486,312,40
00460089,torsion,grefem_eq,2.307176061926662,9702,2359,9702,9702
00460089,torsion,heuristic_eq,2.307176061926662,9702,2531,9702,9702
00460089,torsion,mech,2.307176061926662,3152,898,9702,3111
00460089,bending_compression,grefem_eq,2.307176061926662,9702,1938,9702,9702
00460089,bending_compression,heuristic_eq,2.307176061926662,9702,2132,9702,9702
00460089,bending_compression,mech,2.307176061926662,3048,1098,9702,7626
00460089,torsion_compression,grefem_eq,2.307176061926662,9702,1911,9702,9702
00460089,torsion_compression,heuristic_eq,2.307176061926662,9702,2118,9702,9702
00460089,torsion_compression,mech,2.307176061926662,3099,1073,9702,5419
00460090,compression,grefem_eq,2.928292252834596,381,147,381,201
00460090,compression,heuristic_eq,2.928292252834596,381,60,381,311
00460090,compression,mech,2.928292252834596,605,14,381,1
00430053,torsion_compression,grefem_eq,2.372925415289976,377,0,377,0
00430053,torsion_compression,heuristic_eq,2.372925415289976,377,0,377,0
00430053,torsion_compression,mech,2.372925415289976,2051,0,377,0
00430054,compression,grefem_eq,1.179364653437068,253,110,253,76
00430054,compression,heuristic_eq,1.179364653437068,253,128,253,184
00430054,compression,mech,1.179364653437068,3109,2763,253,190
00440061,bending_compression,grefem_eq,2.221012513261041,6520,1326,6520,4368
00440061,bending_compression,heuristic_eq,2.221012513261041,6520,2144,6520,3202
00440061,bending_compression,mech,2.221012513261041,1271,251,6520,20
00440061,torsion_compression,grefem_eq,2.221012513261041,6520,775,6520,5053
00440061,torsion_compression,heuristic_eq,2.221012513261041,6520,656,6520,3261
00440061,torsion_compression,mech,2.221012513261041,1311,0,6520,0
00520020,bending,grefem_eq,2.596683188316929,7998,482,7998,3984
00520020,bending,heuristic_eq,2.596683188316929,7998,1520,7998,7998
00520020,bending,mech,2.596683188316929,2757,885,7998,7998
00460016,compression,grefem_eq,2.4380258002545143,874,42,874,558
00460016,compression,heuristic_eq,2.4380258002545143,874,11,874,178
00460016,compression,mech,2.4380258002545143,647,20,874,187
00460016,bending,grefem_eq,2.4380258002545143,978,42,978,634
00460016,bending,heuristic_eq,2.4380258002545143,978,9,978,221
00460016,bending,mech,2.4380258002545143,599,18,978,264
00460090,bending_compression,grefem_eq,2.928292252834596,1596,112,1596,631
00460090,bending_compression,heuristic_eq,2.928292252834596,1596,83,1596,811
00460090,bending_compression,mech,2.928292252834596,444,0,1596,0
00460090,torsion_compression,grefem_eq,2.928292252834596,413,21,413,32
00460090,torsion_compression,heuristic_eq,2.928292252834596,413,10,413,125
00460090,torsion_compression,mech,2.928292252834596,461,0,413,0
00460089,compression,grefem_eq,2.307176061926662,9702,1597,9702,9702
00460089,compression,heuristic_eq,2.307176061926662,9702,1806,9702,9702
00460089,compression,mech,2.307176061926662,3149,165,9702,44
00460089,bending,grefem_eq,2.307176061926662,9702,1579,9702,9702
00460089,bending,heuristic_eq,2.307176061926662,9702,1692,9702,9702
00460089,bending,mech,2.307176061926662,3173,49,9702,682
00460087,bending_compression,grefem_eq,2.2542204506184578,9991,1579,9991,9781
00460087,bending_compression,heuristic_eq,2.2542204506184578,9991,2490,9991,9991
00460087,bending_compression,mech,2.2542204506184578,2859,674,9991,5702
00460087,torsion_compression,grefem_eq,2.2542204506184578,3520,11,3520,61
00460087,torsion_compression,heuristic_eq,2.2542204506184578,3520,171,3520,3520
00460087,torsion_compression,mech,2.2542204506184578,2907,54,3520,391
00460016,torsion_compression,grefem_eq,2.4380258002545143,1157,20,1157,108
00460016,torsion_compression,heuristic_eq,2.4380258002545143,1157,61,1157,979
00460016,torsion_compression,mech,2.4380258002545143,603,94,1157,979
00460087,compression,grefem_eq,2.2542204506184578,9991,3104,9991,9341
00460087,compression,heuristic_eq,2.2542204506184578,9991,3292,9991,9991
00460087,compression,mech,2.2542204506184578,2843,443,9991,428
00460087,bending,grefem_eq,2.2542204506184578,9991,3315,9991,9897
00460087,bending,heuristic_eq,2.2542204506184578,9991,3331,9991,9991
00460087,bending,mech,2.2542204506184578,2836,966,9991,8313
00460087,torsion,grefem_eq,2.2542204506184578,9991,2018,9991,9171
00460087,torsion,heuristic_eq,2.2542204506184578,9991,1893,9991,9991
00460087,torsion,mech,2.2542204506184578,2887,1135,9991,6845
00470088,bending,grefem_eq,2.6732144969190124,233,53,233,223
00470088,bending,heuristic_eq,2.6732144969190124,233,55,233,229
00470088,bending,mech,2.6732144969190124,67,40,233,216
00470088,torsion,grefem_eq,2.6732144969190124,233,70,233,205
00470088,torsion,heuristic_eq,2.6732144969190124,233,95,233,219
00470088,torsion,mech,2.6732144969190124,66,64,233,201
00490066,bending,grefem_eq,2.642670352697967,5424,2105,5424,5401
00490066,bending,heuristic_eq,2.642670352697967,5424,1691,5424,5424
00490066,bending,mech,2.642670352697967,1897,1172,5424,4379
00490066,torsion,grefem_eq,2.642670352697967,4316,2077,4316,4094
00490066,torsion,heuristic_eq,2.642670352697967,4316,1572,4316,4295
00490066,torsion,mech,2.642670352697967,1908,1358,4316,4180
00510024,torsion_compression,grefem_eq,10.505350163790734,6681,166,6681,13
00510024,torsion_compression,heuristic_eq,10.505350163790734,6681,309,6681,1529
00510024,torsion_compression,mech,10.505350163790734,2463,0,6681,0
00520006,compression,grefem_eq,3.4868671952757344,2613,672,2613,2527
00520006,compression,heuristic_eq,3.4868671952757344,2613,408,2613,2613
00520006,compression,mech,3.4868671952757344,2319,962,2613,2613
00610020,compression,grefem_eq,0.5170264603223771,126,45,126,72
00610020,compression,heuristic_eq,0.5170264603223771,126,14,126,71
00610020,compression,mech,0.5170264603223771,3074,198,126,118
00610020,bending,grefem_eq,0.5170264603223771,275,75,275,255
00610020,bending,heuristic_eq,0.5170264603223771,275,20,275,231
00610020,bending,mech,0.5170264603223771,1912,241,275,273
00520092,bending_compression,grefem_eq,6.492836220532536,1857,716,1857,316
00520092,bending_compression,heuristic_eq,6.492836220532536,1857,787,1857,317
00520092,bending_compression,mech,6.492836220532536,1249,743,1857,263
00520092,torsion_compression,grefem_eq,6.492836220532536,1566,169,1566,697
00520092,torsion_compression,heuristic_eq,6.492836220532536,1566,101,1566,172
00520092,torsion_compression,mech,6.492836220532536,1211,132,1566,171
00560053,compression,grefem_eq,3.275201738199625,256,0,256,0
00560053,compression,heuristic_eq,3.275201738199625,256,3,256,64
00560053,compression,mech,3.275201738199625,1822,77,256,233
00560053,bending,grefem_eq,3.275201738199625,181,0,181,0
00560053,bending,heuristic_eq,3.275201738199625,181,2,181,90
00560053,bending,mech,3.275201738199625,1828,36,181,181
00610020,torsion,grefem_eq,0.5170264603223771,351,79,351,109
00610020,torsion,heuristic_eq,0.5170264603223771,351,66,351,292
00610020,torsion,mech,0.5170264603223771,1932,565,351,275
00610020,bending_compression,grefem_eq,0.5170264603223771,4746,430,4746,2213
00610020,bending_compression,heuristic_eq,0.5170264603223771,4746,1031,4746,4746
00610020,bending_compression,mech,0.5170264603223771,1906,197,4746,850
00460090,bending,grefem_eq,2.928292252834596,691,277,691,691
00460090,bending,heuristic_eq,2.928292252834596,691,80,691,656
00460090,bending,mech,2.928292252834596,490,86,691,609
00460090,torsion,grefem_eq,2.928292252834596,671,401,671,671
00460090,torsion,heuristic_eq,2.928292252834596,671,98,671,508
00460090,torsion,mech,2.928292252834596,460,44,671,44
00550079,bending,grefem_eq,8.418738659965504,4742,1717,4742,4431
00550079,bending,heuristic_eq,8.418738659965504,4742,2191,4742,4736
00550079,bending,mech,8.418738659965504,4638,2454,4742,3110
00550079,torsion,grefem_eq,8.418738659965504,8779,3637,8779,7129
00550079,torsion,heuristic_eq,8.418738659965504,8779,4618,8779,8779
00550079,torsion,mech,8.418738659965504,4895,3325,8779,5046
00560053,torsion,grefem_eq,3.275201738199625,2162,246,2162,2127
00560053,torsion,heuristic_eq,3.275201738199625,2162,34,2162,2054
00560053,torsion,mech,3.275201738199625,1894,91,2162,2095
00560053,bending_compression,grefem_eq,3.275201738199625,252,0,252,0
00560053,bending_compression,heuristic_eq,3.275201738199625,252,7,252,203
00560053,bending_compression,mech,3.275201738199625,1827,26,252,181
00540016,torsion_compression,grefem_eq,3.788804258835573,2018,494,2018,1959
00540016,torsion_compression,heuristic_eq,3.788804258835573,2018,327,2018,1956
00540016,torsion_compression,mech,3.788804258835573,1556,269,2018,832
00550079,compression,grefem_eq,8.418738659965504,6657,2564,6657,6280
00550079,compression,heuristic_eq,8.418738659965504,6657,2913,6657,6657
00550079,compression,mech,8.418738659965504,4861,2534,6657,2821
00480056,torsion_compression,grefem_eq,6.451799872641506,46,0,46,0
00480056,torsion_compression,heuristic_eq,6.451799872641506,46,0,46,0
00480056,torsion_compression,mech,6.451799872641506,89,0,46,0
00490039,compression,grefem_eq,5.994764706604132,8129,1331,8129,671
00490039,compression,heuristic_eq,5.994764706604132,8129,2024,8129,2938
00490039,compression,mech,5.994764706604132,2736,865,8129,2618
00560053,torsion_compression,grefem_eq,3.275201738199625,303,7,303,7
00560053,torsion_compression,heuristic_eq,3.275201738199625,303,10,303,210
00560053,torsion_compression,mech,3.275201738199625,1878,95,303,262
00570051,compression,grefem_eq,1.0121456718648854,2162,813,2162,2152
00570051,compression,heuristic_eq,1.0121456718648854,2162,944,2162,2162
00570051,compression,mech,1.0121456718648854,815,337,2162,1322
00570051,bending,grefem_eq,1.0121456718648854,2162,588,2162,2028
00570051,bending,heuristic_eq,1.0121456718648854,2162,743,2162,2162
00570051,bending,mech,1.0121456718648854,620,123,2162,1501
00570051,torsion,grefem_eq,1.0121456718648854,2162,1063,2162,2145
00570051,torsion,heuristic_eq,1.0121456718648854,2162,1159,2162,2162
00570051,torsion,mech,1.0121456718648854,650,267,2162,266
00550079,bending_compression,grefem_eq,8.418738659965504,9006,3855,9006,8251
00550079,bending_compression,heuristic_eq,8.418738659965504,9006,4409,9006,9003
00550079,bending_compression,mech,8.418738659965504,4874,1764,9006,5124
00550079,torsion_compression,grefem_eq,8.418738659965504,8549,2891,8549,7620
00550079,torsion_compression,heuristic_eq,8.418738659965504,8549,3617,8549,8544
00550079,torsion_compression,mech,8.418738659965504,4866,1691,8549,5436
00470031,bending_compression,grefem_eq,1.4367155976142594,251,5,251,60
00470031,bending_compression,heuristic_eq,1.4367155976142594,251,18,251,148
00470031,bending_compression,mech,1.4367155976142594,3006,366,251,236
00470031,torsion_compression,grefem_eq,1.4367155976142594,723,0,723,0
00470031,torsion_compression,heuristic_eq,1.4367155976142594,723,37,723,534
00470031,torsion_compression,mech,1.4367155976142594,3048,292,723,488
00470072,torsion,grefem_eq,5.439733020878516,1789,0,1789,0
00470072,torsion,heuristic_eq,5.439733020878516,1789,0,1789,0
00470072,torsion,mech,5.439733020878516,467,0,1789,0
00470072,bending_compression,grefem_eq,5.439733020878516,1789,0,1789,0
00470072,bending_compression,heuristic_eq,5.439733020878516,1789,0,1789,0
00470072,bending_compression,mech,5.439733020878516,476,0,1789,0
00540016,torsion,grefem_eq,3.788804258835573,2138,593,2138,1939
00540016,torsion,heuristic_eq,3.788804258835573,2138,573,2138,2081
00540016,torsion,mech,3.788804258835573,1590,557,2138,1934
00540016,bending_compression,grefem_eq,3.788804258835573,2077,271,2077,1883
00540016,bending_compression,heuristic_eq,3.788804258835573,2077,177,2077,2012
00540016,bending_compression,mech,3.788804258835573,1626,128,2077,1226
00480056,torsion,grefem_eq,6.451799872641506,46,12,46,20
00480056,torsion,heuristic_eq,6.451799872641506,46,14,46,25
00480056,torsion,mech,6.451799872641506,88,35,46,7
00480056,bending_compression,grefem_eq,6.451799872641506,46,0,46,0
00480056,bending_compression,heuristic_eq,6.451799872641506,46,0,46,0
00480056,bending_compression,mech,6.451799872641506,95,0,46,0
00470088,bending_compression,grefem_eq,2.6732144969190124,233,9,233,3
00470088,bending_compression,heuristic_eq,2.6732144969190124,233,45,233,229
00470088,bending_compression,mech,2.6732144969190124,67,4,233,1
00470088,torsion_compression,grefem_eq,2.6732144969190124,233,36,233,92
00470088,torsion_compression,heuristic_eq,2.6732144969190124,233,33,233,92
00470088,torsion_compression,mech,2.6732144969190124,75,3,233,14
00470072,compression,grefem_eq,5.439733020878516,1789,0,1789,0
00470072,compression,heuristic_eq,5.439733020878516,1789,0,1789,0
00470072,compression,mech,5.439733020878516,486,0,1789,0
00470072,bending,grefem_eq,5.439733020878516,1789,0,1789,0
00470072,bending,heuristic_eq,5.439733020878516,1789,0,1789,0
00470072,bending,mech,5.439733020878516,475,0,1789,0
00570051,bending_compression,grefem_eq,1.0121456718648854,2162,4,2162,4
00570051,bending_compression,heuristic_eq,1.0121456718648854,2162,0,2162,0
00570051,bending_compression,mech,1.0121456718648854,657,0,2162,0
00570051,torsion_compression,grefem_eq,1.0121456718648854,2162,2,2162,7
00570051,torsion_compression,heuristic_eq,1.0121456718648854,2162,0,2162,0
00570051,torsion_compression,mech,1.0121456718648854,648,0,2162,0
00610020,torsion_compression,grefem_eq,0.5170264603223771,331,47,331,23
00610020,torsion_compression,heuristic_eq,0.5170264603223771,331,31,331,245
00610020,torsion_compression,mech,0.5170264603223771,1930,40,331,74
00610091,compression,grefem_eq,1.185409308430168,877,47,877,186
00610091,compression,heuristic_eq,1.185409308430168,877,106,877,302
00610091,compression,mech,1.185409308430168,326,29,877,20
00490039,bending,grefem_eq,5.994764706604132,8129,995,8129,155
00490039,bending,heuristic_eq,5.994764706604132,8129,1743,8129,4335
00490039,bending,mech,5.994764706604132,2479,479,8129,4232
00490039,torsion,grefem_eq,5.994764706604132,8129,1029,8129,705
00490039,torsion,heuristic_eq,5.994764706604132,8129,1840,8129,5044
00490039,torsion,mech,5.994764706604132,2504,1242,8129,3656
00470072,torsion_compression,grefem_eq,5.439733020878516,1789,0,1789,0
00470072,torsion_compression,heuristic_eq,5.439733020878516,1789,0,1789,0
00470072,torsion_compression,mech,5.439733020878516,451,0,1789,0
00470088,compression,grefem_eq,2.6732144969190124,233,50,233,223
00470088,compression,heuristic_eq,2.6732144969190124,233,42,233,226
00470088,compression,mech,2.6732144969190124,82,42,233,226
00470031,bending,grefem_eq,1.4367155976142594,62,0,62,0
00470031,bending,heuristic_eq,1.4367155976142594,62,2,62,10
00470031,bending,mech,1.4367155976142594,3076,9,62,34
00470031,torsion,grefem_eq,1.4367155976142594,60,0,60,0
00470031,torsion,heuristic_eq,1.4367155976142594,60,3,60,8
00470031,torsion,mech,1.4367155976142594,2961,174,60,60
00480056,compression,grefem_eq,6.451799872641506,123,54,123,115
00480056,compression,heuristic_eq,6.451799872641506,123,85,123,123
00480056,compression,mech,6.451799872641506,106,83,123,82
00480056,bending,grefem_eq,6.451799872641506,123,24,123,36
00480056,bending,heuristic_eq,6.451799872641506,123,26,123,8
00480056,bending,mech,6.451799872641506,78,39,123,8
00620020,compression,grefem_eq,4.213913429883131,2074,114,2074,799
00620020,compression,heuristic_eq,4.213913429883131,2074,85,2074,800
00620020,compression,mech,4.213913429883131,829,6,2074,1
00620020,bending,grefem_eq,4.213913429883131,2085,142,2085,525
00620020,bending,heuristic_eq,4.213913429883131,2085,71,2085,525
00620020,bending,mech,4.213913429883131,750,0,2085,0
00520092,bending,grefem_eq,6.492836220532536,1725,232,1725,162
00520092,bending,heuristic_eq,6.492836220532536,1725,421,1725,162
00520092,bending,mech,6.492836220532536,1243,674,1725,162
00520092,torsion,grefem_eq,6.492836220532536,1890,1269,1890,1462
00520092,torsion,heuristic_eq,6.492836220532536,1890,1364,1890,1463
00520092,torsion,mech,6.492836220532536,1250,959,1890,637
00490066,bending_compression,grefem_eq,2.642670352697967,5519,2971,5519,5365
00490066,bending_compression,heuristic_eq,2.642670352697967,5519,2541,5519,5511
00490066,bending_compression,mech,2.642670352697967,1888,1049,5519,1950
00490066,torsion_compression,grefem_eq,2.642670352697967,5489,1977,5489,4815
00490066,torsion_compression,heuristic_eq,2.642670352697967,5489,1565,5489,5489
00490066,torsion_compression,mech,2.642670352697967,1873,813,5489,5182
00490039,bending_compression,grefem_eq,5.994764706604132,8129,2135,8129,4252
00490039,bending_compression,heuristic_eq,5.994764706604132,8129,4164,8129,5698
00490039,bending_compression,mech,5.994764706604132,2481,973,8129,760
00490039,torsion_compression,grefem_eq,5.994764706604132,8129,567,8129,2210
00490039,torsion_compression,heuristic_eq,5.994764706604132,8129,1403,8129,3084
00490039,torsion_compression,mech,5.994764706604132,2532,104,8129,28
00520020,torsion_compression,grefem_eq,2.596683188316929,7998,1827,7998,7998
00520020,torsion_compression,heuristic_eq,2.596683188316929,7998,2583,7998,7998
00520020,torsion_compression,mech,2.596683188316929,2508,949,7998,7284
00520092,compression,grefem_eq,6.492836220532536,673,279,673,116
00520092,compression,heuristic_eq,6.492836220532536,673,242,673,116
00520092,compression,mech,6.492836220532536,2152,689,673,116
00520020,torsion,grefem_eq,2.596683188316929,4353,172,4353,2
00520020,torsion,heuristic_eq,2.596683188316929,4353,833,4353,4353
00520020,torsion,mech,2.596683188316929,2381,670,4353,4105
00520020,bending_compression,grefem_eq,2.596683188316929,244,32,244,11
00520020,bending_compression,heuristic_eq,2.596683188316929,244,46,244,137
00520020,bending_compression,mech,2.596683188316929,2576,681,244,244
00520006,bending,grefem_eq,3.4868671952757344,2217,498,2217,1990
00520006,bending,heuristic_eq,3.4868671952757344,2217,299,2217,2205
00520006,bending,mech,3.4868671952757344,2087,561,2217,2172
00520006,torsion,grefem_eq,3.4868671952757344,2944,671,2944,2937
00520006,torsion,heuristic_eq,3.4868671952757344,2944,413,2944,2944
00520006,torsion,mech,3.4868671952757344,2050,378,2944,1747
00510024,compression,grefem_eq,10.505350163790734,6681,2645,6681,4645
00510024,compression,heuristic_eq,10.505350163790734,6681,2274,6681,5749
00510024,compression,mech,10.505350163790734,2496,2048,6681,4787
00510024,bending,grefem_eq,10.505350163790734,6681,2357,6681,4059
00510024,bending,heuristic_eq,10.505350163790734,6681,2086,6681,5292
00510024,bending,mech,10.505350163790734,2531,2026,6681,4990
00490052,compression,grefem_eq,1.8971462712930376,87,27,87,79
00490052,compression,heuristic_eq,1.8971462712930376,87,5,87,10
00490052,compression,mech,1.8971462712930376,4218,88,87,77
00490052,bending,grefem_eq,1.8971462712930376,19,15,19,19
00490052,bending,heuristic_eq,1.8971462712930376,19,0,19,0
00490052,bending,mech,1.8971462712930376,3650,37,19,19
00510024,torsion,grefem_eq,10.505350163790734,6681,3545,6681,5870
00510024,torsion,heuristic_eq,10.505350163790734,6681,3248,6681,6115
00510024,torsion,mech,10.505350163790734,2529,2351,6681,3862
00510024,bending_compression,grefem_eq,10.505350163790734,6681,48,6681,2
00510024,bending_compression,heuristic_eq,10.505350163790734,6681,108,6681,991
00510024,bending_compression,mech,10.505350163790734,2507,30,6681,1
00490052,torsion_compression,grefem_eq,1.8971462712930376,457,82,457,348
00490052,torsion_compression,heuristic_eq,1.8971462712930376,457,19,457,397
00490052,torsion_compression,mech,1.8971462712930376,3663,12,457,8
00490066,compression,grefem_eq,2.642670352697967,5551,2818,5551,5420
00490066,compression,heuristic_eq,2.642670352697967,5551,2388,5551,5551
00490066,compression,mech,2.642670352697967,2086,1530,5551,5446
00610091,bending,grefem_eq,1.185409308430168,877,34,877,205
00610091,bending,heuristic_eq,1.185409308430168,877,80,877,375
00610091,bending,mech,1.185409308430168,264,58,877,222
00610091,torsion,grefem_eq,1.185409308430168,877,60,877,114
00610091,torsion,heuristic_eq,1.185409308430168,877,92,877,197
00610091,torsion,mech,1.185409308430168,261,80,877,133
00620020,torsion_compression,grefem_eq,4.213913429883131,2443,331,2443,350
00620020,torsion_compression,heuristic_eq,4.213913429883131,2443,349,2443,350
00620020,torsion_compression,mech,4.213913429883131,740,108,2443,277
00620093,compression,grefem_eq,2.122033841268209,45,4,45,41
00620093,compression,heuristic_eq,2.122033841268209,45,0,45,0
00620093,compression,mech,2.122033841268209,138,0,45,0
00520006,bending_compression,grefem_eq,3.4868671952757344,2359,1106,2359,2088
00520006,bending_compression,heuristic_eq,3.4868671952757344,2359,1046,2359,1756
00520006,bending_compression,mech,3.4868671952757344,1991,751,2359,1482
00520006,torsion_compression,grefem_eq,3.4868671952757344,3702,732,3702,2581
00520006,torsion_compression,heuristic_eq,3.4868671952757344,3702,492,3702,1679
00520006,torsion_compression,mech,3.4868671952757344,1933,449,3702,1460
00540016,compression,grefem_eq,3.788804258835573,2467,625,2467,2350
00540016,compression,heuristic_eq,3.788804258835573,2467,640,2467,2465
00540016,compression,mech,3.788804258835573,1619,533,2467,1931
00540016,bending,grefem_eq,3.788804258835573,2113,663,2113,1754
00540016,bending,heuristic_eq,3.788804258835573,2113,647,2113,2112
00540016,bending,mech,3.788804258835573,1590,657,2113,1577
00620020,torsion,grefem_eq,4.213913429883131,2443,124,2443,1500
00620020,torsion,heuristic_eq,4.213913429883131,2443,151,2443,1558
00620020,torsion,mech,4.213913429883131,782,23,2443,1139
00620020,bending_compression,grefem_eq,4.213913429883131,2443,374,2443,467
00620020,bending_compression,heuristic_eq,4.213913429883131,2443,406,2443,468
00620020,bending_compression,mech,4.213913429883131,785,176,2443,448
00640066,torsion,grefem_eq,2.82506280706541,1635,594,1635,508
00640066,torsion,heuristic_eq,2.82506280706541,1635,493,1635,1543
00640066,torsion,mech,2.82506280706541,792,469,1635,417
00640066,bending_compression,grefem_eq,2.82506280706541,1753,723,1753,1078
00640066,bending_compression,heuristic_eq,2.82506280706541,1753,1030,1753,1370
00640066,bending_compression,mech,2.82506280706541,788,364,1753,795
00490052,torsion,grefem_eq,1.8971462712930376,185,86,185,179
00490052,torsion,heuristic_eq,1.8971462712930376,185,10,185,29
00490052,torsion,mech,1.8971462712930376,3686,79,185,151
00490052,bending_compression,grefem_eq,1.8971462712930376,185,90,185,139
00490052,bending_compression,heuristic_eq,1.8971462712930376,185,10,185,52
00490052,bending_compression,mech,1.8971462712930376,3656,0,185,0
00640033,bending,grefem_eq,7.288128685645178,524,76,524,167
00640033,bending,heuristic_eq,7.288128685645178,524,151,524,523
00640033,bending,mech,7.288128685645178,1049,908,524,523
00640033,torsion,grefem_eq,7.288128685645178,524,149,524,204
00640033,torsion,heuristic_eq,7.288128685645178,524,254,524,520
00640033,torsion,mech,7.288128685645178,1111,1025,524,524
00640029,torsion_compression,grefem_eq,7.288128685645178,524,5,524,8
00640029,torsion_compression,heuristic_eq,7.288128685645178,524,12,524,69
00640029,torsion_compression,mech,7.288128685645178,1068,17,524,34
00640033,compression,grefem_eq,7.288128685645178,8,0,8,0
00640033,compression,heuristic_eq,7.288128685645178,8,0,8,0
00640033,compression,mech,7.288128685645178,1487,159,8,8
00640066,compression,grefem_eq,2.82506280706541,1616,876,1616,1335
00640066,compression,heuristic_eq,2.82506280706541,1616,618,1616,1616
00640066,compression,mech,2.82506280706541,792,484,1616,876
00640066,bending,grefem_eq,2.82506280706541,1699,908,1699,1072
00640066,bending,heuristic_eq,2.82506280706541,1699,641,1699,1699
00640066,bending,mech,2.82506280706541,801,507,1699,1199
00640066,torsion_compression,grefem_eq,2.82506280706541,1722,164,1722,1634
00640066,torsion_compression,heuristic_eq,2.82506280706541,1722,150,1722,1099
00640066,torsion_compression,mech,2.82506280706541,773,195,1722,1096
00650030,compression,grefem_eq,1.6327489940892983,2489,1103,2489,2462
00650030,compression,heuristic_eq,1.6327489940892983,2489,535,2489,2321
00650030,compression,mech,1.6327489940892983,1946,557,2489,2136
00650030,bending,grefem_eq,1.6327489940892983,1795,839,1795,1647
00650030,bending,heuristic_eq,1.6327489940892983,1795,330,1795,1467
00650030,bending,mech,1.6327489940892983,1883,561,1795,1308
00650030,torsion,grefem_eq,1.6327489940892983,2020,437,2020,2015
00650030,torsion,heuristic_eq,1.6327489940892983,2020,206,2020,2016
00650030,torsion,mech,1.6327489940892983,1917,243,2020,1558
00650065,torsion,grefem_eq,0.9343582102179756,270,24,270,70
00650065,torsion,heuristic_eq,0.9343582102179756,270,55,270,270
00650065,torsion,mech,0.9343582102179756,168,0,270,0
00650065,bending_compression,grefem_eq,0.9343582102179756,558,12,558,3
00650065,bending_compression,heuristic_eq,0.9343582102179756,558,22,558,4
00650065,bending_compression,mech,0.9343582102179756,162,0,558,0
00660027,torsion_compression,grefem_eq,3.949233692342849,672,0,672,0
00660027,torsion_compression,heuristic_eq,3.949233692342849,672,23,672,373
00660027,torsion_compression,mech,3.949233692342849,2605,40,672,140
00660049,compression,grefem_eq,0.6960899615251989,917,285,917,642
00660049,compression,heuristic_eq,0.6960899615251989,917,430,917,917
00660049,compression,mech,0.6960899615251989,289,145,917,412
00620093,bending_compression,grefem_eq,2.122033841268209,313,104,313,304
00620093,bending_compression,heuristic_eq,2.122033841268209,313,82,313,220
00620093,bending_compression,mech,2.122033841268209,121,31,313,141
00620093,torsion_compression,grefem_eq,2.122033841268209,222,47,222,197
00620093,torsion_compression,heuristic_eq,2.122033841268209,222,26,222,114
00620093,torsion_compression,mech,2.122033841268209,126,0,222,0
00610091,bending_compression,grefem_eq,1.185409308430168,877,71,877,743
00610091,bending_compression,heuristic_eq,1.185409308430168,877,122,877,236
00610091,bending_compression,mech,1.185409308430168,254,47,877,209
00610091,torsion_compression,grefem_eq,1.185409308430168,877,30,877,130
00610091,torsion_compression,heuristic_eq,1.185409308430168,877,46,877,31
00610091,torsion_compression,mech,1.185409308430168,278,34,877,17
00640029,torsion,grefem_eq,7.288128685645178,3578,634,3578,1173
00640029,torsion,heuristic_eq,7.288128685645178,3578,1991,3578,3554
00640029,torsion,mech,7.288128685645178,1099,1092,3578,3538
00640029,bending_compression,grefem_eq,7.288128685645178,2179,63,2179,173
00640029,bending_compression,heuristic_eq,7.288128685645178,2179,266,2179,721
00640029,bending_compression,mech,7.288128685645178,1096,156,2179,532
00660049,bending,grefem_eq,0.6960899615251989,445,91,445,286
00660049,bending,heuristic_eq,0.6960899615251989,445,96,445,445
00660049,bending,mech,0.6960899615251989,275,125,445,350
00660049,torsion,grefem_eq,0.6960899615251989,917,634,917,902
00660049,torsion,heuristic_eq,0.6960899615251989,917,679,917,917
00660049,torsion,mech,0.6960899615251989,279,248,917,694
00660049,bending_compression,grefem_eq,0.6960899615251989,917,188,917,875
00660049,bending_compression,heuristic_eq,0.6960899615251989,917,255,917,834
00660049,bending_compression,mech,0.6960899615251989,271,77,917,153
00660049,torsion_compression,grefem_eq,0.6960899615251989,917,140,917,869
00660049,torsion_compression,heuristic_eq,0.6960899615251989,917,162,917,796
00660049,torsion_compression,mech,0.6960899615251989,270,35,917,16
00650030,bending_compression,grefem_eq,1.6327489940892983,2498,772,2498,2498
00650030,bending_compression,heuristic_eq,1.6327489940892983,2498,501,2498,2492
00650030,bending_compression,mech,1.6327489940892983,1859,384,2498,1434
00650030,torsion_compression,grefem_eq,1.6327489940892983,2582,449,2582,2582
00650030,torsion_compression,heuristic_eq,1.6327489940892983,2582,276,2582,2323
00650030,torsion_compression,mech,1.6327489940892983,1906,238,2582,1678
00730017,torsion_compression,grefem_eq,2.0601177023855,7648,2007,7648,7648
00730017,torsion_compression,heuristic_eq,2.0601177023855,7648,1872,7648,7648
00730017,torsion_compression,mech,2.0601177023855,2132,363,7648,4968
00640029,compression,grefem_eq,7.288128685645178,2225,154,2225,745
00640029,compression,heuristic_eq,7.288128685645178,2225,1105,2225,2187
00640029,compression,mech,7.288128685645178,1458,1032,2225,2187
00640029,bending,grefem_eq,7.288128685645178,532,77,532,168
00640029,bending,heuristic_eq,7.288128685645178,532,157,532,531
00640029,bending,mech,7.288128685645178,1088,961,532,531
00620093,bending,grefem_eq,2.122033841268209,197,16,197,181
00620093,bending,heuristic_eq,2.122033841268209,197,7,197,2
00620093,bending,mech,2.122033841268209,114,0,197,0
00620093,torsion,grefem_eq,2.122033841268209,236,41,236,205
00620093,torsion,heuristic_eq,2.122033841268209,236,19,236,33
00620093,torsion,mech,2.122033841268209,124,0,236,0
00640033,bending_compression,grefem_eq,7.288128685645178,524,7,524,19
00640033,bending_compression,heuristic_eq,7.288128685645178,524,21,524,131
00640033,bending_compression,mech,7.288128685645178,1119,70,524,119
00640033,torsion_compression,grefem_eq,7.288128685645178,1769,0,1769,0
00640033,torsion_compression,heuristic_eq,7.288128685645178,1769,93,1769,287
00640033,torsion_compression,mech,7.288128685645178,1093,99,1769,172
00660027,torsion,grefem_eq,3.949233692342849,672,0,672,0
00660027,torsion,heuristic_eq,3.949233692342849,672,15,672,376
00660027,torsion,mech,3.949233692342849,2606,81,672,671
00660027,bending_compression,grefem_eq,3.949233692342849,686,0,686,0
00660027,bending_compression,heuristic_eq,3.949233692342849,686,23,686,295
00660027,bending_compression,mech,3.949233692342849,2613,29,686,149
00650065,torsion_compression,grefem_eq,0.9343582102179756,558,12,558,3
00650065,torsion_compression,heuristic_eq,0.9343582102179756,558,17,558,3
00650065,torsion_compression,mech,0.9343582102179756,162,0,558,0
00650089,compression,grefem_eq,2.0930043966827223,6478,2333,6478,6478
00650089,compression,heuristic_eq,2.0930043966827223,6478,2526,6478,6478
00650089,compression,mech,2.0930043966827223,6340,2579,6478,6478
00650089,bending,grefem_eq,2.0930043966827223,6478,2031,6478,6478
00650089,bending,heuristic_eq,2.0930043966827223,6478,2380,6478,6478
00650089,bending,mech,2.0930043966827223,1958,958,6478,6478
00650089,torsion,grefem_eq,2.0930043966827223,6478,2266,6478,6478
00650089,torsion,heuristic_eq,2.0930043966827223,6478,2643,6478,6478
00650089,torsion,mech,2.0930043966827223,2173,1598,6478,6478
00660027,compression,grefem_eq,3.949233692342849,688,0,688,0
00660027,compression,heuristic_eq,3.949233692342849,688,20,688,481
00660027,compression,mech,3.949233692342849,2707,102,688,687
00660027,bending,grefem_eq,3.949233692342849,672,6,672,1
00660027,bending,heuristic_eq,3.949233692342849,672,9,672,311
00660027,bending,mech,3.949233692342849,2578,70,672,671
00670070,bending,grefem_eq,1.0197117212825146,7211,352,7211,1706
00670070,bending,heuristic_eq,1.0197117212825146,7211,786,7211,7211
00670070,bending,mech,1.0197117212825146,2603,474,7211,5844
00670070,torsion,grefem_eq,1.0197117212825146,7211,1200,7211,7211
00670070,torsion,heuristic_eq,1.0197117212825146,7211,852,7211,7211
00670070,torsion,mech,1.0197117212825146,2293,351,7211,4250
00680060,bending_compression,grefem_eq,15.866566566102131,771,24,771,218
00680060,bending_compression,heuristic_eq,15.866566566102131,771,18,771,171
00680060,bending_compression,mech,15.866566566102131,2456,88,771,283
00680060,torsion_compression,grefem_eq,15.866566566102131,598,8,598,12
00680060,torsion_compression,heuristic_eq,15.866566566102131,598,38,598,121
00680060,torsion_compression,mech,15.866566566102131,2399,78,598,208
00670073,compression,grefem_eq,2.252739518398781,8363,5525,8363,1986
00670073,compression,heuristic_eq,2.252739518398781,8363,4689,8363,3351
00670073,compression,mech,2.252739518398781,8830,3941,8363,3580
00670073,bending,grefem_eq,2.252739518398781,8363,2698,8363,2211
00670073,bending,heuristic_eq,2.252739518398781,8363,2491,8363,3203
00670073,bending,mech,2.252739518398781,4715,2502,8363,3196
00660050,torsion_compression,grefem_eq,1.718260445249221,5435,2922,5435,5169
00660050,torsion_compression,heuristic_eq,1.718260445249221,5435,2587,5435,5435
00660050,torsion_compression,mech,1.718260445249221,1988,1152,5435,4534
00670070,compression,grefem_eq,1.0197117212825146,7211,753,7211,1976
00670070,compression,heuristic_eq,1.0197117212825146,7211,1599,7211,7211
00670070,compression,mech,1.0197117212825146,2202,604,7211,6130
00750065,torsion_compression,grefem_eq,0.9810666270349738,477,40,477,53
00750065,torsion_compression,heuristic_eq,0.9810666270349738,477,3,477,7
00750065,torsion_compression,mech,0.9810666270349738,2494,67,477,32
00650065,compression,grefem_eq,0.9343582102179756,64,0,64,0
00650065,compression,heuristic_eq,0.9343582102179756,64,6,64,26
00650065,compression,mech,0.9343582102179756,305,0,64,0
00650065,bending,grefem_eq,0.9343582102179756,64,0,64,0
00650065,bending,heuristic_eq,0.9343582102179756,64,2,64,14
00650065,bending,mech,0.9343582102179756,142,0,64,0
00660050,torsion,grefem_eq,1.718260445249221,4003,870,4003,2958
00660050,torsion,heuristic_eq,1.718260445249221,4003,1024,4003,4003
00660050,torsion,mech,1.718260445249221,1980,859,4003,3853
00660050,bending_compression,grefem_eq,1.718260445249221,3705,2148,3705,3602
00660050,bending_compression,heuristic_eq,1.718260445249221,3705,1561,3705,3705
00660050,bending_compression,mech,1.718260445249221,1988,929,3705,2714
00670073,torsion_compression,grefem_eq,2.252739518398781,7929,142,7929,880
00670073,torsion_compression,heuristic_eq,2.252739518398781,7929,116,7929,1392
00670073,torsion_compression,mech,2.252739518398781,4641,207,7929,1701
00680060,compression,grefem_eq,15.866566566102131,813,16,813,235
00680060,compression,heuristic_eq,15.866566566102131,813,18,813,128
00680060,compression,mech,15.866566566102131,2466,0,813,0
00710000,bending_compression,grefem_eq,4.345820151468958,8286,1007,8286,2783
00710000,bending_compression,heuristic_eq,4.345820151468958,8286,2250,8286,8286
00710000,bending_compression,mech,4.345820151468958,5539,1895,8286,6865
00710000,torsion_compression,grefem_eq,4.345820151468958,11176,1058,11176,10952
00710000,torsion_compression,heuristic_eq,4.345820151468958,11176,1841,11176,11176
00710000,torsion_compression,mech,4.345820151468958,5691,1090,11176,11158
00660050,compression,grefem_eq,1.718260445249221,2549,1255,2549,2060
00660050,compression,heuristic_eq,1.718260445249221,2549,711,2549,2547
00660050,compression,mech,1.718260445249221,2567,1128,2549,2523
00660050,bending,grefem_eq,1.718260445249221,5287,1425,5287,3996
00660050,bending,heuristic_eq,1.718260445249221,5287,1358,5287,5287
00660050,bending,mech,1.718260445249221,2011,1258,5287,5287
00700046,torsion_compression,grefem_eq,1.7214259882965135,832,221,832,815
00700046,torsion_compression,heuristic_eq,1.7214259882965135,832,51,832,689
00700046,torsion_compression,mech,1.7214259882965135,1215,150,832,647
00710000,compression,grefem_eq,4.345820151468958,7009,784,7009,2647
00710000,compression,heuristic_eq,4.345820151468958,7009,4589,7009,7009
00710000,compression,mech,4.345820151468958,5825,3788,7009,6976
00670073,torsion,grefem_eq,2.252739518398781,8109,4648,8109,6569
00670073,torsion,heuristic_eq,2.252739518398781,8109,3792,8109,5783
00670073,torsion,mech,2.252739518398781,4622,2782,8109,5621
00670073,bending_compression,grefem_eq,2.252739518398781,8363,3758,8363,3425
00670073,bending_compression,heuristic_eq,2.252739518398781,8363,2678,8363,4037
00670073,bending_compression,mech,2.252739518398781,4478,1134,8363,4161
00680060,bending,grefem_eq,15.866566566102131,879,38,879,416
00680060,bending,heuristic_eq,15.866566566102131,879,28,879,219
00680060,bending,mech,15.866566566102131,2517,2,879,3
00680060,torsion,grefem_eq,15.866566566102131,313,11,313,19
00680060,torsion,heuristic_eq,15.866566566102131,313,17,313,62
00680060,torsion,mech,15.866566566102131,2377,51,313,54
00750093,torsion_compression,grefem_eq,5.547662179132208,4611,718,4611,3531
00750093,torsion_compression,heuristic_eq,5.547662179132208,4611,130,4611,3284
00750093,torsion_compression,mech,5.547662179132208,1820,26,4611,1193
00760033,compression,grefem_eq,0.8154388466391431,165,14,165,83
00760033,compression,heuristic_eq,0.8154388466391431,165,4,165,134
00760033,compression,mech,0.8154388466391431,2328,16,165,106
00720096,bending_compression,grefem_eq,2.4191716378616337,4335,882,4335,2301
00720096,bending_compression,heuristic_eq,2.4191716378616337,4335,701,4335,4335
00720096,bending_compression,mech,2.4191716378616337,1812,28,4335,79
00720096,torsion_compression,grefem_eq,2.4191716378616337,6199,1218,6199,3774
00720096,torsion_compression,heuristic_eq,2.4191716378616337,6199,1381,6199,6199
00720096,torsion_compression,mech,2.4191716378616337,1832,218,6199,59
00710000,bending,grefem_eq,4.345820151468958,9878,2266,9878,5379
00710000,bending,heuristic_eq,4.345820151468958,9878,5140,9878,9878
00710000,bending,mech,4.345820151468958,5136,4727,9878,9088
00710000,torsion,grefem_eq,4.345820151468958,9219,2428,9219,5510
00710000,torsion,heuristic_eq,4.345820151468958,9219,5820,9219,9219
00710000,torsion,mech,4.345820151468958,5300,3775,9219,7777
00720020,compression,grefem_eq,8.589090512945495,2349,104,2349,208
00720020,compression,heuristic_eq,8.589090512945495,2349,453,2349,1423
00720020,compression,mech,8.589090512945495,2065,928,2349,1526
00720020,bending,grefem_eq,8.589090512945495,2532,127,2532,278
00720020,bending,heuristic_eq,8.589090512945495,2532,499,2532,1963
00720020,bending,mech,8.589090512945495,2059,778,2532,1930
00700046,compression,grefem_eq,1.7214259882965135,165,13,165,26
00700046,compression,heuristic_eq,1.7214259882965135,165,38,165,154
00700046,compression,mech,1.7214259882965135,3411,351,165,165
00700046,bending,grefem_eq,1.7214259882965135,384,111,384,253
00700046,bending,heuristic_eq,1.7214259882965135,384,69,384,204
00700046,bending,mech,1.7214259882965135,1216,299,384,342
00670070,bending_compression,grefem_eq,1.0197117212825146,7211,988,7211,2866
00670070,bending_compression,heuristic_eq,1.0197117212825146,7211,1579,7211,7211
00670070,bending_compression,mech,1.0197117212825146,2380,810,7211,7171
00670070,torsion_compression,grefem_eq,1.0197117212825146,7211,2255,7211,7211
00670070,torsion_compression,heuristic_eq,1.0197117212825146,7211,1500,7211,7211
00670070,torsion_compression,mech,1.0197117212825146,2298,651,7211,6945
00780019,bending,grefem_eq,3.3127556200624904,4995,787,4995,4462
00780019,bending,heuristic_eq,3.3127556200624904,4995,532,4995,4974
00780019,bending,mech,3.3127556200624904,3174,795,4995,4944
00730017,torsion,grefem_eq,2.0601177023855,7648,5734,7648,7648
00730017,torsion,heuristic_eq,2.0601177023855,7648,5733,7648,7648
00730017,torsion,mech,2.0601177023855,2175,1873,7648,6229
00730017,bending_compression,grefem_eq,2.0601177023855,7648,3026,7648,7648
00730017,bending_compression,heuristic_eq,2.0601177023855,7648,3231,7648,7648
00730017,bending_compression,mech,2.0601177023855,2111,938,7648,6706
00720096,bending,grefem_eq,2.4191716378616337,6199,1446,6199,5951
00720096,bending,heuristic_eq,2.4191716378616337,6199,1452,6199,6199
00720096,bending,mech,2.4191716378616337,1826,413,6199,1009
00720096,torsion,grefem_eq,2.4191716378616337,6199,1712,6199,3098
00720096,torsion,heuristic_eq,2.4191716378616337,6199,1691,6199,6190
00720096,torsion,mech,2.4191716378616337,1842,660,6199,1393
00720020,torsion,grefem_eq,8.589090512945495,2675,345,2675,1170
00720020,torsion,heuristic_eq,8.589090512945495,2675,582,2675,2089
00720020,torsion,mech,8.589090512945495,2219,801,2675,1401
00720020,bending_compression,grefem_eq,8.589090512945495,5521,1036,5521,3760
00720020,bending_compression,heuristic_eq,8.589090512945495,5521,1161,5521,4925
00720020,bending_compression,mech,8.589090512945495,2023,374,5521,3751
00650089,bending_compression,grefem_eq,2.0930043966827223,6478,1018,6478,952
00650089,bending_compression,heuristic_eq,2.0930043966827223,6478,1038,6478,478
00650089,bending_compression,mech,2.0930043966827223,1978,464,6478,478
00650089,torsion_compression,grefem_eq,2.0930043966827223,6478,1123,6478,3438
00650089,torsion_compression,heuristic_eq,2.0930043966827223,6478,1167,6478,1291
00650089,torsion_compression,mech,2.0930043966827223,2149,823,6478,1291
00770042,torsion,grefem_eq,0.7164002201155595,1557,204,1557,1195
00770042,torsion,heuristic_eq,0.7164002201155595,1557,148,1557,1505
00770042,torsion,mech,0.7164002201155595,1849,2,1557,32
00770042,bending_compression,grefem_eq,0.7164002201155595,1356,132,1356,436
00770042,bending_compression,heuristic_eq,0.7164002201155595,1356,174,1356,1165
00770042,bending_compression,mech,0.7164002201155595,1836,515,1356,911
00720006,bending_compression,grefem_eq,1.7423271032291985,5542,638,5542,5445
00720006,bending_compression,heuristic_eq,1.7423271032291985,5542,564,5542,2904
00720006,bending_compression,mech,1.7423271032291985,1689,275,5542,2977
00720006,torsion_compression,grefem_eq,1.7423271032291985,5542,715,5542,5354
00720006,torsion_compression,heuristic_eq,1.7423271032291985,5542,570,5542,2785
00720006,torsion_compression,mech,1.7423271032291985,1718,363,5542,3037
00720020,torsion_compression,grefem_eq,8.589090512945495,3298,23,3298,997
00720020,torsion_compression,heuristic_eq,8.589090512945495,3298,48,3298,2446
00720020,torsion_compression,mech,8.589090512945495,2107,53,3298,2598
00720096,compression,grefem_eq,2.4191716378616337,6199,2430,6199,4203
00720096,compression,heuristic_eq,2.4191716378616337,6199,2480,6199,6199
00720096,compression,mech,2.4191716378616337,2225,589,6199,1679
00750065,bending,grefem_eq,0.9810666270349738,4378,1240,4378,3507
00750065,bending,heuristic_eq,0.9810666270349738,4378,627,4378,763
00750065,bending,mech,0.9810666270349738,2462,822,4378,790
00750065,torsion,grefem_eq,0.9810666270349738,5114,2178,5114,4404
00750065,torsion,heuristic_eq,0.9810666270349738,5114,2270,5114,1970
00750065,torsion,mech,0.9810666270349738,2505,2042,5114,1933
00720006,bending,grefem_eq,1.7423271032291985,5542,584,5542,5263
00720006,bending,heuristic_eq,1.7423271032291985,5542,581,5542,3129
00720006,bending,mech,1.7423271032291985,1680,120,5542,2703
00720006,torsion,grefem_eq,1.7423271032291985,5542,1185,5542,5382
00720006,torsion,heuristic_eq,1.7423271032291985,5542,1187,5542,3603
00720006,torsion,mech,1.7423271032291985,1703,456,5542,3493
00700046,torsion,grefem_eq,1.7214259882965135,253,144,253,247
00700046,torsion,heuristic_eq,1.7214259882965135,253,35,253,151
00700046,torsion,mech,1.7214259882965135,1199,289,253,251
00700046,bending_compression,grefem_eq,1.7214259882965135,1677,831,1677,1621
00700046,bending_compression,heuristic_eq,1.7214259882965135,1677,181,1677,1586
00700046,bending_compression,mech,1.7214259882965135,1209,233,1677,1583
00760033,bending,grefem_eq,0.8154388466391431,51,0,51,0
00760033,bending,heuristic_eq,0.8154388466391431,51,1,51,8
00760033,bending,mech,0.8154388466391431,2203,35,51,43
00760033,torsion,grefem_eq,0.8154388466391431,183,14,183,97
00760033,torsion,heuristic_eq,0.8154388466391431,183,3,183,86
00760033,torsion,mech,0.8154388466391431,2226,55,183,183
00710003,torsion_compression,grefem_eq,1.2898716302977535,2520,86,2520,1462
00710003,torsion_compression,heuristic_eq,1.2898716302977535,2520,164,2520,2520
00710003,torsion_compression,mech,1.2898716302977535,1207,177,2520,2518
00720006,compression,grefem_eq,1.7423271032291985,5542,745,5542,5283
00720006,compression,heuristic_eq,1.7423271032291985,5542,682,5542,3189
00720006,compression,mech,1.7423271032291985,1705,114,5542,2691
00710003,torsion,grefem_eq,1.2898716302977535,2295,1025,2295,2277
00710003,torsion,heuristic_eq,1.2898716302977535,2295,766,2295,2295
00710003,torsion,mech,1.2898716302977535,1175,72,2295,35
00710003,bending_compression,grefem_eq,1.2898716302977535,2330,241,2330,657
00710003,bending_compression,heuristic_eq,1.2898716302977535,2330,196,2330,2330
00710003,bending_compression,mech,1.2898716302977535,1197,136,2330,2194
00770080,compression,grefem_eq,14.853233939926389,1073,61,1073,978
00770080,compression,heuristic_eq,14.853233939926389,1073,98,1073,985
00770080,compression,mech,14.853233939926389,355,70,1073,985
00770080,bending,grefem_eq,14.853233939926389,924,76,924,896
00770080,bending,heuristic_eq,14.853233939926389,924,81,924,897
00770080,bending,mech,14.853233939926389,309,2,924,2
00770042,torsion_compression,grefem_eq,0.7164002201155595,1356,112,1356,399
00770042,torsion_compression,heuristic_eq,0.7164002201155595,1356,160,1356,1289
00770042,torsion_compression,mech,0.7164002201155595,1840,385,1356,1224
00770059,compression,grefem_eq,4.486114541689503,9292,4065,9292,4679
00770059,compression,heuristic_eq,4.486114541689503,9292,4171,9292,8484
00770059,compression,mech,4.486114541689503,3819,1041,9292,5354
00770059,bending_compression,grefem_eq,4.486114541689503,6312,1816,6312,3489
00770059,bending_compression,heuristic_eq,4.486114541689503,6312,2440,6312,6019
00770059,bending_compression,mech,4.486114541689503,3695,1012,6312,4618
00770059,torsion_compression,grefem_eq,4.486114541689503,8463,2233,8463,4140
00770059,torsion_compression,heuristic_eq,4.486114541689503,8463,3711,8463,8130
00770059,torsion_compression,mech,4.486114541689503,3753,1123,8463,5615
00730017,compression,grefem_eq,2.0601177023855,7648,5660,7648,7647
00730017,compression,heuristic_eq,2.0601177023855,7648,5779,7648,7648
00730017,compression,mech,2.0601177023855,2212,1647,7648,5739
00730017,bending,grefem_eq,2.0601177023855,7648,4967,7648,7572
00730017,bending,heuristic_eq,2.0601177023855,7648,4696,7648,7647
00730017,bending,mech,2.0601177023855,2202,1924,7648,7443
00710003,compression,grefem_eq,1.2898716302977535,2344,1218,2344,2237
00710003,compression,heuristic_eq,1.2898716302977535,2344,618,2344,2126
00710003,compression,mech,1.2898716302977535,1212,398,2344,1653
00710003,bending,grefem_eq,1.2898716302977535,2546,894,2546,2293
00710003,bending,heuristic_eq,1.2898716302977535,2546,797,2546,1618
00710003,bending,mech,1.2898716302977535,1205,362,2546,1029
00760084,torsion_compression,grefem_eq,2.7048470766416277,2808,364,2808,1396
00760084,torsion_compression,heuristic_eq,2.7048470766416277,2808,431,2808,1394
00760084,torsion_compression,mech,2.7048470766416277,1028,167,2808,870
00770000,compression,grefem_eq,2.009563212041162,1234,241,1234,820
00770000,compression,heuristic_eq,2.009563212041162,1234,149,1234,1234
00770000,compression,mech,2.009563212041162,376,79,1234,29
00770042,compression,grefem_eq,0.7164002201155595,1356,151,1356,928
00770042,compression,heuristic_eq,0.7164002201155595,1356,116,1356,969
00770042,compression,mech,0.7164002201155595,1832,0,1356,0
00770042,bending,grefem_eq,0.7164002201155595,542,32,542,69
00770042,bending,heuristic_eq,0.7164002201155595,542,44,542,332
00770042,bending,mech,0.7164002201155595,2087,81,542,499
00750093,torsion,grefem_eq,5.547662179132208,4697,2754,4697,4696
00750093,torsion,heuristic_eq,5.547662179132208,4697,1685,4697,4696
00750093,torsion,mech,5.547662179132208,1857,1695,4697,4696
00750093,bending_compression,grefem_eq,5.547662179132208,4648,752,4648,4267
00750093,bending_compression,heuristic_eq,5.547662179132208,4648,133,4648,4110
00750093,bending_compression,mech,5.547662179132208,1883,164,4648,4111
00750093,compression,grefem_eq,5.547662179132208,4499,2041,4499,4499
00750093,compression,heuristic_eq,5.547662179132208,4499,1471,4499,4499
00750093,compression,mech,5.547662179132208,5904,1969,4499,4499
00750093,bending,grefem_eq,5.547662179132208,326,175,326,169
00750093,bending,heuristic_eq,5.547662179132208,326,86,326,326
00750093,bending,mech,5.547662179132208,1834,1525,326,326
00770059,bending,grefem_eq,4.486114541689503,12934,4416,12934,7311
00770059,bending,heuristic_eq,4.486114541689503,12934,6464,12934,11206
00770059,bending,mech,4.486114541689503,3818,1991,12934,10859
00770059,torsion,grefem_eq,4.486114541689503,8361,2731,8361,5282
00770059,torsion,heuristic_eq,4.486114541689503,8361,5154,8361,8361
00770059,torsion,mech,4.486114541689503,3886,2539,8361,7983
00760033,bending_compression,grefem_eq,0.8154388466391431,206,19,206,95
00760033,bending_compression,heuristic_eq,0.8154388466391431,206,2,206,105
00760033,bending_compression,mech,0.8154388466391431,2250,49,206,15
00760033,torsion_compression,grefem_eq,0.8154388466391431,79,8,79,76
00760033,torsion_compression,heuristic_eq,0.8154388466391431,79,1,79,20
00760033,torsion_compression,mech,0.8154388466391431,2206,36,79,29
00760084,compression,grefem_eq,2.7048470766416277,3218,1083,3218,3210
00760084,compression,heuristic_eq,2.7048470766416277,3218,1029,3218,3218
00760084,compression,mech,2.7048470766416277,1067,245,3218,897
00760084,bending,grefem_eq,2.7048470766416277,3021,1105,3021,2976
00760084,bending,heuristic_eq,2.7048470766416277,3021,999,3021,3021
00760084,bending,mech,2.7048470766416277,1043,714,3021,2933
00750000,torsion_compression,grefem_eq,1.4243677248798188,1719,0,1719,0
00750000,torsion_compression,heuristic_eq,1.4243677248798188,1719,43,1719,10
00750000,torsion_compression,mech,1.4243677248798188,728,0,1719,0
00750065,compression,grefem_eq,0.9810666270349738,394,56,394,57
00750065,compression,heuristic_eq,0.9810666270349738,394,7,394,51
00750065,compression,mech,0.9810666270349738,2389,54,394,56
00760084,torsion,grefem_eq,2.7048470766416277,3092,1528,3092,3090
00760084,torsion,heuristic_eq,2.7048470766416277,3092,1410,3092,3091
00760084,torsion,mech,2.7048470766416277,1040,614,3092,1866
00760084,bending_compression,grefem_eq,2.7048470766416277,3126,642,3126,2150
00760084,bending_compression,heuristic_eq,2.7048470766416277,3126,786,3126,2173
00760084,bending_compression,mech,2.7048470766416277,1042,138,3126,525
00750000,torsion,grefem_eq,1.4243677248798188,121,0,121,0
00750000,torsion,heuristic_eq,1.4243677248798188,121,6,121,28
00750000,torsion,mech,1.4243677248798188,763,41,121,51
00750000,bending_compression,grefem_eq,1.4243677248798188,2534,52,2534,2
00750000,bending_compression,heuristic_eq,1.4243677248798188,2534,247,2534,36
00750000,bending_compression,mech,1.4243677248798188,742,0,2534,0
00770080,torsion,grefem_eq,14.853233939926389,1073,156,1073,803
00770080,torsion,heuristic_eq,14.853233939926389,1073,173,1073,808
00770080,torsion,mech,14.853233939926389,304,0,1073,0
00770080,bending_compression,grefem_eq,14.853233939926389,1073,80,1073,720
00770080,bending_compression,heuristic_eq,14.853233939926389,1073,125,1073,738
00770080,bending_compression,mech,14.853233939926389,288,0,1073,0
00790071,bending_compression,grefem_eq,2.8127217817573835,2861,279,2861,1273
00790071,bending_compression,heuristic_eq,2.8127217817573835,2861,137,2861,2186
00790071,bending_compression,mech,2.8127217817573835,2918,226,2861,2206
00790071,torsion_compression,grefem_eq,2.8127217817573835,1907,200,1907,578
00790071,torsion_compression,heuristic_eq,2.8127217817573835,1907,64,1907,1746
00790071,torsion_compression,mech,2.8127217817573835,2876,179,1907,1779
00750000,compression,grefem_eq,1.4243677248798188,94,94,94,28
00750000,compression,heuristic_eq,1.4243677248798188,94,16,94,42
00750000,compression,mech,1.4243677248798188,1209,15,94,2
00750000,bending,grefem_eq,1.4243677248798188,1650,234,1650,265
00750000,bending,heuristic_eq,1.4243677248798188,1650,38,1650,249
00750000,bending,mech,1.4243677248798188,757,38,1650,250
00810064,compression,grefem_eq,0.98616952744521,2039,0,2039,0
00810064,compression,heuristic_eq,0.98616952744521,2039,546,2039,2039
00810064,compression,mech,0.98616952744521,2351,1904,2039,2039
00810064,bending,grefem_eq,0.98616952744521,364,0,364,0
00810064,bending,heuristic_eq,0.98616952744521,364,52,364,353
00810064,bending,mech,0.98616952744521,2262,982,364,364
00790046,torsion,grefem_eq,19.821231555371867,1770,154,1770,1468
00790046,torsion,heuristic_eq,19.821231555371867,1770,141,1770,1573
00790046,torsion,mech,19.821231555371867,3946,210,1770,528
00790046,bending_compression,grefem_eq,19.821231555371867,1214,130,1214,723
00790046,bending_compression,heuristic_eq,19.821231555371867,1214,71,1214,924
00790046,bending_compression,mech,19.821231555371867,3937,0,1214,0
00770000,bending_compression,grefem_eq,2.009563212041162,1234,374,1234,383
00770000,bending_compression,heuristic_eq,2.009563212041162,1234,368,1234,518
00770000,bending_compression,mech,2.009563212041162,367,128,1234,146
00770000,torsion_compression,grefem_eq,2.009563212041162,1234,12,1234,3
00770000,torsion_compression,heuristic_eq,2.009563212041162,1234,12,1234,212
00770000,torsion_compression,mech,2.009563212041162,374,4,1234,211
00780019,bending_compression,grefem_eq,3.3127556200624904,5071,784,5071,4319
00780019,bending_compression,heuristic_eq,3.3127556200624904,5071,635,5071,5068
00780019,bending_compression,mech,3.3127556200624904,3167,726,5071,3517
00780019,torsion_compression,grefem_eq,3.3127556200624904,4995,938,4995,4021
00780019,torsion_compression,heuristic_eq,3.3127556200624904,4995,745,4995,4989
00780019,torsion_compression,mech,3.3127556200624904,3184,715,4995,3523
00810057,torsion_compression,grefem_eq,1.621301120886942,6239,221,6239,1473
00810057,torsion_compression,heuristic_eq,1.621301120886942,6239,1220,6239,1185
00810057,torsion_compression,mech,1.621301120886942,2159,462,6239,907
00810061,compression,grefem_eq,3.154668996431272,7928,3445,7928,6851
00810061,compression,heuristic_eq,3.154668996431272,7928,3788,7928,7114
00810061,compression,mech,3.154668996431272,2603,2486,7928,6790
00790046,compression,grefem_eq,19.821231555371867,1383,220,1383,928
00790046,compression,heuristic_eq,19.821231555371867,1383,104,1383,1131
00790046,compression,mech,19.821231555371867,4150,427,1383,755
00790046,bending,grefem_eq,19.821231555371867,1005,61,1005,681
00790046,bending,heuristic_eq,19.821231555371867,1005,47,1005,830
00790046,bending,mech,19.821231555371867,3942,100,1005,214
00850096,bending,grefem_eq,2.985657676584581,4114,213,4114,1018
00850096,bending,heuristic_eq,2.985657676584581,4114,802,4114,4109
00850096,bending,mech,2.985657676584581,2858,105,4114,1597
00810061,bending,grefem_eq,3.154668996431272,7928,4112,7928,7061
00810061,bending,heuristic_eq,3.154668996431272,7928,4380,7928,7584
00810061,bending,mech,3.154668996431272,2415,2151,7928,6984
00810061,torsion,grefem_eq,3.154668996431272,7928,4922,7928,7773
00810061,torsion,heuristic_eq,3.154668996431272,7928,4790,7928,7923
00810061,torsion,mech,3.154668996431272,2460,2337,7928,6310
00790046,torsion_compression,grefem_eq,19.821231555371867,1901,220,1901,1195
00790046,torsion_compression,heuristic_eq,19.821231555371867,1901,143,1901,1657
00790046,torsion_compression,mech,19.821231555371867,3885,9,1901,1
00790071,compression,grefem_eq,2.8127217817573835,2646,189,2646,866
00790071,compression,heuristic_eq,2.8127217817573835,2646,83,2646,1888
00790071,compression,mech,2.8127217817573835,3159,235,2646,2368
00810064,torsion,grefem_eq,0.98616952744521,2506,93,2506,1296
00810064,torsion,heuristic_eq,0.98616952744521,2506,677,2506,2505
00810064,torsion,mech,0.98616952744521,2380,1996,2506,2505
00810064,bending_compression,grefem_eq,0.98616952744521,981,60,981,661
00810064,bending_compression,heuristic_eq,0.98616952744521,981,144,981,981
00810064,bending_compression,mech,0.98616952744521,2297,1150,981,981
00770080,torsion_compression,grefem_eq,14.853233939926389,893,74,893,381
00770080,torsion_compression,heuristic_eq,14.853233939926389,893,105,893,424
00770080,torsion_compression,mech,14.853233939926389,300,0,893,0
00780019,compression,grefem_eq,3.3127556200624904,1388,18,1388,64
00780019,compression,heuristic_eq,3.3127556200624904,1388,83,1388,1069
00780019,compression,mech,3.3127556200624904,3214,0,1388,0
00830028,torsion,grefem_eq,3.12769332108237,599,144,599,599
00830028,torsion,heuristic_eq,3.12769332108237,599,181,599,599
00830028,torsion,mech,3.12769332108237,152,17,599,240
00830028,bending_compression,grefem_eq,3.12769332108237,73,6,73,1
00830028,bending_compression,heuristic_eq,3.12769332108237,73,19,73,16
00830028,bending_compression,mech,3.12769332108237,146,80,73,14
00790071,bending,grefem_eq,2.8127217817573835,1582,0,1582,0
00790071,bending,heuristic_eq,2.8127217817573835,1582,46,1582,886
00790071,bending,mech,2.8127217817573835,2891,174,1582,1462
00790071,torsion,grefem_eq,2.8127217817573835,1895,178,1895,767
00790071,torsion,heuristic_eq,2.8127217817573835,1895,78,1895,1441
00790071,torsion,mech,2.8127217817573835,2901,295,1895,1524
00830004,bending,grefem_eq,4.211777733088426,5895,1409,5895,3155
00830004,bending,heuristic_eq,4.211777733088426,5895,794,5895,4036
00830004,bending,mech,4.211777733088426,1956,435,5895,3958
00830004,torsion,grefem_eq,4.211777733088426,5694,3435,5694,3265
00830004,torsion,heuristic_eq,4.211777733088426,5694,4409,5694,5546
00830004,torsion,mech,4.211777733088426,1959,1789,5694,297
00830032,bending_compression,grefem_eq,8.183111032894159,585,143,585,532
00830032,bending_compression,heuristic_eq,8.183111032894159,585,68,585,515
00830032,bending_compression,mech,8.183111032894159,1132,142,585,534
00830032,torsion_compression,grefem_eq,8.183111032894159,412,58,412,180
00830032,torsion_compression,heuristic_eq,8.183111032894159,412,8,412,99
00830032,torsion_compression,mech,8.183111032894159,705,61,412,172
00830028,torsion_compression,grefem_eq,3.12769332108237,599,17,599,5
00830028,torsion_compression,heuristic_eq,3.12769332108237,599,127,599,61
00830028,torsion_compression,mech,3.12769332108237,142,47,599,5
00830032,compression,grefem_eq,8.183111032894159,412,152,412,412
00830032,compression,heuristic_eq,8.183111032894159,412,21,412,381
00830032,compression,mech,8.183111032894159,1602,106,412,412
00850096,bending_compression,grefem_eq,2.985657676584581,4105,770,4105,2387
00850096,bending_compression,heuristic_eq,2.985657676584581,4105,823,4105,4015
00850096,bending_compression,mech,2.985657676584581,2769,864,4105,3207
00810064,torsion_compression,grefem_eq,0.98616952744521,2605,184,2605,2062
00810064,torsion_compression,heuristic_eq,0.98616952744521,2605,635,2605,2605
00810064,torsion_compression,mech,0.98616952744521,2340,1711,2605,2605
00830004,compression,grefem_eq,4.211777733088426,5577,1398,5577,2301
00830004,compression,heuristic_eq,4.211777733088426,5577,1021,5577,3723
00830004,compression,mech,4.211777733088426,6400,1149,5577,3716
00770000,bending,grefem_eq,2.009563212041162,1234,405,1234,1234
00770000,bending,heuristic_eq,2.009563212041162,1234,314,1234,1234
00770000,bending,mech,2.009563212041162,401,101,1234,536
00770000,torsion,grefem_eq,2.009563212041162,1234,333,1234,840
00770000,torsion,heuristic_eq,2.009563212041162,1234,305,1234,1219
00770000,torsion,mech,2.009563212041162,364,115,1234,377
00830004,bending_compression,grefem_eq,4.211777733088426,5585,1092,5585,331
00830004,bending_compression,heuristic_eq,4.211777733088426,5585,2421,5585,4310
00830004,bending_compression,mech,4.211777733088426,1981,1457,5585,4000
00830004,torsion_compression,grefem_eq,4.211777733088426,5679,123,5679,1179
00830004,torsion_compression,heuristic_eq,4.211777733088426,5679,586,5679,4998
00830004,torsion_compression,mech,4.211777733088426,1974,639,5679,5005
00830083,bending_compression,grefem_eq,2.7054653521561947,1794,0,1794,0
00830083,bending_compression,heuristic_eq,2.7054653521561947,1794,28,1794,8
00830083,bending_compression,mech,2.7054653521561947,500,0,1794,0
00830083,torsion_compression,grefem_eq,2.7054653521561947,1794,30,1794,6
00830083,torsion_compression,heuristic_eq,2.7054653521561947,1794,23,1794,6
00830083,torsion_compression,mech,2.7054653521561947,508,0,1794,0
00810061,bending_compression,grefem_eq,3.154668996431272,7928,1297,7928,4557
00810061,bending_compression,heuristic_eq,3.154668996431272,7928,1162,7928,4459
00810061,bending_compression,mech,3.154668996431272,2423,172,7928,63
00810061,torsion_compression,grefem_eq,3.154668996431272,7928,600,7928,4221
00810061,torsion_compression,heuristic_eq,3.154668996431272,7928,648,7928,4971
00810061,torsion_compression,mech,3.154668996431272,2407,0,7928,0
00810057,compression,grefem_eq,1.621301120886942,5810,0,5810,0
00810057,compression,heuristic_eq,1.621301120886942,5810,1162,5810,2342
00810057,compression,mech,1.621301120886942,2272,221,5810,2111
00810057,bending,grefem_eq,1.621301120886942,5810,0,5810,0
00810057,bending,heuristic_eq,1.621301120886942,5810,337,5810,1931
00810057,bending,mech,1.621301120886942,1951,152,5810,1868
00830032,bending,grefem_eq,8.183111032894159,502,214,502,502
00830032,bending,heuristic_eq,8.183111032894159,502,66,502,495
00830032,bending,mech,8.183111032894159,1291,271,502,502
00830032,torsion,grefem_eq,8.183111032894159,569,268,569,566
00830032,torsion,heuristic_eq,8.183111032894159,569,127,569,565
00830032,torsion,mech,8.183111032894159,656,203,569,284
00830083,bending,grefem_eq,2.7054653521561947,1794,70,1794,16
00830083,bending,heuristic_eq,2.7054653521561947,1794,118,1794,477
00830083,bending,mech,2.7054653521561947,510,12,1794,13
00830083,torsion,grefem_eq,2.7054653521561947,1794,84,1794,82
00830083,torsion,heuristic_eq,2.7054653521561947,1794,140,1794,1432
00830083,torsion,mech,2.7054653521561947,494,17,1794,31
00840014,torsion_compression,grefem_eq,7.781088037023939,7912,200,7912,6708
00840014,torsion_compression,heuristic_eq,7.781088037023939,7912,237,7912,7912
00840014,torsion_compression,mech,7.781088037023939,3556,10,7912,2
00840052,compression,grefem_eq,3.5530967966834157,582,0,582,0
00840052,compression,heuristic_eq,3.5530967966834157,582,125,582,482
00840052,compression,mech,3.5530967966834157,2596,454,582,582
00810057,torsion,grefem_eq,1.621301120886942,6239,239,6239,2957
00810057,torsion,heuristic_eq,1.621301120886942,6239,1698,6239,2594
00810057,torsion,mech,1.621301120886942,2034,810,6239,1795
00810057,bending_compression,grefem_eq,1.621301120886942,5810,104,5810,2
00810057,bending_compression,heuristic_eq,1.621301120886942,5810,1074,5810,1196
00810057,bending_compression,mech,1.621301120886942,2099,514,5810,1104
00840090,torsion_compression,grefem_eq,2.010985843451487,5241,343,5241,2585
00840090,torsion_compression,heuristic_eq,2.010985843451487,5241,231,5241,2506
00840090,torsion_compression,mech,2.010985843451487,2369,57,5241,209
00830028,compression,grefem_eq,3.12769332108237,73,45,73,73
00830028,compression,heuristic_eq,3.12769332108237,73,18,73,73
00830028,compression,mech,3.12769332108237,212,7,73,7
00830028,bending,grefem_eq,3.12769332108237,599,146,599,599
00830028,bending,heuristic_eq,3.12769332108237,599,184,599,599
00830028,bending,mech,3.12769332108237,157,19,599,287
00830036,torsion,grefem_eq,1.9311647803324132,3930,1360,3930,3840
00830036,torsion,heuristic_eq,1.9311647803324132,3930,936,3930,3789
00830036,torsion,mech,1.9311647803324132,3719,614,3930,692
00830036,bending_compression,grefem_eq,1.9311647803324132,5524,1474,5524,5524
00830036,bending_compression,heuristic_eq,1.9311647803324132,5524,737,5524,5427
00830036,bending_compression,mech,1.9311647803324132,3618,285,5524,1413
00830036,compression,grefem_eq,1.9311647803324132,12236,2520,12236,12212
00830036,compression,heuristic_eq,1.9311647803324132,12236,2214,12236,12197
00830036,compression,mech,1.9311647803324132,3558,733,12236,120
00830036,bending,grefem_eq,1.9311647803324132,12256,1978,12256,12256
00830036,bending,heuristic_eq,1.9311647803324132,12256,1598,12256,12227
00830036,bending,mech,1.9311647803324132,3636,0,12256,0
00840075,bending_compression,grefem_eq,3.4809115250221176,2817,564,2817,2340
00840075,bending_compression,heuristic_eq,3.4809115250221176,2817,666,2817,2613
00840075,bending_compression,mech,3.4809115250221176,860,126,2817,327
00840075,torsion_compression,grefem_eq,3.4809115250221176,2703,790,2703,2399
00840075,torsion_compression,heuristic_eq,3.4809115250221176,2703,725,2703,2585
00840075,torsion_compression,mech,3.4809115250221176,875,197,2703,608
00870089,bending_compression,grefem_eq,3.1654057753740816,204,24,204,3
00870089,bending_compression,heuristic_eq,3.1654057753740816,204,59,204,19
00870089,bending_compression,mech,3.1654057753740816,47,0,204,0
00870089,torsion_compression,grefem_eq,3.1654057753740816,204,17,204,71
00870089,torsion_compression,heuristic_eq,3.1654057753740816,204,0,204,0
00870089,torsion_compression,mech,3.1654057753740816,46,0,204,0
00840014,compression,grefem_eq,7.781088037023939,7912,964,7912,6215
00840014,compression,heuristic_eq,7.781088037023939,7912,1017,7912,7869
00840014,compression,mech,7.781088037023939,4559,200,7912,34
00840014,bending,grefem_eq,7.781088037023939,7912,1985,7912,6004
00840014,bending,heuristic_eq,7.781088037023939,7912,1839,7912,7848
00840014,bending,mech,7.781088037023939,3474,598,7912,766
00840053,torsion_compression,grefem_eq,7.189142789354302,5472,1038,5472,5472
00840053,torsion_compression,heuristic_eq,7.189142789354302,5472,842,5472,5434
00840053,torsion_compression,mech,7.189142789354302,1620,531,5472,5251
00840075,compression,grefem_eq,3.4809115250221176,2079,1041,2079,2004
00840075,compression,heuristic_eq,3.4809115250221176,2079,772,2079,2077
00840075,compression,mech,3.4809115250221176,864,336,2079,997
00840052,bending,grefem_eq,3.5530967966834157,1062,0,1062,0
00840052,bending,heuristic_eq,3.5530967966834157,1062,161,1062,1008
00840052,bending,mech,3.5530967966834157,886,172,1062,919
00840052,torsion,grefem_eq,3.5530967966834157,553,0,553,0
00840052,torsion,heuristic_eq,3.5530967966834157,553,104,553,412
00840052,torsion,mech,3.5530967966834157,920,146,553,395
00840075,bending,grefem_eq,3.4809115250221176,2456,634,2456,2413
00840075,bending,heuristic_eq,3.4809115250221176,2456,610,2456,2454
00840075,bending,mech,3.4809115250221176,887,171,2456,354
00840075,torsion,grefem_eq,3.4809115250221176,2781,1197,2781,2686
00840075,torsion,heuristic_eq,3.4809115250221176,2781,998,2781,2772
00840075,torsion,mech,3.4809115250221176,891,304,2781,1020
00840053,compression,grefem_eq,7.189142789354302,5120,470,5120,5119
00840053,compression,heuristic_eq,7.189142789354302,5120,425,5120,5120
00840053,compression,mech,7.189142789354302,5309,346,5120,5120
00840053,bending,grefem_eq,7.189142789354302,5120,4571,5120,5038
00840053,bending,heuristic_eq,7.189142789354302,5120,4418,5120,5120
00840053,bending,mech,7.189142789354302,2943,2468,5120,3124
00860073,bending,grefem_eq,1.425109315216884,4078,484,4078,889
00860073,bending,heuristic_eq,1.425109315216884,4078,859,4078,3199
00860073,bending,mech,1.425109315216884,2796,1279,4078,3156
00860073,torsion,grefem_eq,1.425109315216884,4796,736,4796,2408
00860073,torsion,heuristic_eq,1.425109315216884,4796,1566,4796,2231
00860073,torsion,mech,1.425109315216884,2849,1539,4796,1720
00860084,compression,grefem_eq,1.3387010251782734,2433,238,2433,417
00860084,compression,heuristic_eq,1.3387010251782734,2433,434,2433,67
00860084,compression,mech,1.3387010251782734,2228,526,2433,53
00860084,bending,grefem_eq,1.3387010251782734,2386,19,2386,508
00860084,bending,heuristic_eq,1.3387010251782734,2386,0,2386,0
00860084,bending,mech,1.3387010251782734,2171,0,2386,0
00870089,bending,grefem_eq,3.1654057753740816,204,3,204,119
00870089,bending,heuristic_eq,3.1654057753740816,204,68,204,204
00870089,bending,mech,3.1654057753740816,46,0,204,0
00870089,torsion,grefem_eq,3.1654057753740816,204,29,204,158
00870089,torsion,heuristic_eq,3.1654057753740816,204,94,204,204
00870089,torsion,mech,3.1654057753740816,42,0,204,0
00860073,bending_compression,grefem_eq,1.425109315216884,4420,588,4420,627
00860073,bending_compression,heuristic_eq,1.425109315216884,4420,1736,4420,3831
00860073,bending_compression,mech,1.425109315216884,2814,1654,4420,3275
00860073,torsion_compression,grefem_eq,1.425109315216884,4413,185,4413,607
00860073,torsion_compression,heuristic_eq,1.425109315216884,4413,1409,4413,3882
00860073,torsion_compression,mech,1.425109315216884,2825,1426,4413,3795
00840052,bending_compression,grefem_eq,3.5530967966834157,715,30,715,31
00840052,bending_compression,heuristic_eq,3.5530967966834157,715,28,715,474
00840052,bending_compression,mech,3.5530967966834157,889,57,715,605
00840052,torsion_compression,grefem_eq,3.5530967966834157,636,20,636,123
00840052,torsion_compression,heuristic_eq,3.5530967966834157,636,37,636,574
00840052,torsion_compression,mech,3.5530967966834157,930,105,636,498
00890079,torsion,grefem_eq,2.530995419752418,1760,556,1760,1760
00890079,torsion,heuristic_eq,2.530995419752418,1760,254,1760,1749
00890079,torsion,mech,2.530995419752418,2200,206,1760,974
00890079,bending_compression,grefem_eq,2.530995419752418,1381,380,1381,1381
00890079,bending_compression,heuristic_eq,2.530995419752418,1381,120,1381,1380
00890079,bending_compression,mech,2.530995419752418,2149,196,1381,1195
00840053,torsion,grefem_eq,7.189142789354302,4992,3019,4992,4991
00840053,torsion,heuristic_eq,7.189142789354302,4992,2413,4992,4992
00840053,torsion,mech,7.189142789354302,1669,1626,4992,4969
00840053,bending_compression,grefem_eq,7.189142789354302,5472,974,5472,5472
00840053,bending_compression,heuristic_eq,7.189142789354302,5472,783,5472,5424
00840053,bending_compression,mech,7.189142789354302,2918,271,5472,2867
00890060,bending_compression,grefem_eq,1.046334614186202,804,0,804,0
00890060,bending_compression,heuristic_eq,1.046334614186202,804,118,804,804
00890060,bending_compression,mech,1.046334614186202,2158,1096,804,804
00890060,torsion_compression,grefem_eq,1.046334614186202,1371,184,1371,1131
00890060,torsion_compression,heuristic_eq,1.046334614186202,1371,305,1371,1371
00890060,torsion_compression,mech,1.046334614186202,2126,1661,1371,1371
00830036,torsion_compression,grefem_eq,1.9311647803324132,12256,2862,12256,12201
00830036,torsion_compression,heuristic_eq,1.9311647803324132,12256,2430,12256,11883
00830036,torsion_compression,mech,1.9311647803324132,3614,524,12256,3628
00830083,compression,grefem_eq,2.7054653521561947,1794,175,1794,573
00830083,compression,heuristic_eq,2.7054653521561947,1794,169,1794,397
00830083,compression,mech,2.7054653521561947,793,84,1794,113
00890060,bending,grefem_eq,1.046334614186202,677,0,677,0
00890060,bending,heuristic_eq,1.046334614186202,677,121,677,677
00890060,bending,mech,1.046334614186202,2069,1332,677,677
00890060,torsion,grefem_eq,1.046334614186202,1291,0,1291,0
00890060,torsion,heuristic_eq,1.046334614186202,1291,343,1291,1291
00890060,torsion,mech,1.046334614186202,2150,1914,1291,1291
00880045,bending_compression,grefem_eq,3.87178162840175,6574,3170,6574,4390
00880045,bending_compression,heuristic_eq,3.87178162840175,6574,3915,6574,5851
00880045,bending_compression,mech,3.87178162840175,1903,997,6574,3070
00880045,torsion_compression,grefem_eq,3.87178162840175,6095,2141,6095,3452
00880045,torsion_compression,heuristic_eq,3.87178162840175,6095,2761,6095,5875
00880045,torsion_compression,mech,3.87178162840175,1998,849,6095,3487
00840014,torsion,grefem_eq,7.781088037023939,7925,2883,7925,5442
00840014,torsion,heuristic_eq,7.781088037023939,7925,3187,7925,7852
00840014,torsion,mech,7.781088037023939,3624,2000,7925,7160
00840014,bending_compression,grefem_eq,7.781088037023939,7925,998,7925,7351
00840014,bending_compression,heuristic_eq,7.781088037023939,7925,991,7925,7925
00840014,bending_compression,mech,7.781088037023939,3499,715,7925,459
00930010,torsion_compression,grefem_eq,2.894304271148857,7350,4177,7350,6524
00930010,torsion_compression,heuristic_eq,2.894304271148857,7350,4518,7350,7149
00930010,torsion_compression,mech,2.894304271148857,3148,1220,7350,2736
00910054,bending,grefem_eq,18.44698067811421,9636,1227,9636,9636
00910054,bending,heuristic_eq,18.44698067811421,9636,1179,9636,9636
00910054,bending,mech,18.44698067811421,2876,381,9636,6862
00890079,torsion_compression,grefem_eq,2.530995419752418,1381,448,1381,1380
00890079,torsion_compression,heuristic_eq,2.530995419752418,1381,135,1381,1381
00890079,torsion_compression,mech,2.530995419752418,2179,114,1381,524
00890084,compression,grefem_eq,2.899409992009247,12978,3066,12978,12978
00890084,compression,heuristic_eq,2.899409992009247,12978,2611,12978,12978
00890084,compression,mech,2.899409992009247,4422,1563,12978,590
00890084,bending,grefem_eq,2.899409992009247,13041,1352,13041,13041
00890084,bending,heuristic_eq,2.899409992009247,13041,1019,13041,13041
00890084,bending,mech,2.899409992009247,4518,452,13041,6377
00890084,torsion,grefem_eq,2.899409992009247,13025,4928,13025,13015
00890084,torsion,heuristic_eq,2.899409992009247,13025,4143,13025,13025
00890084,torsion,mech,2.899409992009247,4514,2342,13025,10764
00860049,compression,grefem_eq,2.136959242959916,2741,3,2741,120
00860049,compression,heuristic_eq,2.136959242959916,2741,190,2741,2741
00860049,compression,mech,2.136959242959916,1800,0,2741,0
00860049,bending,grefem_eq,2.136959242959916,2741,0,2741,0
00860049,bending,heuristic_eq,2.136959242959916,2741,171,2741,2740
00860049,bending,mech,2.136959242959916,826,0,2741,0
00880096,compression,grefem_eq,3.877990064816718,1929,1022,1929,1850
00880096,compression,heuristic_eq,3.877990064816718,1929,781,1929,1916
00880096,compression,mech,3.877990064816718,294,29,1929,446
00880096,bending,grefem_eq,3.877990064816718,879,414,879,857
00880096,bending,heuristic_eq,3.877990064816718,879,190,879,864
00880096,bending,mech,3.877990064816718,424,40,879,407
00880032,compression,grefem_eq,4.174610308044728,105,0,105,0
00880032,compression,heuristic_eq,4.174610308044728,105,0,105,0
00880032,compression,mech,4.174610308044728,1412,0,105,0
00880032,bending,grefem_eq,4.174610308044728,2,0,2,0
00880032,bending,heuristic_eq,4.174610308044728,2,0,2,0
00880032,bending,mech,4.174610308044728,817,0,2,0
00880032,torsion_compression,grefem_eq,4.174610308044728,104,0,104,0
00880032,torsion_compression,heuristic_eq,4.174610308044728,104,0,104,0
00880032,torsion_compression,mech,4.174610308044728,840,7,104,42
00880045,compression,grefem_eq,3.87178162840175,6574,2497,6574,6491
00880045,compression,heuristic_eq,3.87178162840175,6574,3083,6574,3085
00880045,compression,mech,3.87178162840175,2173,1030,6574,2696
00890084,bending_compression,grefem_eq,2.899409992009247,12726,2670,12726,12726
00890084,bending_compression,heuristic_eq,2.899409992009247,12726,1821,12726,12726
00890084,bending_compression,mech,2.899409992009247,4459,546,12726,7213
00890084,torsion_compression,grefem_eq,2.899409992009247,13099,2412,13099,13099
00890084,torsion_compression,heuristic_eq,2.899409992009247,13099,2119,13099,13099
00890084,torsion_compression,mech,2.899409992009247,4583,799,13099,7907
00910048,compression,grefem_eq,2.9726423367038857,7040,2326,7040,1356
00910048,compression,heuristic_eq,2.9726423367038857,7040,2775,7040,7040
00910048,compression,mech,2.9726423367038857,2291,1367,7040,831
00910048,bending,grefem_eq,2.9726423367038857,7040,2198,7040,5987
00910048,bending,heuristic_eq,2.9726423367038857,7040,2643,7040,7040
00910048,bending,mech,2.9726423367038857,1960,1659,7040,4433
00910017,torsion,grefem_eq,1.3166959521564428,6393,421,6393,2427
00910017,torsion,heuristic_eq,1.3166959521564428,6393,326,6393,5
00910017,torsion,mech,1.3166959521564428,2067,126,6393,5
00910017,bending_compression,grefem_eq,1.3166959521564428,6393,1575,6393,6343
00910017,bending_compression,heuristic_eq,1.3166959521564428,6393,1571,6393,5504
00910017,bending_compression,mech,1.3166959521564428,2111,1501,6393,5504
00910017,compression,grefem_eq,1.3166959521564428,2143,73,2143,368
00910017,compression,heuristic_eq,1.3166959521564428,2143,0,2143,0
00910017,compression,mech,1.3166959521564428,6094,0,2143,0
00910017,bending,grefem_eq,1.3166959521564428,5684,266,5684,2549
00910017,bending,heuristic_eq,1.3166959521564428,5684,0,5684,0
00910017,bending,mech,1.3166959521564428,2075,0,5684,0
00890079,compression,grefem_eq,2.530995419752418,292,154,292,159
00890079,compression,heuristic_eq,2.530995419752418,292,30,292,134
00890079,compression,mech,2.530995419752418,3180,3,292,3
00890079,bending,grefem_eq,2.530995419752418,1010,376,1010,1010
00890079,bending,heuristic_eq,2.530995419752418,1010,110,1010,892
00890079,bending,mech,2.530995419752418,2131,257,1010,967
00880096,torsion,grefem_eq,3.877990064816718,1968,527,1968,1953
00880096,torsion,heuristic_eq,3.877990064816718,1968,588,1968,1966
00880096,torsion,mech,3.877990064816718,289,69,1968,1586
00880096,bending_compression,grefem_eq,3.877990064816718,1165,110,1165,1164
00880096,bending_compression,heuristic_eq,3.877990064816718,1165,54,1165,1161
00880096,bending_compression,mech,3.877990064816718,298,11,1165,834
00880096,torsion_compression,grefem_eq,3.877990064816718,1991,344,1991,1920
00880096,torsion_compression,heuristic_eq,3.877990064816718,1991,251,1991,1968
00880096,torsion_compression,mech,3.877990064816718,297,26,1991,1648
00890060,compression,grefem_eq,1.046334614186202,677,0,677,0
00890060,compression,heuristic_eq,1.046334614186202,677,163,677,677
00890060,compression,mech,1.046334614186202,2116,1711,677,677
00860084,torsion_compression,grefem_eq,1.3387010251782734,3584,695,3584,1624
00860084,torsion_compression,heuristic_eq,1.3387010251782734,3584,920,3584,168
00860084,torsion_compression,mech,1.3387010251782734,2106,134,3584,14
00870089,compression,grefem_eq,3.1654057753740816,204,22,204,137
00870089,compression,heuristic_eq,3.1654057753740816,204,84,204,204
00870089,compression,mech,3.1654057753740816,49,0,204,0
00840090,compression,grefem_eq,2.010985843451487,5287,2785,5287,4412
00840090,compression,heuristic_eq,2.010985843451487,5287,2023,5287,5287
00840090,compression,mech,2.010985843451487,2706,1148,5287,5010
00840090,bending,grefem_eq,2.010985843451487,4738,2161,4738,4433
00840090,bending,heuristic_eq,2.010985843451487,4738,1502,4738,4724
00840090,bending,mech,2.010985843451487,2400,731,4738,4562
00910017,torsion_compression,grefem_eq,1.3166959521564428,6393,1246,6393,6236
00910017,torsion_compression,heuristic_eq,1.3166959521564428,6393,1408,6393,5150
00910017,torsion_compression,mech,1.3166959521564428,1995,547,6393,5150
00910047,compression,grefem_eq,1.611265122346434,5069,2066,5069,4671
00910047,compression,heuristic_eq,1.611265122346434,5069,2170,5069,4603
00910047,compression,mech,1.611265122346434,1535,1352,5069,3230
00910048,torsion_compression,grefem_eq,2.9726423367038857,7040,685,7040,4519
00910048,torsion_compression,heuristic_eq,2.9726423367038857,7040,748,7040,4434
00910048,torsion_compression,mech,2.9726423367038857,1983,308,7040,3231
00910054,compression,grefem_eq,18.44698067811421,9636,1476,9636,9636
00910054,compression,heuristic_eq,18.44698067811421,9636,1457,9636,9636
00910054,compression,mech,18.44698067811421,5842,361,9636,8324
00920017,compression,grefem_eq,3.896110172717654,7034,2496,7034,2942
00920017,compression,heuristic_eq,3.896110172717654,7034,2983,7034,2757
00920017,compression,mech,3.896110172717654,2259,1017,7034,1325
00920017,bending,grefem_eq,3.896110172717654,7034,362,7034,616
00920017,bending,heuristic_eq,3.896110172717654,7034,611,7034,18
00920017,bending,mech,3.896110172717654,2060,0,7034,0
00880032,torsion,grefem_eq,4.174610308044728,372,18,372,315
00880032,torsion,heuristic_eq,4.174610308044728,372,1,372,3
00880032,torsion,mech,4.174610308044728,804,4,372,15
00880032,bending_compression,grefem_eq,4.174610308044728,107,1,107,64
00880032,bending_compression,heuristic_eq,4.174610308044728,107,1,107,1
00880032,bending_compression,mech,4.174610308044728,815,6,107,90
00840090,torsion,grefem_eq,2.010985843451487,5161,3091,5161,4409
00840090,torsion,heuristic_eq,2.010985843451487,5161,1773,5161,5151
00840090,torsion,mech,2.010985843451487,2331,953,5161,3263
00840090,bending_compression,grefem_eq,2.010985843451487,2831,84,2831,714
00840090,bending_compression,heuristic_eq,2.010985843451487,2831,91,2831,1654
00840090,bending_compression,mech,2.010985843451487,2315,34,2831,468
00860084,torsion,grefem_eq,1.3387010251782734,3537,1118,3537,1287
00860084,torsion,heuristic_eq,1.3387010251782734,3537,1075,3537,628
00860084,torsion,mech,1.3387010251782734,2128,327,3537,129
00860084,bending_compression,grefem_eq,1.3387010251782734,3603,603,3603,835
00860084,bending_compression,heuristic_eq,1.3387010251782734,3603,793,3603,125
00860084,bending_compression,mech,1.3387010251782734,2119,72,3603,6
00880045,bending,grefem_eq,3.87178162840175,6574,2221,6574,6574
00880045,bending,heuristic_eq,3.87178162840175,6574,1822,6574,1221
00880045,bending,mech,3.87178162840175,1904,50,6574,796
00880045,torsion,grefem_eq,3.87178162840175,6574,3865,6574,6138
00880045,torsion,heuristic_eq,3.87178162840175,6574,4213,6574,5965
00880045,torsion,mech,3.87178162840175,2000,1910,6574,4472
00910054,bending_compression,grefem_eq,18.44698067811421,9636,718,9636,9636
00910054,bending_compression,heuristic_eq,18.44698067811421,9636,852,9636,9636
00910054,bending_compression,mech,18.44698067811421,2992,647,9636,9520
00910054,torsion_compression,grefem_eq,18.44698067811421,9636,606,9636,9636
00910054,torsion_compression,heuristic_eq,18.44698067811421,9636,662,9636,9636
00910054,torsion_compression,mech,18.44698067811421,2954,87,9636,3052
00930010,torsion,grefem_eq,2.894304271148857,9217,3817,9217,8262
00930010,torsion,heuristic_eq,2.894304271148857,9217,4527,9217,8968
00930010,torsion,mech,2.894304271148857,3282,1634,9217,7889
00930010,bending_compression,grefem_eq,2.894304271148857,6288,3271,6288,5862
00930010,bending_compression,heuristic_eq,2.894304271148857,6288,3778,6288,6224
00930010,bending_compression,mech,2.894304271148857,3112,1324,6288,2146
00940015,torsion,grefem_eq,2.57350182858504,7778,2642,7778,7252
00940015,torsion,heuristic_eq,2.57350182858504,7778,2720,7778,7766
00940015,torsion,mech,2.57350182858504,2534,721,7778,3551
00940015,bending_compression,grefem_eq,2.57350182858504,7236,1385,7236,4814
00940015,bending_compression,heuristic_eq,2.57350182858504,7236,1367,7236,4635
00940015,bending_compression,mech,2.57350182858504,2500,447,7236,820
00860049,torsion_compression,grefem_eq,2.136959242959916,2741,0,2741,0
00860049,torsion_compression,heuristic_eq,2.136959242959916,2741,51,2741,43
00860049,torsion_compression,mech,2.136959242959916,795,0,2741,0
00860073,compression,grefem_eq,1.425109315216884,4078,425,4078,310
00860073,compression,heuristic_eq,1.425109315216884,4078,849,4078,1580
00860073,compression,mech,1.425109315216884,2917,939,4078,1390
00920017,torsion,grefem_eq,3.896110172717654,7034,2490,7034,2942
00920017,torsion,heuristic_eq,3.896110172717654,7034,2859,7034,2571
00920017,torsion,mech,3.896110172717654,2097,842,7034,1178
00920017,bending_compression,grefem_eq,3.896110172717654,7034,1954,7034,4689
00920017,bending_compression,heuristic_eq,3.896110172717654,7034,1986,7034,1299
00920017,bending_compression,mech,3.896110172717654,2085,804,7034,315
00920017,torsion_compression,grefem_eq,3.896110172717654,7034,1722,7034,4999
00920017,torsion_compression,heuristic_eq,3.896110172717654,7034,1724,7034,2121
00920017,torsion_compression,mech,3.896110172717654,2108,655,7034,1444
00930001,compression,grefem_eq,3.447765247728064,1528,135,1528,1466
00930001,compression,heuristic_eq,3.447765247728064,1528,170,1528,1125
00930001,compression,mech,3.447765247728064,2397,87,1528,10
00860049,torsion,grefem_eq,2.136959242959916,2741,98,2741,2741
00860049,torsion,heuristic_eq,2.136959242959916,2741,190,2741,2741
00860049,torsion,mech,2.136959242959916,804,0,2741,0
00860049,bending_compression,grefem_eq,2.136959242959916,2741,0,2741,0
00860049,bending_compression,heuristic_eq,2.136959242959916,2741,53,2741,8
00860049,bending_compression,mech,2.136959242959916,843,0,2741,0
00930001,bending,grefem_eq,3.447765247728064,2321,350,2321,2265
00930001,bending,heuristic_eq,3.447765247728064,2321,339,2321,2112
00930001,bending,mech,3.447765247728064,2845,329,2321,2245
00930001,torsion,grefem_eq,3.447765247728064,3906,1689,3906,3848
00930001,torsion,heuristic_eq,3.447765247728064,3906,1252,3906,3886
00930001,torsion,mech,3.447765247728064,2884,973,3906,3666
00910047,bending,grefem_eq,1.611265122346434,5069,1764,5069,4050
00910047,bending,heuristic_eq,1.611265122346434,5069,2161,5069,4644
00910047,bending,mech,1.611265122346434,1540,445,5069,1212
00910047,torsion,grefem_eq,1.611265122346434,5069,3596,5069,4453
00910047,torsion,heuristic_eq,1.611265122346434,5069,4119,5069,4740
00910047,torsion,mech,1.611265122346434,1544,1544,5069,3220
00940015,torsion_compression,grefem_eq,2.57350182858504,8000,1369,8000,3780
00940015,torsion_compression,heuristic_eq,2.57350182858504,8000,1439,8000,4313
00940015,torsion_compression,mech,2.57350182858504,2485,344,8000,432
00940077,compression,grefem_eq,1.674784508052646,11555,2877,11555,6046
00940077,compression,heuristic_eq,1.674784508052646,11555,3246,11555,11555
00940077,compression,mech,1.674784508052646,3722,726,11555,257
00940015,compression,grefem_eq,2.57350182858504,7660,2000,7660,5965
00940015,compression,heuristic_eq,2.57350182858504,7660,2339,7660,7590
00940015,compression,mech,2.57350182858504,2628,593,7660,3122
00940015,bending,grefem_eq,2.57350182858504,7847,1444,7847,5977
00940015,bending,heuristic_eq,2.57350182858504,7847,1885,7847,7777
00940015,bending,mech,2.57350182858504,2502,742,7847,5530
00910048,torsion,grefem_eq,2.9726423367038857,7040,2478,7040,6927
00910048,torsion,heuristic_eq,2.9726423367038857,7040,2907,7040,7023
00910048,torsion,mech,2.9726423367038857,1943,1534,7040,2634
00910048,bending_compression,grefem_eq,2.9726423367038857,7040,711,7040,6081
00910048,bending_compression,heuristic_eq,2.9726423367038857,7040,834,7040,6029
00910048,bending_compression,mech,2.9726423367038857,2001,380,7040,2896
00940077,bending,grefem_eq,1.674784508052646,12127,6270,12127,11300
00940077,bending,heuristic_eq,1.674784508052646,12127,6583,12127,12127
00940077,bending,mech,1.674784508052646,3663,2058,12127,7486
00940077,torsion,grefem_eq,1.674784508052646,12127,7761,12127,11611
00940077,torsion,heuristic_eq,1.674784508052646,12127,7650,12127,12127
00940077,torsion,mech,1.674784508052646,3811,2523,12127,8813
00990098,compression,grefem_eq,3.9003896617622096,828,319,828,775
00990098,compression,heuristic_eq,3.9003896617622096,828,126,828,725
00990098,compression,mech,3.9003896617622096,4719,923,828,828
00990098,bending,grefem_eq,3.9003896617622096,914,121,914,662
00990098,bending,heuristic_eq,3.9003896617622096,914,91,914,831
00990098,bending,mech,3.9003896617622096,2169,404,914,896
00930010,compression,grefem_eq,2.894304271148857,9087,4967,9087,8563
00930010,compression,heuristic_eq,2.894304271148857,9087,5871,9087,9038
00930010,compression,mech,2.894304271148857,3205,2003,9087,6009
00930010,bending,grefem_eq,2.894304271148857,9795,1830,9795,6199
00930010,bending,heuristic_eq,2.894304271148857,9795,2011,9795,8839
00930010,bending,mech,2.894304271148857,3234,699,9795,8303
00960099,compression,grefem_eq,2.331937613505935,7575,1307,7575,7400
00960099,compression,heuristic_eq,2.331937613505935,7575,1376,7575,7405
00960099,compression,mech,2.331937613505935,2769,481,7575,790
00960099,bending,grefem_eq,2.331937613505935,7575,2024,7575,7358
00960099,bending,heuristic_eq,2.331937613505935,7575,1888,7575,7352
00960099,bending,mech,2.331937613505935,2246,439,7575,2261
00930001,bending_compression,grefem_eq,3.447765247728064,2732,371,2732,2242
00930001,bending_compression,heuristic_eq,3.447765247728064,2732,585,2732,2721
00930001,bending_compression,mech,3.447765247728064,2424,653,2732,2517
00930001,torsion_compression,grefem_eq,3.447765247728064,2710,451,2710,2233
00930001,torsion_compression,heuristic_eq,3.447765247728064,2710,668,2710,2633
00930001,torsion_compression,mech,3.447765247728064,2452,702,2710,2427
00910047,bending_compression,grefem_eq,1.611265122346434,5069,1191,5069,3066
00910047,bending_compression,heuristic_eq,1.611265122346434,5069,1270,5069,3001
00910047,bending_compression,mech,1.611265122346434,1526,132,5069,135
00910047,torsion_compression,grefem_eq,1.611265122346434,5069,503,5069,2965
00910047,torsion_compression,heuristic_eq,1.611265122346434,5069,542,5069,2949
00910047,torsion_compression,mech,1.611265122346434,1563,0,5069,0
00960099,torsion,grefem_eq,2.331937613505935,7575,2172,7575,7531
00960099,torsion,heuristic_eq,2.331937613505935,7575,2029,7575,7032
00960099,torsion,mech,2.331937613505935,2256,404,7575,4420
00960099,bending_compression,grefem_eq,2.331937613505935,7575,2466,7575,7573
00960099,bending_compression,heuristic_eq,2.331937613505935,7575,2350,7575,7572
00960099,bending_compression,mech,2.331937613505935,2275,629,7575,3596
00960099,torsion_compression,grefem_eq,2.331937613505935,7575,2353,7575,7561
00960099,torsion_compression,heuristic_eq,2.331937613505935,7575,2194,7575,7144
00960099,torsion_compression,mech,2.331937613505935,2314,669,7575,2176
00990059,compression,grefem_eq,1.5070229182477235,1542,386,1542,1418
00990059,compression,heuristic_eq,1.5070229182477235,1542,411,1542,1542
00990059,compression,mech,1.5070229182477235,383,56,1542,182
Mechanical_Parts_Mountings_SK08_SK08-SK08,bending_compression,grefem_eq,2.255915879577157,2973,705,2973,2973
Mechanical_Parts_Mountings_SK08_SK08-SK08,bending_compression,heuristic_eq,2.255915879577157,2973,763,2973,2973
Mechanical_Parts_Mountings_SK08_SK08-SK08,bending_compression,mech,2.255915879577157,836,0,2973,0
Mechanical_Parts_Mountings_SK08_SK08-SK08,torsion_compression,grefem_eq,2.255915879577157,2973,729,2973,2973
Mechanical_Parts_Mountings_SK08_SK08-SK08,torsion_compression,heuristic_eq,2.255915879577157,2973,785,2973,2973
Mechanical_Parts_Mountings_SK08_SK08-SK08,torsion_compression,mech,2.255915879577157,866,0,2973,0
00990059,bending,grefem_eq,1.5070229182477235,1460,314,1460,1370
00990059,bending,heuristic_eq,1.5070229182477235,1460,307,1460,1460
00990059,bending,mech,1.5070229182477235,373,0,1460,0
00990059,torsion,grefem_eq,1.5070229182477235,1505,269,1505,1491
00990059,torsion,heuristic_eq,1.5070229182477235,1505,254,1505,1505
00990059,torsion,mech,1.5070229182477235,376,0,1505,0
Mechanical_Parts_Mountings_SK08_SK08-SK08,bending,grefem_eq,2.255915879577157,2621,857,2621,2621
Mechanical_Parts_Mountings_SK08_SK08-SK08,bending,heuristic_eq,2.255915879577157,2621,593,2621,2621
Mechanical_Parts_Mountings_SK08_SK08-SK08,bending,mech,2.255915879577157,850,628,2621,464
Mechanical_Parts_Mountings_SK08_SK08-SK08,torsion,grefem_eq,2.255915879577157,2973,1914,2973,2841
Mechanical_Parts_Mountings_SK08_SK08-SK08,torsion,heuristic_eq,2.255915879577157,2973,1945,2973,2844
Mechanical_Parts_Mountings_SK08_SK08-SK08,torsion,mech,2.255915879577157,874,866,2973,2119
00990098,torsion,grefem_eq,3.9003896617622096,2043,289,2043,1890
00990098,torsion,heuristic_eq,3.9003896617622096,2043,415,2043,2043
00990098,torsion,mech,3.9003896617622096,1897,980,2043,2008
00990098,bending_compression,grefem_eq,3.9003896617622096,2347,163,2347,1859
00990098,bending_compression,heuristic_eq,3.9003896617622096,2347,258,2347,2251
00990098,bending_compression,mech,3.9003896617622096,2091,467,2347,2118
00990059,bending_compression,grefem_eq,1.5070229182477235,386,178,386,234
00990059,bending_compression,heuristic_eq,1.5070229182477235,386,124,386,378
00990059,bending_compression,mech,1.5070229182477235,352,132,386,231
00990059,torsion_compression,grefem_eq,1.5070229182477235,1174,366,1174,1013
00990059,torsion_compression,heuristic_eq,1.5070229182477235,1174,357,1174,1174
00990059,torsion_compression,mech,1.5070229182477235,376,93,1174,145
Mechanical_Parts_Mountings_SHF08_SHF08,torsion_compression,grefem_eq,2.0134393163047686,2438,293,2438,648
Mechanical_Parts_Mountings_SHF08_SHF08,torsion_compression,heuristic_eq,2.0134393163047686,2438,207,2438,650
Mechanical_Parts_Mountings_SHF08_SHF08,torsion_compression,mech,2.0134393163047686,971,12,2438,155
Mechanical_Parts_Mountings_SK08_SK08-SK08,compression,grefem_eq,2.255915879577157,2973,1835,2973,2963
Mechanical_Parts_Mountings_SK08_SK08-SK08,compression,heuristic_eq,2.255915879577157,2973,1887,2973,2973
Mechanical_Parts_Mountings_SK08_SK08-SK08,compression,mech,2.255915879577157,876,857,2973,1374
00940077,bending_compression,grefem_eq,1.674784508052646,12127,9291,12127,11741
00940077,bending_compression,heuristic_eq,1.674784508052646,12127,8842,12127,12127
00940077,bending_compression,mech,1.674784508052646,3657,2412,12127,3657
00940077,torsion_compression,grefem_eq,1.674784508052646,12127,7277,12127,12127
00940077,torsion_compression,heuristic_eq,1.674784508052646,12127,7250,12127,12127
00940077,torsion_compression,mech,1.674784508052646,3817,1975,12127,4183
Mechanical_Parts_Mountings_SHF08_SHF08,torsion,grefem_eq,2.0134393163047686,3202,229,3202,620
Mechanical_Parts_Mountings_SHF08_SHF08,torsion,heuristic_eq,2.0134393163047686,3202,156,3202,620
Mechanical_Parts_Mountings_SHF08_SHF08,torsion,mech,2.0134393163047686,982,153,3202,620
Mechanical_Parts_Mountings_SHF08_SHF08,bending_compression,grefem_eq,2.0134393163047686,208,0,208,0
Mechanical_Parts_Mountings_SHF08_SHF08,bending_compression,heuristic_eq,2.0134393163047686,208,0,208,0
Mechanical_Parts_Mountings_SHF08_SHF08,bending_compression,mech,2.0134393163047686,953,0,208,0
00990098,torsion_compression,grefem_eq,3.9003896617622096,1599,108,1599,1300
00990098,torsion_compression,heuristic_eq,3.9003896617622096,1599,99,1599,1483
00990098,torsion_compression,mech,3.9003896617622096,1898,256,1599,1596
Electrical_Parts_Servos_SG-90_Servo-sg90,compression,grefem_eq,2.111508874378154,569,214,569,480
Electrical_Parts_Servos_SG-90_Servo-sg90,compression,heuristic_eq,2.111508874378154,569,161,569,569
Electrical_Parts_Servos_SG-90_Servo-sg90,compression,mech,2.111508874378154,268,208,569,569
Mechanical_Parts_Mountings_SHF08_SHF08,compression,grefem_eq,2.0134393163047686,2383,0,2383,0
Mechanical_Parts_Mountings_SHF08_SHF08,compression,heuristic_eq,2.0134393163047686,2383,0,2383,0
Mechanical_Parts_Mountings_SHF08_SHF08,compression,mech,2.0134393163047686,1265,0,2383,0
Mechanical_Parts_Mountings_SHF08_SHF08,bending,grefem_eq,2.0134393163047686,3202,27,3202,2
Mechanical_Parts_Mountings_SHF08_SHF08,bending,heuristic_eq,2.0134393163047686,3202,9,3202,2
Mechanical_Parts_Mountings_SHF08_SHF08,bending,mech,2.0134393163047686,973,9,3202,2
Electrical_Parts_Servos_SG-90_Servo-sg90,bending,grefem_eq,2.111508874378154,659,90,659,399
Electrical_Parts_Servos_SG-90_Servo-sg90,bending,heuristic_eq,2.111508874378154,659,120,659,659
Electrical_Parts_Servos_SG-90_Servo-sg90,bending,mech,2.111508874378154,287,100,659,659
Electrical_Parts_Servos_SG-90_Servo-sg90,torsion,grefem_eq,2.111508874378154,736,131,736,657
Electrical_Parts_Servos_SG-90_Servo-sg90,torsion,heuristic_eq,2.111508874378154,736,180,736,735
Electrical_Parts_Servos_SG-90_Servo-sg90,torsion,mech,2.111508874378154,214,38,736,15
Electrical_Parts_Servos_SG-90_Servo-sg90,bending_compression,grefem_eq,2.111508874378154,728,185,728,316
Electrical_Parts_Servos_SG-90_Servo-sg90,bending_compression,heuristic_eq,2.111508874378154,728,291,728,320
Electrical_Parts_Servos_SG-90_Servo-sg90,bending_compression,mech,2.111508874378154,276,144,728,315
Electrical_Parts_Servos_SG-90_Servo-sg90,torsion_compression,grefem_eq,2.111508874378154,707,109,707,260
Electrical_Parts_Servos_SG-90_Servo-sg90,torsion_compression,heuristic_eq,2.111508874378154,707,142,707,261
Electrical_Parts_Servos_SG-90_Servo-sg90,torsion_compression,mech,2.111508874378154,228,43,707,9
